{
"type": "FeatureCollection",
"name": "aristas_revisar",
"crs": { "type": "name", "properties": { "name": "urn:ogc:def:crs:OGC:1.3:CRS84" } },
"features": [
{ "type": "Feature", "properties": { "edge_id": "-212877644", "fuera_tolerancia": true, "longitud_m": 5211.22916613487 }, "geometry": { "type": "LineString", "coordinates": [ [ -74.002410541906045, 4.800712671689529 ], [ -74.002505864837616, 4.80070222801564 ], [ -74.002575639617845, 4.80071282257363 ], [ -74.002800820482406, 4.800691533366686 ], [ -74.002890875584797, 4.800707313360114 ], [ -74.002988954989078, 4.800723557332432 ], [ -74.003173576290081, 4.800691173451173 ], [ -74.003389465810983, 4.800610533179587 ], [ -74.003594295734402, 4.800508439273466 ], [ -74.003750163999683, 4.800406545177634 ], [ -74.003906385154409, 4.800309988290464 ], [ -74.003992883478958, 4.800229158916977 ], [ -74.004105658564313, 4.800122226895213 ], [ -74.004213023538512, 4.800015286953596 ], [ -74.004309184052687, 4.799924612220937 ], [ -74.004405065646651, 4.799839726068408 ], [ -74.004522113473257, 4.799770880989457 ], [ -74.004607474196618, 4.799728311562812 ], [ -74.004703835658333, 4.799685577258542 ], [ -74.004874454573326, 4.799608940791996 ], [ -74.004901974238749, 4.799471763358704 ], [ -74.00497116048534, 4.799328405388422 ], [ -74.005025260367191, 4.799204563314027 ], [ -74.005057447868197, 4.799081774732037 ], [ -74.005132075275583, 4.798916896787999 ], [ -74.005213099970348, 4.798755194013371 ], [ -74.005224234823942, 4.798662405210234 ], [ -74.005229529983694, 4.798554954471197 ], [ -74.00522949541768, 4.798454279958963 ], [ -74.005250535481252, 4.798370641363469 ], [ -74.005291605217536, 4.798278438890152 ], [ -74.005351332143206, 4.798253741716459 ], [ -74.005440515896268, 4.798248444443377 ], [ -74.005530586009812, 4.798253731480142 ], [ -74.005642633887092, 4.798275060741226 ], [ -74.00576009210225, 4.798296216957748 ], [ -74.005911503920544, 4.798344829933696 ], [ -74.006021795198905, 4.798333864763891 ], [ -74.006141691234319, 4.798290440833315 ], [ -74.006228142344256, 4.79824190281463 ], [ -74.00635187105668, 4.798166916226163 ], [ -74.006459813194923, 4.798096881567738 ], [ -74.006546934934391, 4.798021027583389 ], [ -74.006601868212229, 4.797944131766437 ], [ -74.006644891290023, 4.797810413951773 ], [ -74.006771219020493, 4.797621550350885 ], [ -74.006864497391646, 4.797590570093461 ], [ -74.007020000877148, 4.797553167674939 ], [ -74.007170290047441, 4.797505084146571 ], [ -74.00730929256143, 4.797467838569362 ], [ -74.007485707210876, 4.797435803178198 ], [ -74.007635777473212, 4.797414402944422 ], [ -74.007856104039121, 4.797382250358331 ], [ -74.00808673282576, 4.797334102423016 ], [ -74.008301198212692, 4.79730212207642 ], [ -74.00844640710109, 4.797275377846354 ], [ -74.008586574553377, 4.797243108610118 ], [ -74.008684551606038, 4.797205169990331 ], [ -74.008803494130191, 4.797134969940918 ], [ -74.008911180282411, 4.797054622754461 ], [ -74.009007218477251, 4.796985565312165 ], [ -74.009097455144797, 4.796937846426051 ], [ -74.009220611085127, 4.79688456717655 ], [ -74.009332848899746, 4.796836699264762 ], [ -74.009464915374295, 4.796794558652786 ], [ -74.009559493823346, 4.796799851663993 ], [ -74.0097095927526, 4.796821054511346 ], [ -74.009838697615095, 4.796831824751398 ], [ -74.009983589648982, 4.796837190651161 ], [ -74.010134425072351, 4.796847901884727 ], [ -74.010275471046285, 4.796831643789754 ], [ -74.010393186119728, 4.796799703420865 ], [ -74.010622768818351, 4.796789091194534 ], [ -74.010900493656891, 4.796783704458749 ], [ -74.011530084964065, 4.796944628097515 ], [ -74.011650996500137, 4.796884470662251 ], [ -74.011851030506136, 4.796792859441758 ], [ -74.011989742560033, 4.796643902418595 ], [ -74.012186188943261, 4.796601673463218 ], [ -74.012374928461412, 4.796526327341281 ], [ -74.012577502329648, 4.796424046031391 ], [ -74.012874856421007, 4.796312132663606 ], [ -74.013025531514984, 4.796183363773602 ], [ -74.013292822823558, 4.796034230370283 ], [ -74.013658812866694, 4.795846615727799 ], [ -74.013976488327373, 4.795522436793568 ], [ -74.01437775920256, 4.7943734423145 ], [ -74.014563280842921, 4.794089143160707 ], [ -74.014590710933831, 4.793887019122166 ], [ -74.014504914858989, 4.793667907453165 ], [ -74.014547106748495, 4.793420758852448 ], [ -74.014663089651862, 4.793212792547845 ], [ -74.014863559376693, 4.792878946235033 ], [ -74.015089563887742, 4.792658746243871 ], [ -74.015154782119637, 4.792576798864415 ], [ -74.015320893659975, 4.792245706883257 ], [ -74.015574824144934, 4.791665270420032 ], [ -74.015588726232252, 4.791590847171686 ], [ -74.015566715562372, 4.790967500110454 ], [ -74.015544471501897, 4.790885426720615 ], [ -74.015453440445398, 4.790606879652762 ], [ -74.015446864267915, 4.790476617083772 ], [ -74.015491906043238, 4.790316760065854 ], [ -74.015662942086465, 4.789883191052716 ], [ -74.015676553010636, 4.789697057235742 ], [ -74.015772470110164, 4.789522348552653 ], [ -74.015786544142472, 4.789453714557409 ], [ -74.015765995755672, 4.789320808718612 ], [ -74.015752695919204, 4.789226356070817 ], [ -74.015781149765445, 4.789064394696806 ], [ -74.015806233537916, 4.788926127301091 ], [ -74.015917333908092, 4.788726656133997 ], [ -74.015945471066118, 4.788660032335931 ], [ -74.015937709045431, 4.788602311798917 ], [ -74.015885000277621, 4.78857509990897 ], [ -74.015780371405853, 4.788599733662156 ], [ -74.015693726221272, 4.788659127438239 ], [ -74.01565511285942, 4.788674448982315 ], [ -74.01563573372988, 4.788669717512523 ], [ -74.015627655063767, 4.788644288439717 ], [ -74.01563442129904, 4.788578628897028 ], [ -74.015724923204317, 4.788281257372653 ], [ -74.015761297073055, 4.78819257476346 ], [ -74.015920200820872, 4.788045635401707 ], [ -74.015973236546387, 4.788033319544677 ], [ -74.016047775188099, 4.788053869251706 ], [ -74.01613965376059, 4.788054905916433 ], [ -74.016202154534213, 4.788044322269601 ], [ -74.016235197419178, 4.788015062825274 ], [ -74.016242564505248, 4.787970570261615 ], [ -74.016209536398122, 4.787926381429815 ], [ -74.015856800237529, 4.787676403228893 ], [ -74.015779334369128, 4.787622110122445 ], [ -74.01575424924593, 4.787572143675177 ], [ -74.015752559298065, 4.787492813473837 ], [ -74.015758821131328, 4.787464600970702 ], [ -74.01608752952572, 4.785977655213347 ], [ -74.016136915327664, 4.785553589398774 ], [ -74.016101968533647, 4.783948530941609 ], [ -74.015973284973782, 4.783328377234342 ], [ -74.015919810955211, 4.781690005239387 ], [ -74.015823892900926, 4.781424295754684 ], [ -74.015738262323552, 4.781152631112396 ], [ -74.015739411863464, 4.780789461662053 ], [ -74.015744915666403, 4.780723709818722 ], [ -74.015772786633434, 4.780653738784403 ], [ -74.015838734761957, 4.78043837308236 ], [ -74.015967536660426, 4.780090854483211 ], [ -74.016048060985199, 4.779960083765373 ], [ -74.016060103986092, 4.779924371889522 ], [ -74.016067680770291, 4.77985916573198 ], [ -74.016009049218539, 4.779686224752496 ], [ -74.016004130113103, 4.779658177078692 ], [ -74.016006419738957, 4.779633305630037 ], [ -74.016023023946204, 4.779497287275619 ], [ -74.016010635061804, 4.779396232834267 ], [ -74.015938873566981, 4.77919930280849 ], [ -74.015903072076554, 4.779140094764623 ], [ -74.015892796595011, 4.779074501163961 ], [ -74.015904934605899, 4.778845761476221 ], [ -74.015932994373657, 4.778516912521597 ], [ -74.015945132452543, 4.778288082371305 ], [ -74.01595307403322, 4.777840619872194 ], [ -74.015996022904844, 4.777440153016951 ], [ -74.016009520854126, 4.77733253261406 ], [ -74.016001393702908, 4.777214659922313 ], [ -74.016022940687904, 4.776963501216561 ], [ -74.016006741686098, 4.776688951319973 ], [ -74.015947836537265, 4.776518271325457 ], [ -74.015953129754408, 4.776283913663738 ], [ -74.015937066508826, 4.776167115028993 ], [ -74.015990795994767, 4.775857207650125 ], [ -74.015979960726838, 4.775678274896208 ], [ -74.015918853492707, 4.77553436601809 ], [ -74.015804318572634, 4.775488703539312 ], [ -74.015692077035823, 4.775542000559714 ], [ -74.015616482085463, 4.775504353843018 ], [ -74.015646525848794, 4.77536473661949 ], [ -74.015887179807905, 4.775172868020834 ], [ -74.015952405241521, 4.775021090000573 ], [ -74.015984516430279, 4.774949134997746 ], [ -74.01604685202274, 4.774800518689849 ], [ -74.016052333397099, 4.7746870977383 ], [ -74.016022400892183, 4.774622199579481 ], [ -74.016009470443549, 4.7745215061799 ], [ -74.016045954879388, 4.774417717772087 ], [ -74.016101428652803, 4.774338831330787 ], [ -74.016180461482364, 4.774241707034926 ], [ -74.016231801904695, 4.77421609182352 ], [ -74.016283492030652, 4.774198165665384 ], [ -74.016353640574494, 4.774198085325446 ], [ -74.016486191568546, 4.774318849999851 ], [ -74.016507994501495, 4.774204186071911 ], [ -74.016542576755768, 4.774043137753947 ], [ -74.01660817106189, 4.773948707736116 ], [ -74.016671753000409, 4.773874445981082 ], [ -74.016674576308375, 4.773791323152068 ], [ -74.016641121922731, 4.773730219019729 ], [ -74.016600287421284, 4.773659697134623 ], [ -74.016522138989885, 4.773579081421815 ], [ -74.016458062855619, 4.773493872738267 ], [ -74.016372557660432, 4.773387467192471 ], [ -74.016325340183343, 4.773303820377983 ], [ -74.016301633832711, 4.773172266849827 ], [ -74.016293630192607, 4.773030876386033 ], [ -74.016272048004694, 4.772863958542212 ], [ -74.016239733762447, 4.772762061461782 ], [ -74.01620739081099, 4.772617017969138 ], [ -74.016169628828223, 4.772541706441444 ], [ -74.016124917489847, 4.772407771014898 ], [ -74.016135356905082, 4.772294990330327 ], [ -74.016156773346339, 4.772135099047754 ], [ -74.016188810258072, 4.77198851966329 ], [ -74.016213324205381, 4.771869517844136 ], [ -74.016199741288659, 4.77172043082856 ], [ -74.016175358465915, 4.77162071600763 ], [ -74.016140003523731, 4.771501357029723 ], [ -74.016063326834811, 4.771400481821952 ], [ -74.01598534355108, 4.77133072077764 ], [ -74.015910181663116, 4.771242511236429 ], [ -74.01580184441805, 4.77115063599124 ], [ -74.015697618819729, 4.77108400318315 ], [ -74.015634502824383, 4.771021228353706 ], [ -74.015576383770068, 4.770931867327946 ], [ -74.01553927007842, 4.770844616850002 ], [ -74.015507390440959, 4.770754208000523 ], [ -74.01546997383798, 4.7706264338779 ], [ -74.015446061799267, 4.770512789879211 ], [ -74.015446122573238, 4.770343551292839 ], [ -74.015467300445394, 4.770224544726108 ], [ -74.015504724378943, 4.770093983387106 ], [ -74.015548124519583, 4.769945611250859 ], [ -74.015542640384027, 4.769807842560321 ], [ -74.015539888725939, 4.769714038235048 ], [ -74.015531740736691, 4.769610728546716 ], [ -74.015488243848466, 4.769510534064524 ], [ -74.015442596685162, 4.769400748418321 ], [ -74.015394588900932, 4.769302446994309 ], [ -74.01536596643426, 4.769204173359276 ], [ -74.015383358873308, 4.769147393434036 ], [ -74.015444847915617, 4.769086244490296 ], [ -74.015569523113513, 4.769038482778328 ], [ -74.015664268550736, 4.768987331366996 ], [ -74.015782129748587, 4.768912514216535 ], [ -74.015890313483212, 4.768858668413371 ], [ -74.015977716529051, 4.768771596345451 ], [ -74.016034545146567, 4.768690631313073 ], [ -74.016115049150301, 4.768572885561144 ], [ -74.016190143147355, 4.768455222499649 ], [ -74.016276338886712, 4.768329434495624 ], [ -74.01636213318568, 4.768168911707522 ], [ -74.016507080381587, 4.767941356988485 ], [ -74.016587765702724, 4.767759389325693 ], [ -74.016652129734339, 4.767641891725736 ], [ -74.016712621189484, 4.7675212226957 ], [ -74.016815223731484, 4.767460856036056 ], [ -74.016896361691153, 4.767404348153286 ], [ -74.016999008561996, 4.767312775015629 ], [ -74.017077295697959, 4.767232021449246 ], [ -74.017142513535518, 4.76714808329895 ], [ -74.017183568051081, 4.76706365831155 ], [ -74.017237297634509, 4.7668791192555 ], [ -74.017295449268119, 4.766755190459183 ], [ -74.017383149074689, 4.766649304180218 ], [ -74.017479242321869, 4.766537640849973 ], [ -74.017550018206833, 4.76647623354324 ] ] } },
{ "type": "Feature", "properties": { "edge_id": "889085760", "fuera_tolerancia": true, "longitud_m": 5207.4265535197555 }, "geometry": { "type": "LineString", "coordinates": [ [ -74.017538226134306, 4.766462558183207 ], [ -74.017466457290638, 4.766524778152129 ], [ -74.017369460862525, 4.766637525633015 ], [ -74.017280135277545, 4.766745399565605 ], [ -74.017220355807041, 4.766872763270944 ], [ -74.017166626477305, 4.76705712141794 ], [ -74.017127199283166, 4.767138473307647 ], [ -74.0170636077399, 4.767220061987913 ], [ -74.016986584443359, 4.767299731917056 ], [ -74.016885201670135, 4.767390040510641 ], [ -74.01680550762218, 4.767445645922014 ], [ -74.016698934520733, 4.767508358692814 ], [ -74.016636092368316, 4.767633547038708 ], [ -74.01657154749266, 4.767751406192462 ], [ -74.016491223597299, 4.767932831648323 ], [ -74.016346638085096, 4.768159663252228 ], [ -74.016260844041923, 4.76832000513106 ], [ -74.016175190058775, 4.768445251186989 ], [ -74.016100096060953, 4.768562914246581 ], [ -74.016019772899838, 4.768680298441094 ], [ -74.01596384798367, 4.768759817508886 ], [ -74.015879695226772, 4.768843818808934 ], [ -74.01577331606569, 4.768896762660376 ], [ -74.015655093955885, 4.768971760199722 ], [ -74.015561972764246, 4.769022009401969 ], [ -74.015434771683474, 4.769070672028477 ], [ -74.015367503629648, 4.769137782624439 ], [ -74.015347212535346, 4.769203965567465 ], [ -74.015377628749476, 4.76930893534015 ], [ -74.015426176228388, 4.769408142074541 ], [ -74.015471643575935, 4.769517565649227 ], [ -74.015514062097807, 4.769615225885547 ], [ -74.015521854322813, 4.769715097826868 ], [ -74.015524606493756, 4.769808540338052 ], [ -74.015529914419872, 4.769943414260287 ], [ -74.015487420042291, 4.770088893178085 ], [ -74.015449634160163, 4.770220358532558 ], [ -74.015428092019718, 4.770341897276487 ], [ -74.015428026086724, 4.770514753998273 ], [ -74.015452475500481, 4.770630931468104 ], [ -74.015490251211375, 4.770759791549068 ], [ -74.015522490215631, 4.770851105450127 ], [ -74.015560502714649, 4.770940347196377 ], [ -74.015620420675191, 4.771032786224581 ], [ -74.015686237738436, 4.77109827853554 ], [ -74.015791184137669, 4.771165274193223 ], [ -74.015897360011479, 4.771255337270119 ], [ -74.015972341827194, 4.771343365647346 ], [ -74.016049964967635, 4.771412764362551 ], [ -74.016123581728408, 4.771509655227629 ], [ -74.016157859845165, 4.771625394518273 ], [ -74.016181884325462, 4.771723480660807 ], [ -74.016195112504832, 4.771868406301501 ], [ -74.016171143406481, 4.77198469529197 ], [ -74.016138925131756, 4.772131998043809 ], [ -74.016117507140791, 4.772292974766072 ], [ -74.016106520808705, 4.772409915531715 ], [ -74.016153028480048, 4.772548738028371 ], [ -74.016190250761184, 4.77262314424701 ], [ -74.0162222351113, 4.772766739968017 ], [ -74.016254370052025, 4.772867913162903 ], [ -74.016275594925972, 4.773032478700415 ], [ -74.016283778118847, 4.773174412142678 ], [ -74.016308199858045, 4.773310127562217 ], [ -74.016357575877393, 4.773397576523097 ], [ -74.016443800843476, 4.773505068545471 ], [ -74.016508417192497, 4.77359082072608 ], [ -74.016585845334788, 4.77367071177921 ], [ -74.016625420618396, 4.773739060973659 ], [ -74.016656356826772, 4.773795638817075 ], [ -74.016653910146928, 4.773867545936735 ], [ -74.016593940727446, 4.773937652000864 ], [ -74.016525636321944, 4.774035696277386 ], [ -74.016490327334651, 4.774200542603815 ], [ -74.016474520117299, 4.774283737268403 ], [ -74.016360518875445, 4.774180004464307 ], [ -74.016280452195517, 4.774180070585929 ], [ -74.016224792754016, 4.774199438310716 ], [ -74.016168940995385, 4.774227217939683 ], [ -74.016087017734293, 4.774327956233401 ], [ -74.01602973705333, 4.774409372782861 ], [ -74.015991079634546, 4.774519489824771 ], [ -74.016004901675359, 4.77462723988352 ], [ -74.016034114921425, 4.774690689753666 ], [ -74.016029005031854, 4.774796513134996 ], [ -74.015967936387156, 4.774941874928383 ], [ -74.015935825197332, 4.77501382993016 ], [ -74.015872408992564, 4.775161449678462 ], [ -74.015630310589046, 4.775354582549423 ], [ -74.015595910267621, 4.775514274215523 ], [ -74.015691868074413, 4.775562080956198 ], [ -74.015805011781126, 4.775508423416581 ], [ -74.015905128289361, 4.775548457088078 ], [ -74.015962102110635, 4.775682410141916 ], [ -74.015972583934044, 4.775856276986838 ], [ -74.015918853666633, 4.776166727083048 ], [ -74.015935095176033, 4.776284973230832 ], [ -74.01592979937341, 4.776521139959257 ], [ -74.015988883816291, 4.77669254384044 ], [ -74.016004907896814, 4.776963294434122 ], [ -74.015983360905395, 4.777214453137955 ], [ -74.015991488569412, 4.777331964015653 ], [ -74.015978173011788, 4.777438137421927 ], [ -74.015935042509668, 4.777839508549161 ], [ -74.015927100143415, 4.778287513766068 ], [ -74.015914963090822, 4.77851562028761 ], [ -74.015886903314794, 4.778844469239741 ], [ -74.015874762201136, 4.779075379807485 ], [ -74.015885751262587, 4.779146401647565 ], [ -74.015922452084212, 4.779207239147772 ], [ -74.015992956417861, 4.779400549226167 ], [ -74.016004810499822, 4.77949726112741 ], [ -74.015988569919401, 4.779631199570276 ], [ -74.015985915630253, 4.779658874556298 ], [ -74.015991550639924, 4.779690722308489 ], [ -74.016049284143989, 4.779861129298893 ], [ -74.016042437199886, 4.779920366567092 ], [ -74.016031661937049, 4.779952281212067 ], [ -74.01595131820018, 4.780082871279698 ], [ -74.015821611541512, 4.780432559460954 ], [ -74.015755843998562, 4.780647744512637 ], [ -74.015727249122392, 4.780719523577622 ], [ -74.01572137974884, 4.78078871213118 ], [ -74.015720225293052, 4.781155318808286 ], [ -74.015806753131329, 4.781430060161918 ], [ -74.015901953208783, 4.781693416823432 ], [ -74.015955248659125, 4.783330522204349 ], [ -74.016083932202065, 4.7839506759117 ], [ -74.016118883345243, 4.785552658945862 ], [ -74.016069680966368, 4.78597455413486 ], [ -74.01574124420145, 4.787460686184869 ], [ -74.015734528560884, 4.787490978466761 ], [ -74.015736389789637, 4.787576640663128 ], [ -74.01576525079129, 4.787634391548191 ], [ -74.015846500038663, 4.787691222797738 ], [ -74.016196894193399, 4.78793956947285 ], [ -74.016223442446517, 4.787975246352489 ], [ -74.016218439596017, 4.7880058124655 ], [ -74.016194063828891, 4.788027305364835 ], [ -74.016138236943448, 4.788036813165593 ], [ -74.016050325707937, 4.788035782206773 ], [ -74.015973623843024, 4.788014686667774 ], [ -74.015911568347377, 4.788029160437151 ], [ -74.015746164065803, 4.788182060380262 ], [ -74.015707980654781, 4.788275082155624 ], [ -74.015616573455119, 4.788574985073264 ], [ -74.015609258198907, 4.788646251945607 ], [ -74.015621645986116, 4.788684893437689 ], [ -74.015656348034696, 4.788693446005658 ], [ -74.015702178877561, 4.788675240332859 ], [ -74.015787741028291, 4.78861656862629 ], [ -74.015882628530576, 4.788594272651593 ], [ -74.015921101552451, 4.788614046872044 ], [ -74.015926900331166, 4.78865747292236 ], [ -74.015901115265905, 4.788718672889419 ], [ -74.015789110638934, 4.788919951823303 ], [ -74.015763481465584, 4.789061293853847 ], [ -74.015734482734516, 4.789225968048846 ], [ -74.01574813883839, 4.789323496629955 ], [ -74.015768150617831, 4.789453326275601 ], [ -74.015755347456604, 4.789515992164394 ], [ -74.01565888780074, 4.789691785506155 ], [ -74.015645094727304, 4.789879185409369 ], [ -74.015474782599043, 4.790310946387314 ], [ -74.015428653381491, 4.79047460088648 ], [ -74.015435582458878, 4.790610291175552 ], [ -74.015527151922015, 4.790890648090407 ], [ -74.015548678267223, 4.790970187747853 ], [ -74.015570694614738, 4.791589554858583 ], [ -74.015557519816369, 4.791659818290477 ], [ -74.01530449410069, 4.792238085163273 ], [ -74.015139467671148, 4.792567007818042 ], [ -74.015076236486237, 4.792646606267397 ], [ -74.014849329267264, 4.792867528581223 ], [ -74.014647413494302, 4.793203724595781 ], [ -74.014529803428957, 4.79341458306313 ], [ -74.014486337525042, 4.793669870640112 ], [ -74.014572133334397, 4.793889163216908 ], [ -74.014545978026064, 4.794082605555128 ], [ -74.014361540466041, 4.794365459010903 ], [ -74.013960813173583, 4.795512645190938 ], [ -74.013648014033834, 4.795831765763817 ], [ -74.01328436991507, 4.796018298348819 ], [ -74.01301527370012, 4.796168514583239 ], [ -74.012865501584457, 4.79629638024177 ], [ -74.012570312823939, 4.796407392202605 ], [ -74.012367558365142, 4.796509854156943 ], [ -74.012180984176524, 4.796584298875086 ], [ -74.011980388783556, 4.796627426362083 ], [ -74.011840231967639, 4.796777828548109 ], [ -74.011643265489653, 4.796868177857561 ], [ -74.011528128854593, 4.796925449141167 ], [ -74.010902503381487, 4.796765616688697 ], [ -74.010622253854791, 4.796770999769322 ], [ -74.010390326541966, 4.796781789506089 ], [ -74.01027207020509, 4.796813909997471 ], [ -74.01013409045737, 4.796829810723215 ], [ -74.009984517385448, 4.79681910132034 ], [ -74.009839805690632, 4.796813735683022 ], [ -74.009711602247478, 4.796803147657697 ], [ -74.009561323247226, 4.79678176364369 ], [ -74.009462597348957, 4.796776283711105 ], [ -74.009326561675593, 4.796819684912683 ], [ -74.00921342166555, 4.796867913328484 ], [ -74.009089724200464, 4.796921553604885 ], [ -74.008997682877194, 4.796970174405061 ], [ -74.008900561628423, 4.797039953901256 ], [ -74.00879359734131, 4.797119940320674 ], [ -74.008676640335381, 4.797188876904239 ], [ -74.008581369881782, 4.797225734012709 ], [ -74.008442825973759, 4.797257643792663 ], [ -74.008298158356482, 4.797284207902121 ], [ -74.00808351237886, 4.797316368893233 ], [ -74.007852883598446, 4.797364516828671 ], [ -74.007633278641222, 4.797396489556937 ], [ -74.007482847712197, 4.797417889266744 ], [ -74.007305350793942, 4.797450103991366 ], [ -74.007165265748654, 4.797487709807721 ], [ -74.007015156917674, 4.79753579359797 ], [ -74.006859473100874, 4.797573195753881 ], [ -74.006759699520302, 4.797606337442132 ], [ -74.00662849227281, 4.797802430204761 ], [ -74.006585649789869, 4.797935967374056 ], [ -74.006533427559674, 4.798008706283233 ], [ -74.006449013992523, 4.798082393328118 ], [ -74.006342335512826, 4.798151525291442 ], [ -74.006219148071068, 4.798226331759885 ], [ -74.006134140955595, 4.798273967347067 ], [ -74.006017853465835, 4.798316130184777 ], [ -74.005913514310009, 4.798326380395048 ], [ -74.005764445547982, 4.798278675365031 ], [ -74.005645905584245, 4.798257336667841 ], [ -74.005532775958429, 4.798235824925691 ], [ -74.00544054208325, 4.798230353831207 ], [ -74.005347210354685, 4.798235825968286 ], [ -74.005278100223592, 4.798264489413864 ], [ -74.005233412251883, 4.798364646499845 ], [ -74.005211465008259, 4.798452082808843 ], [ -74.005211496952228, 4.798554566381608 ], [ -74.005206203361411, 4.798660931683279 ], [ -74.005195615013534, 4.798749922245784 ], [ -74.005115856333347, 4.798909094171977 ], [ -74.005040324887077, 4.799075598954256 ], [ -74.005008137121663, 4.799198568440976 ], [ -74.004954760939157, 4.799320783410232 ], [ -74.004884670390894, 4.799465949124614 ], [ -74.004858603368803, 4.799596254228847 ], [ -74.0046964657448, 4.799669104024005 ], [ -74.004599743351534, 4.799712018707706 ], [ -74.004513480426581, 4.799754948630719 ], [ -74.004394447072599, 4.799825057157324 ], [ -74.004297120957347, 4.799911207546166 ], [ -74.00420041891195, 4.800002243299943 ], [ -74.004093053938661, 4.800109183239631 ], [ -74.00398045945262, 4.80021593461655 ], [ -74.003895405653154, 4.800295499752112 ], [ -74.003740447902544, 4.800391334855967 ], [ -74.003585301771523, 4.800492687285263 ], [ -74.003382276525102, 4.800593879293166 ], [ -74.003168913026443, 4.800673618721561 ], [ -74.002988801180862, 4.800705285565662 ], [ -74.002893967301503, 4.800689408148891 ], [ -74.002801568358905, 4.800673262918544 ], [ -74.002576207164466, 4.800694551863409 ], [ -74.002506252050054, 4.800683957042253 ], [ -74.002408584227979, 4.800694759101381 ] ] } },
{ "type": "Feature", "properties": { "edge_id": "405331159", "fuera_tolerancia": true, "longitud_m": 4588.6352564639919 }, "geometry": { "type": "LineString", "coordinates": [ [ -74.057911610087857, 4.682171859200892 ], [ -74.057843174718428, 4.682514953050164 ], [ -74.057788003415013, 4.682849471526428 ], [ -74.05771216901266, 4.683601321182651 ], [ -74.057505897749138, 4.684811691866357 ], [ -74.057428231903515, 4.685314787860599 ], [ -74.057078923668442, 4.687436750651083 ], [ -74.056695321008121, 4.689582636945596 ], [ -74.056539765800323, 4.69048390017567 ], [ -74.056488648037714, 4.690819509161146 ], [ -74.056440410352849, 4.69122585773499 ], [ -74.056413288334525, 4.69141631904592 ], [ -74.056256269125171, 4.692332685996765 ], [ -74.056125864639554, 4.693033263501312 ], [ -74.056031363859574, 4.693583191691106 ], [ -74.055857528620905, 4.694600483162771 ], [ -74.055783358156944, 4.695049219749889 ], [ -74.055698399294954, 4.695609382069447 ], [ -74.055628455722029, 4.695998605022158 ], [ -74.055531487018882, 4.696505654005131 ], [ -74.055337860784363, 4.697556024633734 ], [ -74.055182760388234, 4.698517168367832 ], [ -74.055116330311876, 4.698907662252076 ], [ -74.055048267317318, 4.699305571192228 ], [ -74.054937477492672, 4.699965650676546 ], [ -74.054852852758287, 4.700477057871475 ], [ -74.05475092889192, 4.701113992827281 ], [ -74.054636617957172, 4.701843988901433 ], [ -74.054435729796239, 4.703061418706347 ], [ -74.054280912259401, 4.704077287130585 ], [ -74.054114529428446, 4.705044475015218 ], [ -74.054042591625659, 4.705439574192048 ], [ -74.053806206806499, 4.706902811087622 ], [ -74.053681399364763, 4.707592087582392 ], [ -74.053497955030522, 4.708640118232613 ], [ -74.053334589394964, 4.709640415917814 ], [ -74.053002776019255, 4.711597314248278 ], [ -74.052759963024172, 4.71314204063215 ], [ -74.052630204073282, 4.71389010520647 ], [ -74.052420275028425, 4.715184406802366 ], [ -74.052121547119413, 4.716871341242505 ], [ -74.052015503616047, 4.717548611698962 ], [ -74.051877867563306, 4.71858512496292 ], [ -74.051728288692217, 4.719386258686291 ], [ -74.051671403077918, 4.719648499535592 ], [ -74.051627468319296, 4.719867882550702 ], [ -74.051580849521713, 4.72013836878031 ], [ -74.051243177334413, 4.722016288781411 ], [ -74.051186911552634, 4.722286399895593 ], [ -74.051067188829521, 4.72281060176454 ], [ -74.051006688695537, 4.723078264762029 ] ] } },
{ "type": "Feature", "properties": { "edge_id": "1033331044", "fuera_tolerancia": true, "longitud_m": 4585.0327971791185 }, "geometry": { "type": "LineString", "coordinates": [ [ -74.051186364759886, 4.723086741980708 ], [ -74.051319224898279, 4.722316159550853 ], [ -74.051364578317362, 4.722048294859561 ], [ -74.051442844740052, 4.721577675793444 ], [ -74.051490058174068, 4.721334236373724 ], [ -74.051678168237828, 4.720177397293447 ], [ -74.051738406047221, 4.719703949354228 ], [ -74.051935326539933, 4.718631063968711 ], [ -74.052001573990751, 4.718246541094426 ], [ -74.052100886255502, 4.717679797126885 ], [ -74.052316403196528, 4.716388579071684 ], [ -74.052537643724364, 4.715197321009122 ], [ -74.052752614067842, 4.713908453491386 ], [ -74.052801251134682, 4.713544710891412 ], [ -74.05289990902412, 4.712927039566943 ], [ -74.052970371111982, 4.712491505598412 ], [ -74.053042582416012, 4.712029108926458 ], [ -74.05314137097659, 4.711447619529729 ], [ -74.053305069810506, 4.710535154092232 ], [ -74.05342021753431, 4.709789782807663 ], [ -74.053528927558915, 4.709204507596018 ], [ -74.05363099732412, 4.708595795504911 ], [ -74.053790443236807, 4.707559853078787 ], [ -74.054033083152817, 4.706138414874642 ], [ -74.054159017387448, 4.705415219155804 ], [ -74.054221972205426, 4.705062621497056 ], [ -74.054389552080977, 4.704076801497266 ], [ -74.054597104841861, 4.702731387321057 ], [ -74.054743607434204, 4.701863672325213 ], [ -74.054881831639946, 4.700983644121068 ], [ -74.055072920175107, 4.699878183620791 ], [ -74.05517204523801, 4.699310623556187 ], [ -74.055300215800699, 4.698530714865963 ], [ -74.055373265690974, 4.698111555720787 ], [ -74.055462095643023, 4.697556283397791 ], [ -74.055490675136511, 4.697288304435797 ], [ -74.05555471048288, 4.696935074575828 ], [ -74.055612088297181, 4.696638369953473 ], [ -74.0557414983423, 4.696008255830773 ], [ -74.055805423314368, 4.695602742834842 ], [ -74.055824532024232, 4.695471880534415 ], [ -74.05588295174698, 4.695070520977996 ], [ -74.055920423857657, 4.694826614952462 ], [ -74.055963278271832, 4.694602797178663 ], [ -74.056114898279148, 4.693612883424907 ], [ -74.05620929741653, 4.69313857534152 ], [ -74.056338722528992, 4.692361652576316 ], [ -74.056413655807077, 4.691948375109848 ], [ -74.056511080255291, 4.691369052855197 ], [ -74.05660009075973, 4.690811518803508 ], [ -74.056699710329099, 4.690275617751929 ], [ -74.05687709062498, 4.689234088364659 ], [ -74.056984852766149, 4.688541892094491 ], [ -74.057034872612377, 4.688150561271244 ], [ -74.05713609233203, 4.687428958219641 ], [ -74.057518262563178, 4.685340055716345 ], [ -74.057620848403118, 4.684809042720609 ], [ -74.057826013168082, 4.683616942368216 ], [ -74.057900055612393, 4.682924066879227 ], [ -74.05799938630328, 4.682197304793287 ] ] } },
{ "type": "Feature", "properties": { "edge_id": "881740472", "fuera_tolerancia": true, "longitud_m": 3551.0049735398452 }, "geometry": { "type": "LineString", "coordinates": [ [ -74.029486939631155, 4.851831354816252 ], [ -74.02952475558925, 4.851556158370529 ], [ -74.029589389261034, 4.85138230866459 ], [ -74.029627951596325, 4.851152701966329 ], [ -74.029662726654919, 4.85092299936426 ], [ -74.02972085381974, 4.850632454914378 ], [ -74.029768404965779, 4.850359714649093 ], [ -74.029800697714521, 4.850100068253154 ], [ -74.029829249081544, 4.849871351666351 ], [ -74.029874490887806, 4.849573823717487 ], [ -74.02999664923118, 4.848772759540665 ], [ -74.030055841647339, 4.848367249749276 ], [ -74.030144417060072, 4.847845096716898 ], [ -74.030118707013301, 4.847725751275794 ], [ -74.03017082062118, 4.847414936388989 ], [ -74.030216884957454, 4.847109359126619 ], [ -74.030266455442444, 4.847064203349873 ], [ -74.030305499877016, 4.846812164640717 ], [ -74.030345102592221, 4.846548005913847 ], [ -74.030392876941931, 4.846244601948396 ], [ -74.030442495386708, 4.845975934872252 ], [ -74.030468853606166, 4.845830342052142 ], [ -74.030478039499101, 4.845775449767198 ], [ -74.030677955987343, 4.844573695753074 ], [ -74.030700967279344, 4.844435334404949 ], [ -74.030669545481359, 4.844337508800034 ], [ -74.030650419872202, 4.84428022412594 ], [ -74.030780074927577, 4.843405088382287 ], [ -74.030827668311986, 4.843354954705545 ], [ -74.030888356806997, 4.843290909896638 ], [ -74.031000590333804, 4.842554505198649 ], [ -74.031095850127073, 4.841959274539051 ], [ -74.031162511315344, 4.841563363122704 ], [ -74.031208983859429, 4.841286821838362 ], [ -74.031237167926804, 4.841125130731198 ], [ -74.031276444440238, 4.840899323727897 ], [ -74.031348090846961, 4.840548555839934 ], [ -74.0314234072614, 4.840089972199045 ], [ -74.031450750144216, 4.839885585640125 ], [ -74.031465307236886, 4.839794700356128 ], [ -74.031515155442037, 4.839490304033307 ], [ -74.031597457509605, 4.839128606377865 ], [ -74.031619902229181, 4.839007792139321 ], [ -74.031676602418983, 4.838704129203078 ], [ -74.031719491355503, 4.838474166390248 ], [ -74.03178627760991, 4.838052927831716 ], [ -74.031810935102229, 4.837897834721184 ], [ -74.031840325044513, 4.837712174968228 ], [ -74.031874909378033, 4.83742467158878 ], [ -74.031891333889348, 4.837288652460214 ], [ -74.031982492511361, 4.836531774365463 ], [ -74.032013699232664, 4.836273120902356 ], [ -74.032248744201169, 4.834838677358838 ], [ -74.032316237755296, 4.834426575419806 ], [ -74.032346072315988, 4.834244986628657 ], [ -74.032293148661623, 4.834175713842323 ], [ -74.032374300587549, 4.83367019251108 ], [ -74.032451160349851, 4.833584009227365 ], [ -74.03253793315946, 4.832993469197725 ], [ -74.032592531394187, 4.832644937821307 ], [ -74.032697304517825, 4.832014714130076 ], [ -74.03272912062701, 4.831834484903611 ], [ -74.032746187339669, 4.831626736646616 ], [ -74.0327361661775, 4.831253509566561 ], [ -74.032722170790393, 4.831012158601397 ], [ -74.032700731783137, 4.830296728130365 ], [ -74.032732786338258, 4.830011753600354 ], [ -74.032786335832455, 4.829766518974352 ], [ -74.032834497545707, 4.829568945861618 ], [ -74.032984662908632, 4.829040185474466 ], [ -74.033134797981006, 4.828596270730103 ], [ -74.033182881443864, 4.828390104315687 ], [ -74.033244230193972, 4.828113221824844 ], [ -74.033310035224389, 4.827809571303308 ], [ -74.033368356666429, 4.827569046941613 ], [ -74.03343820525879, 4.827339031637779 ], [ -74.033554297726923, 4.826991853872203 ], [ -74.03354860804707, 4.826870637502132 ], [ -74.033589619274522, 4.826755367132609 ], [ -74.033673908171025, 4.826643686074878 ], [ -74.033799903702501, 4.826243787663405 ], [ -74.033971444821134, 4.825646402589129 ], [ -74.0340480354607, 4.825367008867065 ], [ -74.034121427194705, 4.825245452716021 ], [ -74.034237027271601, 4.824735637760672 ], [ -74.034309114448078, 4.824197177418211 ], [ -74.034372437897275, 4.82379827504008 ], [ -74.034469646070633, 4.823541071714973 ], [ -74.034583018504563, 4.823075666298837 ], [ -74.034618286728659, 4.822876355873854 ], [ -74.034647009798078, 4.822714393630973 ], [ -74.034663466936166, 4.822554223033014 ], [ -74.034672117312354, 4.821856111558064 ], [ -74.03468076612387, 4.821158995057097 ], [ -74.034703399360879, 4.820392339291629 ] ] } },
{ "type": "Feature", "properties": { "edge_id": "-881740472", "fuera_tolerancia": true, "longitud_m": 3550.8044898336971 }, "geometry": { "type": "LineString", "coordinates": [ [ -74.034685365837319, 4.820391770954206 ], [ -74.034662732324975, 4.821158607622617 ], [ -74.034654083239772, 4.821855905027252 ], [ -74.034645434122623, 4.822553111960371 ], [ -74.034629159367867, 4.822711835552711 ], [ -74.034600527360638, 4.822873164745653 ], [ -74.034565350198037, 4.823071842120383 ], [ -74.034452340741439, 4.823535619876 ], [ -74.034354951197017, 4.823793546571332 ], [ -74.034291263983306, 4.824194619323648 ], [ -74.03421917781661, 4.8247323560313 ], [ -74.034104484563983, 4.825238554113143 ], [ -74.034031273684064, 4.825359748703444 ], [ -74.033954138681011, 4.825641493450451 ], [ -74.033782598062004, 4.826238516702617 ], [ -74.033657688940778, 4.826635341222011 ], [ -74.033573580899812, 4.826746660719206 ], [ -74.033530397088171, 4.826867897953206 ], [ -74.033536086508818, 4.826989295230285 ], [ -74.033421080197556, 4.827333580012281 ], [ -74.033350869886945, 4.827564318429513 ], [ -74.033292547415328, 4.8278055664185 ], [ -74.033226561777226, 4.828109397587419 ], [ -74.033165213277101, 4.828386099167857 ], [ -74.033117491780629, 4.828591361556692 ], [ -74.032967357468266, 4.829034733572875 ], [ -74.03281701046788, 4.829564398233921 ], [ -74.032768847981316, 4.82976251406681 ], [ -74.032714936252759, 4.830008833620523 ], [ -74.032682698268445, 4.83029597878025 ], [ -74.032704134948887, 4.831013037414944 ], [ -74.03271813058592, 4.831254207471767 ], [ -74.03272815353337, 4.831626168198092 ], [ -74.032711269725993, 4.831832107636537 ], [ -74.032679454638483, 4.832011613231554 ], [ -74.032574681243389, 4.83264201782428 ], [ -74.032520082743758, 4.832990730104913 ], [ -74.032434038747795, 4.833576024844365 ], [ -74.032357359587763, 4.83366202747598 ], [ -74.032274025010992, 4.834180571044945 ], [ -74.032326948663425, 4.834249843832447 ], [ -74.032298387562022, 4.834423655406519 ], [ -74.032230893998104, 4.834835757341696 ], [ -74.031995848481685, 4.83627056268653 ], [ -74.031964641240222, 4.836529577962223 ], [ -74.031873482599636, 4.837286456050697 ], [ -74.031857058084981, 4.837422475178133 ], [ -74.031822474258476, 4.837709616740497 ], [ -74.031793084825836, 4.837894914677046 ], [ -74.031768427329808, 4.838050007786145 ], [ -74.031701641322456, 4.838471065433454 ], [ -74.031658932985223, 4.838700847594592 ], [ -74.03160223278843, 4.839004510527859 ], [ -74.031579788580402, 4.839124962950565 ], [ -74.031497486247488, 4.839486841509424 ], [ -74.0314474569157, 4.83979178029335 ], [ -74.031432899306353, 4.839883027391136 ], [ -74.031405556675864, 4.840087233040984 ], [ -74.031330421370455, 4.840545274213759 ], [ -74.031258775213033, 4.840895861190824 ], [ -74.031219317831429, 4.841122029748409 ], [ -74.03119113376026, 4.841283720854019 ], [ -74.031144660952194, 4.841560443043035 ], [ -74.031077999754515, 4.841956354455631 ], [ -74.030982739689549, 4.842551766016991 ], [ -74.030871415873776, 4.84328256387488 ], [ -74.030814520627032, 4.843342453241387 ], [ -74.030763133993673, 4.843396742357541 ], [ -74.030632021955583, 4.844281825924875 ], [ -74.030652404336863, 4.844343092368146 ], [ -74.030682389266971, 4.844436755038691 ], [ -74.030660105552442, 4.844570775645435 ], [ -74.030460189035608, 4.845772529648223 ], [ -74.030451093573888, 4.845827241154728 ], [ -74.030424825783555, 4.845972653195513 ], [ -74.03037502672521, 4.846241500917587 ], [ -74.030327251852484, 4.84654526669469 ], [ -74.030287649130926, 4.846809425419173 ], [ -74.030249695816764, 4.847055133926003 ], [ -74.030199944981973, 4.847100289442676 ], [ -74.030152970119005, 4.847412016253664 ], [ -74.030100310809672, 4.84772608669071 ], [ -74.030126020853061, 4.847845432131864 ], [ -74.030037990863988, 4.848364510513266 ], [ -74.029978798438066, 4.848770020301035 ], [ -74.029856640075423, 4.849571084470567 ], [ -74.029811398003801, 4.849868793323904 ], [ -74.029782846114728, 4.850097871723127 ], [ -74.029750554134367, 4.850356975395374 ], [ -74.029703184107305, 4.850629173195607 ], [ -74.029644876326785, 4.850919898290586 ], [ -74.029610101004366, 4.851149781797734 ], [ -74.029571901948842, 4.851377579940585 ], [ -74.029507087405975, 4.851551791199181 ], [ -74.029469088248078, 4.851828977361969 ] ] } },
{ "type": "Feature", "properties": { "edge_id": "214847405", "fuera_tolerancia": true, "longitud_m": 2366.2865964480716 }, "geometry": { "type": "LineString", "coordinates": [ [ -74.014132891577091, 4.698239344289691 ], [ -74.014008826359259, 4.6982476714809 ], [ -74.0137244018606, 4.698236957422297 ], [ -74.01357957125586, 4.698266421329732 ], [ -74.013515144141479, 4.698306491617789 ], [ -74.013405252454078, 4.698365311930262 ], [ -74.013238983758782, 4.698381358267664 ], [ -74.01309138096282, 4.698394717378159 ], [ -74.012938620449859, 4.698485587981052 ], [ -74.012799074950138, 4.698667383229296 ], [ -74.012694453144022, 4.698889298890082 ], [ -74.012608591151562, 4.699105813873762 ], [ -74.012560134498173, 4.699200631154872 ], [ -74.012538889622078, 4.699242119302829 ], [ -74.012461130618632, 4.699274210647811 ], [ -74.012426326937188, 4.699276874945213 ], [ -74.012289445166871, 4.699231363682423 ], [ -74.012235750183365, 4.699204694204676 ], [ -74.012107102470367, 4.699201979172887 ], [ -74.011924703367768, 4.699212665518544 ], [ -74.01180401538403, 4.699255459913344 ], [ -74.011656517064168, 4.699450540248626 ], [ -74.011594756361447, 4.699581610484185 ], [ -74.011573253803363, 4.69974195434222 ], [ -74.011570619906379, 4.699883691503785 ], [ -74.011530383994682, 4.699966580446552 ], [ -74.011404309243176, 4.699993266346214 ], [ -74.011208461671558, 4.700014697365632 ], [ -74.011050246410264, 4.700073448638578 ], [ -74.01088399214288, 4.700142952443579 ], [ -74.010752556331681, 4.700263250125823 ], [ -74.01063185677009, 4.70031409462096 ], [ -74.010478949213535, 4.700380903649005 ], [ -74.01036355384386, 4.700442338696454 ], [ -74.01024827456601, 4.700549272061249 ], [ -74.01010344646194, 4.700704375203189 ], [ -74.010031024916771, 4.700787218283899 ], [ -74.009961308254248, 4.700806024032752 ], [ -74.009888880031809, 4.700765850160623 ], [ -74.009864647558373, 4.700688296973902 ], [ -74.009880750033489, 4.700330123519988 ], [ -74.009883474446383, 4.70018838656723 ], [ -74.009821819817375, 4.700116297881527 ], [ -74.009752092619308, 4.700078751003851 ], [ -74.009601931106772, 4.700116256764373 ], [ -74.009427528819799, 4.700209809268825 ], [ -74.009282716282456, 4.700290016655843 ], [ -74.009097611783574, 4.700364920401591 ], [ -74.008869582625167, 4.700383591354611 ], [ -74.008311683309614, 4.700332776767599 ], [ -74.008142743646303, 4.700324757313647 ], [ -74.008059612970698, 4.700330066195741 ], [ -74.007995192310716, 4.700429021147775 ], [ -74.007944245900106, 4.700562638989989 ], [ -74.007981756755711, 4.700685709247796 ], [ -74.007989858360204, 4.70082194385599 ], [ -74.007941553318574, 4.700872800437728 ], [ -74.007785948391742, 4.700934268193114 ], [ -74.007539256385797, 4.70101704365694 ], [ -74.007338096414927, 4.701097260742414 ], [ -74.007211961386247, 4.701102689136813 ], [ -74.007018920599108, 4.701051850505644 ], [ -74.006817807388543, 4.700971693374048 ], [ -74.006707755686023, 4.700824639950723 ], [ -74.00665148511753, 4.700706970137841 ], [ -74.006560245535411, 4.700581381011098 ], [ -74.00646639464621, 4.700517206100749 ], [ -74.006391299054542, 4.70051456632278 ], [ -74.006343009194964, 4.700554658826408 ], [ -74.006309003370419, 4.700630500837661 ], [ -74.006286664452475, 4.700680308870232 ], [ -74.006259852755008, 4.700832684815218 ], [ -74.006216843363205, 4.700963690622055 ], [ -74.006149891347434, 4.701003756484027 ], [ -74.006031907672778, 4.701046463141695 ], [ -74.005900371077857, 4.701046456381587 ], [ -74.005814565833333, 4.701030504583366 ], [ -74.005693916978927, 4.700918170067438 ], [ -74.005575850089741, 4.700701636788434 ], [ -74.005484717567782, 4.700437111137174 ], [ -74.005441746333602, 4.700223217731643 ], [ -74.005500769263918, 4.700116295475798 ], [ -74.00557044881073, 4.700060042380147 ], [ -74.00583339808874, 4.700019984839747 ], [ -74.006069420547405, 4.700022673303543 ], [ -74.006251796821516, 4.700028089248894 ], [ -74.006329548622816, 4.700001244969206 ], [ -74.006380630209193, 4.699899648040422 ], [ -74.006485192644035, 4.699784740226914 ], [ -74.006630016533478, 4.699696573570979 ], [ -74.006892864271691, 4.699664475355613 ], [ -74.007134296724715, 4.699602949124434 ], [ -74.0072307671185, 4.699536150923858 ], [ -74.007437246901546, 4.699327678207024 ], [ -74.007592923360804, 4.699215375658598 ], [ -74.007804777017483, 4.699159324700689 ], [ -74.007949592713317, 4.699140535584236 ], [ -74.008389523775165, 4.699095120729837 ], [ -74.008630884301041, 4.699084338271689 ], [ -74.008826701249546, 4.699084345396874 ], [ -74.008952828295122, 4.69908434383527 ], [ -74.009119086088546, 4.699012217327138 ], [ -74.009432894314287, 4.69889995816374 ], [ -74.00957783014195, 4.698859912259199 ], [ -74.009730549312948, 4.698862481033641 ], [ -74.009837912633742, 4.698870593472162 ], [ -74.009955862124571, 4.698851765750193 ], [ -74.010009621226615, 4.698768986581409 ], [ -74.010028355668339, 4.698589915003712 ], [ -74.010004206919419, 4.698325213390764 ], [ -74.010004181268656, 4.698215583555858 ], [ -74.01016775701757, 4.698063311001366 ], [ -74.010315427941421, 4.697937609185145 ], [ -74.010430698902312, 4.697900144094179 ], [ -74.010535294356202, 4.697761174841451 ], [ -74.010664002050035, 4.697721105616305 ], [ -74.010755205323548, 4.697680983152223 ], [ -74.010854507708501, 4.697587414054782 ], [ -74.010942957801433, 4.697453758573412 ], [ -74.011079779690419, 4.697349478665389 ], [ -74.011170952697867, 4.697330793606576 ], [ -74.011275618852224, 4.697333474733244 ], [ -74.011364128620173, 4.697285388428945 ], [ -74.011420385638132, 4.697221155631605 ], [ -74.011385601093153, 4.697146301130301 ], [ -74.011286254273202, 4.697079495918634 ], [ -74.011165600751866, 4.697034098001122 ], [ -74.010999329148376, 4.6969245037233 ], [ -74.01090282975656, 4.696884386338043 ], [ -74.010787382717268, 4.696855006048573 ], [ -74.010707013653473, 4.696820157833842 ], [ -74.010580909514303, 4.696804149535255 ], [ -74.010497681785751, 4.696750663792632 ], [ -74.010462908709513, 4.696667758911692 ], [ -74.010409169360358, 4.696544846606571 ], [ -74.010374411842804, 4.696323004950202 ], [ -74.010385069206762, 4.696245501299518 ] ] } },
{ "type": "Feature", "properties": { "edge_id": "-212860741#0", "fuera_tolerancia": true, "longitud_m": 2109.3212952630574 }, "geometry": { "type": "LineString", "coordinates": [ [ -74.010570208916818, 4.7128118033549 ], [ -74.010557108074579, 4.712767914704201 ], [ -74.010358795361284, 4.712681158704677 ], [ -74.010149232371376, 4.71264449792899 ], [ -74.0100015614764, 4.712576447406068 ], [ -74.009860515579973, 4.712477652075054 ], [ -74.009699475041245, 4.712364627023195 ], [ -74.009355326494898, 4.712187571227703 ], [ -74.009278128711927, 4.712140515795745 ], [ -74.009138520127365, 4.712109200769263 ], [ -74.008981123415126, 4.712097126966553 ], [ -74.008920773263, 4.712122006105783 ], [ -74.008762967763275, 4.712271210369276 ], [ -74.008664734608331, 4.712435424387716 ], [ -74.008628703060538, 4.712540660935285 ], [ -74.00860525557701, 4.712609010378205 ], [ -74.008605454440584, 4.712723163048254 ], [ -74.008646726649971, 4.712800650163285 ], [ -74.008781559382101, 4.712893919189013 ], [ -74.008859060468581, 4.713045087166906 ], [ -74.008866888020492, 4.713120084332407 ], [ -74.008839302671589, 4.713181824771589 ], [ -74.008597060537241, 4.713429502875798 ], [ -74.008469393820803, 4.713623434042661 ], [ -74.008451395296333, 4.71366384109629 ], [ -74.008453861997026, 4.713768137557238 ], [ -74.008491108710643, 4.713823367371255 ], [ -74.008596946462063, 4.713891629911484 ], [ -74.008684769400674, 4.713948198229853 ], [ -74.008692322577744, 4.713962319760335 ], [ -74.008688687072222, 4.713982937983893 ], [ -74.008661036246778, 4.714027220774919 ], [ -74.008552495717595, 4.714084775270766 ], [ -74.008471219485259, 4.714116318032449 ], [ -74.008376796758014, 4.714136263966748 ], [ -74.008236781196658, 4.714137420926167 ], [ -74.008164301736386, 4.714132613881342 ], [ -74.008054707153391, 4.714106949529129 ], [ -74.008031441805571, 4.714110353548316 ], [ -74.007921813189526, 4.71417224814798 ], [ -74.007902665544179, 4.714196462354132 ], [ -74.007842097210471, 4.714311432756696 ], [ -74.007820078268395, 4.714325964331151 ], [ -74.00779357663356, 4.714322760611377 ], [ -74.007716019570736, 4.714274709479326 ], [ -74.007602727100348, 4.714186536388421 ], [ -74.00749315856072, 4.714079011550761 ], [ -74.007369797508005, 4.714033970379765 ], [ -74.00732328620613, 4.714027119917732 ], [ -74.007282717939063, 4.714025433794219 ], [ -74.007242465362197, 4.714055406849515 ], [ -74.007170048392581, 4.714197134483404 ], [ -74.007151091439653, 4.71421402220126 ], [ -74.007127353347087, 4.714232893063301 ], [ -74.007092356432537, 4.714244149739754 ], [ -74.007057014557432, 4.714244370593122 ], [ -74.007008807478698, 4.71422539691426 ], [ -74.006937003068472, 4.714189655607003 ], [ -74.006816194576757, 4.714124808672437 ], [ -74.006702696521486, 4.714054544962369 ], [ -74.006663956963735, 4.714034861170718 ], [ -74.006614381631508, 4.714027101747241 ], [ -74.006565121702948, 4.714051182402043 ], [ -74.006538543516541, 4.714101888811486 ], [ -74.006438857591505, 4.714209295472703 ], [ -74.006325362150065, 4.714264128885493 ], [ -74.006196752606058, 4.714296236832189 ], [ -74.006065403856368, 4.714289174476268 ], [ -74.005976763065462, 4.714237308273555 ], [ -74.005808890881795, 4.714110342762981 ], [ -74.005700515685788, 4.713988075494184 ], [ -74.005515501476197, 4.713616137412896 ], [ -74.005496148257578, 4.713594672243164 ], [ -74.004652258967525, 4.712975576484443 ], [ -74.004578068365561, 4.712906273338858 ], [ -74.004486689732303, 4.712751195704656 ], [ -74.004384726644005, 4.71262152032112 ], [ -74.004169717696911, 4.712484356243904 ], [ -74.004041651718524, 4.712451519056311 ], [ -74.003908747577043, 4.712460735757945 ], [ -74.003874176408843, 4.71248963130893 ], [ -74.003851849399638, 4.712530574711944 ], [ -74.003808677798403, 4.712711057871533 ], [ -74.003798464602511, 4.712728953010426 ], [ -74.003752627836036, 4.712755028347418 ], [ -74.003693382469137, 4.712763717402298 ], [ -74.003676881754274, 4.712765141002665 ], [ -74.003515989759435, 4.712738588393484 ], [ -74.003360494807666, 4.712720727016474 ], [ -74.003194622201036, 4.712709634728101 ], [ -74.003155930989593, 4.712719438656428 ], [ -74.002920727150553, 4.712772106959984 ], [ -74.002737984093912, 4.712832086726808 ], [ -74.002714182762006, 4.712832052573405 ], [ -74.00260377270223, 4.712809642597062 ], [ -74.002504003189316, 4.712785800622276 ], [ -74.002477584612322, 4.71278766222586 ], [ -74.002393521433817, 4.712813682594943 ], [ -74.002313587263529, 4.712852462806887 ], [ -74.002266234949587, 4.712866505556887 ], [ -74.002215035962394, 4.712859467142984 ], [ -74.002082962588858, 4.712791889749401 ], [ -74.001973114849108, 4.712691328770434 ], [ -74.001852953423708, 4.71261589900609 ], [ -74.001640907070282, 4.712551191651784 ], [ -74.001372052245202, 4.712493367530517 ], [ -74.001260723069862, 4.712483348150004 ], [ -74.001166298378322, 4.712504830812287 ], [ -74.001027971360301, 4.712586673198644 ], [ -74.000905576693739, 4.712686267309148 ], [ -74.000723489807612, 4.712918018350055 ], [ -74.000472342423862, 4.713086895378989 ], [ -74.000093445951237, 4.713253598517116 ], [ -73.99998683656689, 4.713284470602 ], [ -73.999888205051846, 4.713284509569338 ], [ -73.99974164492599, 4.713260238049797 ], [ -73.999336890641032, 4.713225735356477 ], [ -73.998958607507845, 4.713215692955518 ], [ -73.998883509858075, 4.713213685256133 ], [ -73.998837911769357, 4.713198875681008 ], [ -73.998823391600084, 4.713139336499626 ], [ -73.998834757217452, 4.713072236534064 ], [ -73.998956585846713, 4.712738368026057 ], [ -73.998980605305889, 4.712648944315379 ], [ -73.998956728270912, 4.712575823665577 ], [ -73.998903418443035, 4.712531877036246 ], [ -73.998661331929796, 4.712417104900833 ], [ -73.998292631387315, 4.712326301262753 ], [ -73.998171910063945, 4.712327484072141 ], [ -73.998055729723845, 4.712368472844264 ], [ -73.997915905846668, 4.712488121846426 ], [ -73.997816295433111, 4.712605205651685 ], [ -73.997756622200527, 4.712723794280114 ], [ -73.997703735209754, 4.712762341553021 ], [ -73.997615640990944, 4.712770174389372 ], [ -73.997530301495942, 4.712743096232051 ], [ -73.997249396088392, 4.712601583938592 ], [ -73.997040891457544, 4.712519513358933 ], [ -73.996799652754575, 4.712505416312479 ] ] } },
{ "type": "Feature", "properties": { "edge_id": "212860741#0", "fuera_tolerancia": true, "longitud_m": 2104.6208206744045 }, "geometry": { "type": "LineString", "coordinates": [ [ -73.996797988435432, 4.712534358944843 ], [ -73.997034719848472, 4.712548087676826 ], [ -73.997237637901847, 4.7126279793219 ], [ -73.997519444101854, 4.712770035640581 ], [ -73.997612533681107, 4.712799476762321 ], [ -73.997714153180368, 4.712790397086997 ], [ -73.997779313885204, 4.712743183999942 ], [ -73.997840434283603, 4.712621341138427 ], [ -73.997936432222687, 4.712508593877875 ], [ -73.998070298527409, 4.712394001666966 ], [ -73.998176917374465, 4.712356436336185 ], [ -73.998289344316404, 4.712355241573361 ], [ -73.998651555683253, 4.712444588614892 ], [ -73.998887876333768, 4.712556457945013 ], [ -73.998932001078558, 4.712592793269757 ], [ -73.998950491763082, 4.712649805475968 ], [ -73.998929010400516, 4.712729644791748 ], [ -73.998806819323178, 4.713064779116388 ], [ -73.998793999030298, 4.713140379594144 ], [ -73.998813717462184, 4.713221454146876 ], [ -73.998878600240857, 4.713242442329106 ], [ -73.998957844834095, 4.713244636909876 ], [ -73.999335226417543, 4.713254678016374 ], [ -73.999737997533558, 4.713288996953018 ], [ -73.999885819597878, 4.713313451197335 ], [ -73.999990942388322, 4.713313421572295 ], [ -74.000103324123543, 4.713280929633464 ], [ -74.000486190083507, 4.713112423135166 ], [ -74.000743293490729, 4.712939574719352 ], [ -74.000926283493541, 4.712706739531261 ], [ -74.001044526055892, 4.712610576676813 ], [ -74.001177078414457, 4.712531982309919 ], [ -74.001262664675906, 4.712512657827134 ], [ -74.001367683676776, 4.712522125421755 ], [ -74.00163365453642, 4.712579221777383 ], [ -74.001840834509878, 4.712642474892724 ], [ -74.001955591449601, 4.71271445967071 ], [ -74.002066339464278, 4.712815926479073 ], [ -74.00220634093958, 4.712887495207543 ], [ -74.002268536964252, 4.712895996664194 ], [ -74.002324006724265, 4.712879613779378 ], [ -74.002404121468714, 4.712840652919218 ], [ -74.002482953249014, 4.712816253201953 ], [ -74.002501617589829, 4.712814923189464 ], [ -74.002597601820739, 4.712837855199186 ], [ -74.002711256489064, 4.712860993460456 ], [ -74.00274263097333, 4.712861038481087 ], [ -74.002928440908036, 4.712799977673659 ], [ -74.003162562362576, 4.712747669630566 ], [ -74.003197285398144, 4.712738764545002 ], [ -74.00335792944631, 4.712749487522802 ], [ -74.003511981898953, 4.712767346833471 ], [ -74.003675758395161, 4.712794265393713 ], [ -74.003696767455082, 4.712792486442688 ], [ -74.003762144760216, 4.712782901643536 ], [ -74.003819531102096, 4.712750149307396 ], [ -74.003835709572684, 4.712721770120952 ], [ -74.003879061739227, 4.712541106310338 ], [ -74.003896869329424, 4.71250829723766 ], [ -74.003920067122223, 4.712488973449697 ], [ -74.00403908587289, 4.712480641384514 ], [ -74.004158139290254, 4.712511294778273 ], [ -74.0043650413579, 4.712643381854366 ], [ -74.004462864963742, 4.712767624104627 ], [ -74.004555322897701, 4.712924512356031 ], [ -74.004633835096513, 4.712997982552046 ], [ -74.005476823849946, 4.713616353418425 ], [ -74.005491496377118, 4.713632565588555 ], [ -74.005676330261522, 4.714004503416244 ], [ -74.005789206351494, 4.714131661616472 ], [ -74.00596068069413, 4.714261526797036 ], [ -74.006056888490249, 4.714317745594591 ], [ -74.006199596236456, 4.714325366921988 ], [ -74.006335240590573, 4.714291459967197 ], [ -74.006456314351382, 4.714233019250863 ], [ -74.006562321021462, 4.714118747159135 ], [ -74.006586187307619, 4.714073102267046 ], [ -74.006618846819038, 4.714057138692295 ], [ -74.006655082026285, 4.714062708160323 ], [ -74.006688596085937, 4.714079851784343 ], [ -74.00680173377242, 4.71414993407509 ], [ -74.006923803691436, 4.714215325536765 ], [ -74.006997049585351, 4.714251792534022 ], [ -74.007051564049902, 4.714273307926438 ], [ -74.007097003495431, 4.714273101503955 ], [ -74.007141200777852, 4.714258782555678 ], [ -74.007169632164448, 4.714236300259372 ], [ -74.007193283181181, 4.714215258386943 ], [ -74.007265157667476, 4.7140746154172 ], [ -74.007291692025476, 4.714054753554911 ], [ -74.007320540418107, 4.714056061120199 ], [ -74.007362725220162, 4.714062181773699 ], [ -74.00747743558307, 4.714104135169863 ], [ -74.007583763096264, 4.714208399054064 ], [ -74.007699577135853, 4.714298565727184 ], [ -74.007783799906377, 4.714350787243077 ], [ -74.007827067901658, 4.714356004884531 ], [ -74.007864067004803, 4.714331544813422 ], [ -74.007926985318932, 4.714212416901576 ], [ -74.007940894627012, 4.714194707869581 ], [ -74.008040958919693, 4.714138226824776 ], [ -74.008053403134269, 4.714136435520289 ], [ -74.008160113727598, 4.7141613721284 ], [ -74.008236018895744, 4.714166364971248 ], [ -74.008380001365907, 4.714165213674781 ], [ -74.00847947442179, 4.714144189505387 ], [ -74.008564539298249, 4.714111204892655 ], [ -74.008681380674858, 4.714049139561079 ], [ -74.008716079890149, 4.713993469677042 ], [ -74.008722441895245, 4.713957478238625 ], [ -74.008706616079962, 4.713927967801863 ], [ -74.008612578087664, 4.713867320209076 ], [ -74.008511694475999, 4.713802230614947 ], [ -74.008482544950766, 4.713758952224499 ], [ -74.008480417587748, 4.71366967153608 ], [ -74.008494798298187, 4.71363740013869 ], [ -74.008619573840733, 4.713447806612204 ], [ -74.00886344136164, 4.713198321746862 ], [ -74.008896452775858, 4.713124830081808 ], [ -74.008887201423121, 4.713036624665442 ], [ -74.008803946191321, 4.712874232241582 ], [ -74.008668933401452, 4.712780782056379 ], [ -74.00863431484143, 4.712715967930912 ], [ -74.008634099053822, 4.7126137551051 ], [ -74.008655917049808, 4.712550106921439 ], [ -74.008691042926614, 4.712447763593882 ], [ -74.008785661354594, 4.712289514351083 ], [ -74.008936605725879, 4.71214681295656 ], [ -74.008985770050799, 4.712126440546925 ], [ -74.009134332186989, 4.712137959034859 ], [ -74.009267271489662, 4.712167636393129 ], [ -74.009341226195858, 4.712212878133082 ], [ -74.009684473693468, 4.71238957083915 ], [ -74.009844073518735, 4.712501327492429 ], [ -74.009987100560281, 4.712601753813878 ], [ -74.010140537906082, 4.71267234525406 ], [ -74.010350461530066, 4.712709006547509 ], [ -74.010533276751644, 4.712789046920419 ], [ -74.010540365489874, 4.712812846311199 ] ] } },
{ "type": "Feature", "properties": { "edge_id": "586430316#5", "fuera_tolerancia": true, "longitud_m": 1988.036439400496 }, "geometry": { "type": "LineString", "coordinates": [ [ -74.003461669673129, 4.677193466793366 ], [ -74.003214080977742, 4.677470263912587 ], [ -74.002850790518877, 4.677772675374563 ], [ -74.002764413253942, 4.677844462871803 ], [ -74.002614577859092, 4.678100956414743 ], [ -74.002456150838242, 4.678249164850101 ], [ -74.0023380803988, 4.678356003058734 ], [ -74.002266636629201, 4.678577512238542 ], [ -74.002234448561609, 4.678834806474416 ], [ -74.002183914870017, 4.679059963570087 ], [ -74.00207955038266, 4.679292008823762 ], [ -74.002022855392909, 4.679475277151068 ], [ -74.001987371263311, 4.679640846835528 ], [ -74.001998365077853, 4.679835156539562 ], [ -74.002065308169762, 4.679990831948266 ], [ -74.002217058291691, 4.680101582454933 ], [ -74.002380052067352, 4.680102990725688 ], [ -74.002523304663768, 4.680102833111742 ], [ -74.002645617845715, 4.680183330125549 ], [ -74.002788548936266, 4.680282942188835 ], [ -74.002946572904222, 4.680356163319435 ], [ -74.003069588812323, 4.680386097781173 ], [ -74.00325347335513, 4.680404993148221 ], [ -74.003409520015751, 4.680410280799189 ], [ -74.003542594528213, 4.680467456012055 ], [ -74.003656979493798, 4.680544413909808 ], [ -74.003944586962902, 4.6807211172529 ], [ -74.004270598534603, 4.680898598789305 ], [ -74.004439189892494, 4.681022036386247 ], [ -74.004474756926953, 4.681052660283764 ], [ -74.004549420019643, 4.681168456571086 ], [ -74.004627832470291, 4.681310489711906 ], [ -74.004669473559758, 4.681444781987053 ], [ -74.004694124198821, 4.681672398129994 ], [ -74.004753368081253, 4.681790433815388 ], [ -74.004870452871941, 4.681871013567772 ], [ -74.005029218635542, 4.681930124649929 ], [ -74.005167755989035, 4.682013448482582 ], [ -74.005256477604462, 4.682133154232973 ], [ -74.005311680202411, 4.68224023927212 ], [ -74.005356072613012, 4.682405380112789 ], [ -74.005346582955298, 4.6825497304718 ], [ -74.005313850932339, 4.682618157254935 ], [ -74.005202767337593, 4.682692713894171 ], [ -74.00506573940946, 4.682753303760565 ], [ -74.004919101422374, 4.682788191119972 ], [ -74.004730487146389, 4.682798324901635 ], [ -74.004629435369807, 4.682855257269058 ], [ -74.004596532160889, 4.68298094083513 ], [ -74.004609668245266, 4.683063272234888 ], [ -74.004623640003999, 4.683128418655289 ], [ -74.004676001258289, 4.683204655042725 ], [ -74.004735792137652, 4.683254670480129 ], [ -74.004883350196749, 4.683334298657237 ], [ -74.005091006621981, 4.683437801592448 ], [ -74.005278764768747, 4.68352327592063 ], [ -74.005475972665266, 4.683620341700685 ], [ -74.005593587936986, 4.683644750512345 ], [ -74.005675883216938, 4.683654998331153 ], [ -74.005754403918829, 4.683720688800373 ], [ -74.005829628798253, 4.683822013277476 ], [ -74.005921477573509, 4.68396189459831 ], [ -74.00602473789678, 4.684064796631775 ], [ -74.006166359112896, 4.684135280353884 ], [ -74.006316632366563, 4.68420767587402 ], [ -74.006496367300656, 4.684293138545729 ], [ -74.006684296508524, 4.684385487293422 ], [ -74.006831066002647, 4.684385424431426 ], [ -74.006955488346861, 4.684313781016444 ], [ -74.007137412648376, 4.684189394334412 ], [ -74.007216862577437, 4.684171687790548 ], [ -74.007291492894737, 4.684247322499832 ], [ -74.007320175252303, 4.684365495612137 ], [ -74.007395643528099, 4.684614078775715 ], [ -74.007500263053942, 4.684840180381284 ], [ -74.007588927756288, 4.684936820237582 ], [ -74.00773267961344, 4.685031005578809 ], [ -74.007894695495082, 4.68508758811892 ], [ -74.008026863194743, 4.685149465035893 ], [ -74.008162767889459, 4.68524644323622 ], [ -74.008286791780549, 4.685329655613256 ], [ -74.008482090174411, 4.685439019718212 ], [ -74.008594476733492, 4.685527642765503 ], [ -74.008667606654399, 4.685644612565013 ], [ -74.00872464446374, 4.685793399216472 ], [ -74.008814585366792, 4.685880271793684 ], [ -74.008929911600973, 4.685930094370804 ], [ -74.009079077183756, 4.685957351499883 ], [ -74.009246950495438, 4.685951981354236 ], [ -74.009416446699632, 4.685946523014113 ], [ -74.009620255156037, 4.685966802088637 ], [ -74.009742981570426, 4.686011298266795 ], [ -74.009829794015147, 4.686079171045145 ], [ -74.009905790623804, 4.686145219421232 ], [ -74.009977607609585, 4.686234418007998 ], [ -74.010029769526781, 4.686324764647728 ], [ -74.010049227461238, 4.686463729031281 ], [ -74.010038878228059, 4.686578771426414 ], [ -74.01002432856383, 4.686667666762606 ], [ -74.009999463373092, 4.686847634317338 ], [ -74.009993730014742, 4.686949838827738 ], [ -74.01002604089723, 4.687052459050761 ], [ -74.010082253430454, 4.687211375310815 ], [ -74.01015252149341, 4.687312240232476 ], [ -74.010277725554289, 4.687454158477344 ], [ -74.010397615187799, 4.687592812850833 ], [ -74.010516227631868, 4.687806270588923 ], [ -74.010675580399536, 4.68802629867754 ], [ -74.010759736089213, 4.688124469626795 ] ] } },
{ "type": "Feature", "properties": { "edge_id": "-586430316#5", "fuera_tolerancia": true, "longitud_m": 1983.4452052165332 }, "geometry": { "type": "LineString", "coordinates": [ [ -74.010781579979991, 4.68810550528509 ], [ -74.010698144244756, 4.688008239894469 ], [ -74.010540590979929, 4.687790747061471 ], [ -74.010421439389717, 4.687576022211488 ], [ -74.010299389377806, 4.687435012986333 ], [ -74.010175265374116, 4.687294362626305 ], [ -74.010108056162039, 4.687198024722837 ], [ -74.010053460529505, 4.687043271622705 ], [ -74.010022764766987, 4.686946080907765 ], [ -74.010028128342341, 4.68685038853577 ], [ -74.0100528109283, 4.68667204888571 ], [ -74.010067541914282, 4.68658243017576 ], [ -74.010078257865729, 4.686463046522967 ], [ -74.01005755025119, 4.686315215910176 ], [ -74.010001431256569, 4.686217989188617 ], [ -74.009926554401332, 4.686124987215829 ], [ -74.009848036554231, 4.686056764382536 ], [ -74.009757081640515, 4.685985629406168 ], [ -74.009626605865037, 4.685938408641316 ], [ -74.009417388983024, 4.68591757918344 ], [ -74.009246089720179, 4.685923034969458 ], [ -74.009081281626948, 4.685928409461999 ], [ -74.00893824494338, 4.685902246468547 ], [ -74.008830847612415, 4.685855691467934 ], [ -74.008749189339852, 4.685776971465455 ], [ -74.008693589134822, 4.685631624091675 ], [ -74.00861632159247, 4.685507954857842 ], [ -74.008498171600365, 4.685414800958207 ], [ -74.008301792135697, 4.685304892603208 ], [ -74.008179209421769, 4.685222586810195 ], [ -74.008041503450087, 4.685124339707017 ], [ -74.007905551871445, 4.685060648351519 ], [ -74.007745518342603, 4.685004792257487 ], [ -74.00760771098065, 4.684914595316299 ], [ -74.007524627350293, 4.684823933322694 ], [ -74.00742270424486, 4.684603624577614 ], [ -74.007347953101302, 4.684357936948178 ], [ -74.007317657934962, 4.684232706166171 ], [ -74.007226103091227, 4.684139861247406 ], [ -74.007125730780501, 4.684162422577522 ], [ -74.006940197047101, 4.684289155924299 ], [ -74.00682335368657, 4.684356468331342 ], [ -74.006691008680576, 4.684356551685625 ], [ -74.006508845184456, 4.684267105647889 ], [ -74.006329110509526, 4.684181462073654 ], [ -74.006179017309563, 4.684109247720099 ], [ -74.006041720372579, 4.684040941033722 ], [ -74.005943861561036, 4.683943473895094 ], [ -74.005853272368284, 4.683805403438507 ], [ -74.005775528059502, 4.683700638146543 ], [ -74.005687822494039, 4.683627336521816 ], [ -74.005598316263573, 4.683616173915561 ], [ -74.005485387667989, 4.68359267630634 ], [ -74.005291062623201, 4.683497061887466 ], [ -74.005103304480556, 4.683411587563699 ], [ -74.00489654882081, 4.68330862863621 ], [ -74.004752053658379, 4.683230632984927 ], [ -74.004697485503883, 4.683184966751008 ], [ -74.004650702467757, 4.683116698213893 ], [ -74.004637983893772, 4.683057885323585 ], [ -74.004625919920386, 4.682982429917128 ], [ -74.004654290423119, 4.68287446878832 ], [ -74.004738740796, 4.682826919960434 ], [ -74.004923207797177, 4.682816961184737 ], [ -74.005074896134829, 4.682780814660442 ], [ -74.005216795129044, 4.682718241743512 ], [ -74.005336361519767, 4.6826377272323 ], [ -74.005375060744839, 4.682557188158637 ], [ -74.005385105879029, 4.682402526883972 ], [ -74.005338740834347, 4.682229785141125 ], [ -74.005281020856785, 4.682117812032404 ], [ -74.005187440194078, 4.681991586719685 ], [ -74.005041696763243, 4.681903910872472 ], [ -74.004883832018592, 4.681845162889964 ], [ -74.004775753799933, 4.681770746793382 ], [ -74.004722263574592, 4.681664116439413 ], [ -74.004697789907567, 4.681438852339016 ], [ -74.004654533736144, 4.681299130555164 ], [ -74.00457414278209, 4.681153657367603 ], [ -74.004496781502226, 4.681033334567203 ], [ -74.004457072309648, 4.680999267543279 ], [ -74.004285959239638, 4.680874017292161 ], [ -74.003959046915369, 4.680695991761133 ], [ -74.00367252025606, 4.680520013592179 ], [ -74.003556333778519, 4.680441967690109 ], [ -74.003415871377626, 4.68038152563329 ], [ -74.003255497663417, 4.680376050914711 ], [ -74.003074497492591, 4.680357521472911 ], [ -74.002956167976976, 4.680328679132008 ], [ -74.002803009168659, 4.680257635820957 ], [ -74.002661699029545, 4.680159292419996 ], [ -74.002531819967217, 4.680073900138135 ], [ -74.002380093055919, 4.680074045674589 ], [ -74.002226475130271, 4.680072650773104 ], [ -74.002088594119428, 4.679972050833399 ], [ -74.002026862943495, 4.679828322714699 ], [ -74.002016397222008, 4.679643059108299 ], [ -74.00205079234378, 4.67948255326195 ], [ -74.002106581449866, 4.679302359057174 ], [ -74.00221148838169, 4.679069229129626 ], [ -74.002262929735394, 4.678839731557596 ], [ -74.002294935440233, 4.678583884313875 ], [ -74.002363119641259, 4.67837232036623 ], [ -74.002475593480398, 4.678270539573385 ], [ -74.00263727033159, 4.678119260345256 ], [ -74.002786744092404, 4.677863489909456 ], [ -74.002869150060832, 4.677794953079266 ], [ -74.003234065310551, 4.677491096665733 ], [ -74.003483098486697, 4.677212854339066 ] ] } },
{ "type": "Feature", "properties": { "edge_id": "887085496", "fuera_tolerancia": true, "longitud_m": 1479.2784638841551 }, "geometry": { "type": "LineString", "coordinates": [ [ -74.010607658486961, 4.712851203988501 ], [ -74.010878864285772, 4.712841549672651 ], [ -74.010931044987046, 4.712855825152555 ], [ -74.011091372159356, 4.712899742400691 ], [ -74.011224890568897, 4.712966415788191 ], [ -74.011359315965763, 4.712837891514279 ], [ -74.011504020875165, 4.712899605814389 ], [ -74.011655573388751, 4.712964405251423 ], [ -74.011802333749202, 4.712975197023524 ], [ -74.011998876022929, 4.712975205101652 ], [ -74.012100314315617, 4.713030797389127 ], [ -74.012126754847415, 4.713204958248714 ], [ -74.012267763589435, 4.713394297268547 ], [ -74.012401976543259, 4.713543917461546 ], [ -74.012568824581265, 4.713758710651081 ], [ -74.012693472459645, 4.713850517330965 ], [ -74.01284443931722, 4.713947245885114 ], [ -74.012932468818505, 4.71398554239199 ], [ -74.013132782848729, 4.713996319553934 ], [ -74.013216719140402, 4.713996348310522 ], [ -74.013222380026164, 4.713882022902601 ], [ -74.013270833242942, 4.71372669229198 ], [ -74.013270790671982, 4.713565141961197 ], [ -74.01328142060261, 4.713315595353381 ], [ -74.013307477147052, 4.713250867514943 ], [ -74.013376691198957, 4.713333640449767 ], [ -74.013402975853637, 4.713490705360742 ], [ -74.013397501532339, 4.713664549566012 ], [ -74.013542517321866, 4.713825763009131 ], [ -74.01367353863877, 4.713809486431933 ], [ -74.013788415461903, 4.71386166036008 ], [ -74.013970810594046, 4.713984483973253 ], [ -74.014110005646884, 4.714053878571553 ], [ -74.014150623964099, 4.713892204985743 ], [ -74.014150610668324, 4.71377371061716 ], [ -74.014155885245529, 4.713613524593335 ], [ -74.014166826697547, 4.713462572885379 ], [ -74.01410335878559, 4.713204780245951 ], [ -74.014230179160961, 4.713098586592985 ], [ -74.014396129234129, 4.713119264505287 ], [ -74.014539359846722, 4.713203860939488 ], [ -74.014757991474681, 4.713331439318754 ], [ -74.014838283830585, 4.713422187779401 ], [ -74.015089222090211, 4.713592325132396 ], [ -74.015158696173387, 4.713746737662269 ], [ -74.015311126221121, 4.713893126920379 ], [ -74.015512392421101, 4.713996167560746 ], [ -74.015707919922974, 4.714012907153954 ], [ -74.015780700786422, 4.713867741536238 ], [ -74.015888177277191, 4.713540903460305 ], [ -74.015968695627478, 4.713278882512442 ], [ -74.016043796975566, 4.713022190642814 ], [ -74.016126925142188, 4.712763429678377 ], [ -74.01624750613108, 4.712798425064103 ], [ -74.016457954779327, 4.712846934773117 ], [ -74.016641785162818, 4.712846923540352 ], [ -74.016851430570782, 4.712825511232446 ], [ -74.016918514838821, 4.712820269354054 ], [ -74.017009329620805, 4.712865534243377 ], [ -74.017057945076346, 4.713043254231983 ], [ -74.017251811115116, 4.713087398490933 ], [ -74.017656782115935, 4.713098101871031 ], [ -74.017742656672581, 4.713066112152577 ], [ -74.018277288749246, 4.713066143962768 ], [ -74.018567399572007, 4.713076865456012 ], [ -74.018873783858425, 4.71305540824069 ], [ -74.019078470891884, 4.713033897805686 ], [ -74.019287718148576, 4.712975036306015 ], [ -74.019622975502941, 4.712937337796344 ], [ -74.019791655127918, 4.712747532171754 ] ] } },
{ "type": "Feature", "properties": { "edge_id": "-887085496", "fuera_tolerancia": true, "longitud_m": 1478.621764288753 }, "geometry": { "type": "LineString", "coordinates": [ [ -74.019778148304937, 4.712735573213233 ], [ -74.0196141641986, 4.712920139134859 ], [ -74.01928431703567, 4.712957302553433 ], [ -74.01907507003817, 4.713015983145845 ], [ -74.018872186404479, 4.713037315219233 ], [ -74.018567064324529, 4.713058774217994 ], [ -74.018277674765343, 4.713048053745037 ], [ -74.017739436422488, 4.713048016840949 ], [ -74.017653742182176, 4.713080006814331 ], [ -74.017254000297513, 4.713069310829156 ], [ -74.01707239154517, 4.713028078429026 ], [ -74.017024493782955, 4.71285289216179 ], [ -74.016922147046898, 4.712801821920853 ], [ -74.016849833169402, 4.712807418217278 ], [ -74.016640909022541, 4.712828831546352 ], [ -74.01645996366581, 4.712828846862684 ], [ -74.016252038653178, 4.712780883450026 ], [ -74.01611505572302, 4.712741161251159 ], [ -74.016026494220668, 4.713016919827118 ], [ -74.015951392867592, 4.7132736116937 ], [ -74.015871055080794, 4.713535451986596 ], [ -74.01576394124875, 4.713860843312205 ], [ -74.015697308121858, 4.713993896835035 ], [ -74.015517466171659, 4.71397844581688 ], [ -74.015321605322541, 4.713878307358369 ], [ -74.015173677267015, 4.713736085354935 ], [ -74.015103483962676, 4.713580224547003 ], [ -74.014850203914165, 4.713408455712435 ], [ -74.0147695514394, 4.713317344927701 ], [ -74.014548397457204, 4.713188315716302 ], [ -74.014402104314556, 4.713101724959411 ], [ -74.01422461620021, 4.713079583423879 ], [ -74.014083173069523, 4.713198058034767 ], [ -74.014148612697937, 4.713464175212327 ], [ -74.014137855125639, 4.713612594476379 ], [ -74.014132579779414, 4.713773323220331 ], [ -74.014132595622101, 4.713890008517861 ], [ -74.014097961582024, 4.714027629908872 ], [ -74.013979848484382, 4.713968757855547 ], [ -74.013797273294784, 4.713845753082273 ], [ -74.013676269624753, 4.713790856848481 ], [ -74.013549576611979, 4.713806596849524 ], [ -74.013415722679653, 4.713657881864138 ], [ -74.013421009027383, 4.713489464611859 ], [ -74.013393651926336, 4.7133257046056 ], [ -74.013301936412887, 4.713216125434623 ], [ -74.013263574893074, 4.713311770959668 ], [ -74.013252759793659, 4.713564754542761 ], [ -74.013252805678292, 4.713723953081755 ], [ -74.013204533537774, 4.713878741225431 ], [ -74.01319961483523, 4.713978233283806 ], [ -74.013133349316789, 4.71397822962365 ], [ -74.012936641315846, 4.713967638492946 ], [ -74.012852936797955, 4.713931157204812 ], [ -74.012703591234995, 4.713835516400566 ], [ -74.012581465197798, 4.713745522379545 ], [ -74.012415877055602, 4.713532359149188 ], [ -74.012281664099945, 4.713382738958665 ], [ -74.012143894871016, 4.713197746321415 ], [ -74.01211673921128, 4.713019242669909 ], [ -74.012003409414362, 4.712957120817211 ], [ -74.011803080558792, 4.712957107357254 ], [ -74.011659926219252, 4.712946501621554 ], [ -74.011511076623478, 4.712882972381418 ], [ -74.011355379234274, 4.712816538857751 ], [ -74.011221675863325, 4.712944521437191 ], [ -74.011097887487281, 4.712882746390509 ], [ -74.010935757821599, 4.712838374311328 ], [ -74.01088105362669, 4.712823462065286 ], [ -74.010607052846794, 4.712833202858164 ] ] } },
{ "type": "Feature", "properties": { "edge_id": "-124004076#1", "fuera_tolerancia": true, "longitud_m": 1248.445852729797 }, "geometry": { "type": "LineString", "coordinates": [ [ -73.999364863226091, 4.8046573031745 ], [ -73.999123478475894, 4.804721441918107 ], [ -73.999050362224679, 4.804776058685768 ], [ -73.99899113731118, 4.80482698726258 ], [ -73.99895224967571, 4.804905895687298 ], [ -73.998856537122904, 4.805306552634706 ], [ -73.99874413464795, 4.805774843908157 ], [ -73.998750752061596, 4.805874351982343 ], [ -73.998769917032647, 4.805964200010663 ], [ -73.998919966794531, 4.806081647549486 ], [ -73.999010326825982, 4.806135961630959 ], [ -73.999091899469093, 4.806218393700751 ], [ -73.99912167783495, 4.806264658940674 ], [ -73.999141048008013, 4.806337502096169 ], [ -73.999165063965819, 4.806563398649761 ], [ -73.999162930971991, 4.806665697927087 ], [ -73.999184213569507, 4.806725609104714 ], [ -73.999241290146188, 4.806911212143542 ], [ -73.999449320891443, 4.807212635844587 ], [ -73.999547692669964, 4.80727618786859 ], [ -73.999633571385161, 4.807312042903225 ], [ -73.999680895609487, 4.807321971756967 ], [ -73.999849601788782, 4.807321948021565 ], [ -73.999904148360898, 4.807325827104325 ], [ -73.999957407113413, 4.80734716173715 ], [ -73.999999475838621, 4.807374721208254 ], [ -74.00007608352216, 4.807461216315214 ], [ -74.000223396746577, 4.807786159037828 ], [ -74.000338813827952, 4.808218603678365 ], [ -74.000357131795752, 4.808271093345055 ], [ -74.00040013996265, 4.808334654513255 ], [ -74.00044805813971, 4.808370182426077 ], [ -74.001147462043861, 4.808767664132446 ], [ -74.001211096324354, 4.80878494352014 ], [ -74.001276211264184, 4.808776174577243 ], [ -74.001563651382909, 4.808665609927641 ], [ -74.001641479879837, 4.808657040484913 ], [ -74.001721011972862, 4.808655076607205 ], [ -74.001808734038349, 4.808663707735708 ], [ -74.001873625306047, 4.808684697482948 ], [ -74.001950752307323, 4.808724428947995 ], [ -74.002074876452141, 4.808813073942123 ], [ -74.002105586437949, 4.808838988522889 ], [ -74.002130255100099, 4.808864894253571 ], [ -74.002294542427293, 4.8090514683429 ], [ -74.002450998029374, 4.80922916653332 ], [ -74.002504487531496, 4.809277999106293 ], [ -74.002530062653619, 4.809300649842755 ], [ -74.002571775154067, 4.809325314177384 ], [ -74.002809967136301, 4.809411593406076 ], [ -74.002851523003017, 4.809419975930235 ], [ -74.003055005156014, 4.809440625734686 ], [ -74.00310972020128, 4.809452826536328 ], [ -74.003152693659274, 4.809478487671685 ], [ -74.003789627193115, 4.809990479951272 ], [ -74.003847888336992, 4.810044475260193 ], [ -74.004163847749723, 4.810412900872993 ], [ -74.004740114987214, 4.810913768572678 ], [ -74.004750367891305, 4.810931964651093 ], [ -74.004759961102081, 4.810969788109777 ], [ -74.004757111987232, 4.811006869757762 ], [ -74.004726296249643, 4.811177781264318 ], [ -74.004777903341349, 4.811715781872749 ], [ -74.004782529086967, 4.811759206169937 ], [ -74.004795183597636, 4.811800109513655 ], [ -74.004829377323261, 4.811848823316999 ], [ -74.004875317265657, 4.811880910899593 ], [ -74.005052533457317, 4.8119825679489 ] ] } },
{ "type": "Feature", "properties": { "edge_id": "124004076#1", "fuera_tolerancia": true, "longitud_m": 1240.7139637889391 }, "geometry": { "type": "LineString", "coordinates": [ [ -74.005066816762422, 4.811957442831386 ], [ -74.004890681556745, 4.811856510992239 ], [ -74.004849966191003, 4.811828049175515 ], [ -74.004821351674309, 4.811787122503451 ], [ -74.004810850981727, 4.811753277657771 ], [ -74.00480658144501, 4.811712929289869 ], [ -74.004755329227095, 4.811178909138446 ], [ -74.004785780601807, 4.8110105297862 ], [ -74.004789179664726, 4.810967298123856 ], [ -74.004777434735686, 4.81092096891961 ], [ -74.004762684396738, 4.810895168199536 ], [ -74.004184255717021, 4.810392488294288 ], [ -74.00386865644964, 4.810024425029879 ], [ -74.003808414211349, 4.809968617761543 ], [ -74.003169139172698, 4.809454632104352 ], [ -74.003120580226877, 4.809425525575833 ], [ -74.003059555185004, 4.809412049196118 ], [ -74.002855892701618, 4.809391399130758 ], [ -74.002817762473995, 4.80938356434099 ], [ -74.002584076585947, 4.809298919871403 ], [ -74.002547048668262, 4.809277156897966 ], [ -74.002523815047311, 4.809256499560058 ], [ -74.002471586332746, 4.809208754272615 ], [ -74.002316120876358, 4.80903223342761 ], [ -74.002151563433586, 4.808845387588069 ], [ -74.00212545443631, 4.808817851591951 ], [ -74.002092583026794, 4.808790124783372 ], [ -74.001965756445557, 4.808699666771221 ], [ -74.001884664906171, 4.808657939531095 ], [ -74.001814726809826, 4.808635133328378 ], [ -74.001722136148345, 4.808626133254938 ], [ -74.001639538312617, 4.808628092640865 ], [ -74.001556839902648, 4.808637197665688 ], [ -74.001269038856719, 4.808747942691843 ], [ -74.001212942665262, 4.808755458513426 ], [ -74.001158501935478, 4.808740725292785 ], [ -74.000463783138954, 4.808345783161706 ], [ -74.000421269295416, 4.808314243114875 ], [ -74.000383119698569, 4.808257925323165 ], [ -74.00036641791155, 4.808210141588576 ], [ -74.000250641983044, 4.807776430079604 ], [ -74.000100632650131, 4.807445332594877 ], [ -74.000018443468505, 4.807352678490523 ], [ -73.99997078981886, 4.807321311795629 ], [ -73.999910682197708, 4.807297253520738 ], [ -73.999850545691217, 4.807293004422625 ], [ -73.99968382323199, 4.807293031071628 ], [ -73.999642087889811, 4.807284195859557 ], [ -73.999561075123339, 4.807250518843748 ], [ -73.999469729910615, 4.807191499791683 ], [ -73.999267638151508, 4.806898406498489 ], [ -73.999211638312246, 4.806716423164029 ], [ -73.999191972148935, 4.806661037013386 ], [ -73.999193919785483, 4.80656217467915 ], [ -73.999169549214628, 4.806332116763159 ], [ -73.999148385168851, 4.806252758353538 ], [ -73.999114468284205, 4.806200155323416 ], [ -73.999028213736196, 4.806113012821884 ], [ -73.998936231990939, 4.806057791830872 ], [ -73.998795909609555, 4.805947775733705 ], [ -73.998779431472656, 4.805870414172778 ], [ -73.998773165487449, 4.80577723832769 ], [ -73.998884659923732, 4.805313287458638 ], [ -73.998979466027421, 4.804915885483383 ], [ -73.99901437437326, 4.804845111989825 ], [ -73.999068362920852, 4.804798698376864 ], [ -73.999136243599807, 4.804748053856867 ], [ -73.999372216143811, 4.804685354416878 ] ] } },
{ "type": "Feature", "properties": { "edge_id": "1422333187", "fuera_tolerancia": true, "longitud_m": 1194.3636922068265 }, "geometry": { "type": "LineString", "coordinates": [ [ -74.044944507386731, 4.759484009999013 ], [ -74.044869814794993, 4.759903072044581 ], [ -74.044592278943909, 4.761152947410586 ], [ -74.044556401705478, 4.761343123169829 ], [ -74.044543046874352, 4.76141610131485 ], [ -74.043615422979784, 4.767168071337942 ], [ -74.043337253048477, 4.769000922234025 ], [ -74.043272786669192, 4.769390600178027 ], [ -74.043261850938762, 4.769474345658971 ], [ -74.04325284385024, 4.769532676157753 ], [ -74.043262861827515, 4.769590852249976 ], [ -74.043290650703113, 4.769642992656943 ], [ -74.043333603206861, 4.769683666485233 ], [ -74.043387216722024, 4.769708797015393 ], [ -74.043450503187003, 4.769715669238131 ], [ -74.043512377180008, 4.769700739992063 ], [ -74.043565442533904, 4.769665898517673 ], [ -74.04360374272072, 4.769615206967114 ], [ -74.043622581024024, 4.769554538335153 ], [ -74.043633020836324, 4.769503355713578 ] ] } },
{ "type": "Feature", "properties": { "edge_id": "59282499#0", "fuera_tolerancia": true, "longitud_m": 1132.3665952210247 }, "geometry": { "type": "LineString", "coordinates": [ [ -74.000588636502471, 4.721730058706646 ], [ -74.000756893847822, 4.721840111423401 ], [ -74.000887742524753, 4.721819405180427 ], [ -74.000998814748158, 4.721757966434503 ], [ -74.001146073640314, 4.721484104901642 ], [ -74.001435299071574, 4.721295564252737 ], [ -74.001779977802755, 4.721417900939517 ], [ -74.00195151363387, 4.721568209849964 ], [ -74.001938256019002, 4.721697448614671 ], [ -74.002023563901545, 4.721810638037033 ], [ -74.002175733029262, 4.721948979215475 ], [ -74.00231981245787, 4.722196395489397 ], [ -74.002450919777203, 4.722373329926671 ], [ -74.002742072521926, 4.722539820993609 ], [ -74.002922079666902, 4.722692945996324 ], [ -74.003007114119015, 4.722808396295083 ], [ -74.003012391177705, 4.722901118592607 ], [ -74.003120769317718, 4.723084804291851 ], [ -74.003298423807635, 4.723433486075226 ], [ -74.003486285013409, 4.723705930309696 ], [ -74.00361212804944, 4.723844685745152 ], [ -74.003710751353978, 4.723851521009069 ], [ -74.003850031879836, 4.723798082254267 ], [ -74.004001172198429, 4.723773424684072 ], [ -74.004150880770581, 4.723804393867008 ], [ -74.00421072827082, 4.723816691026897 ], [ -74.004319755944337, 4.723924577605503 ], [ -74.004427441896084, 4.723961818131777 ], [ -74.004657823411179, 4.724069155279252 ], [ -74.004791222130066, 4.724157267492232 ], [ -74.004917467313447, 4.724267168695097 ], [ -74.005031088583038, 4.724315091168144 ], [ -74.005165848931654, 4.724396783088592 ], [ -74.005259718782369, 4.724449471222024 ], [ -74.005422623954345, 4.724457122118959 ], [ -74.005621914746428, 4.724491689838951 ], [ -74.005836352222218, 4.724589506187289 ], [ -74.006096492108611, 4.724692905665259 ], [ -74.006306042396574, 4.724740603669987 ], [ -74.006389659228319, 4.724839136887402 ], [ -74.006426305837408, 4.724936065072032 ], [ -74.006338150001454, 4.725112594328875 ], [ -74.006173468429907, 4.725275898100716 ], [ -74.006151770760042, 4.725381064361867 ], [ -74.006264521480162, 4.725534001904842 ], [ -74.006341310435658, 4.725615610558347 ], [ -74.006470778510575, 4.725805205702478 ], [ -74.006587436954348, 4.725936530443273 ], [ -74.006680427193118, 4.726100655860939 ], [ -74.006786692656476, 4.726312740639536 ], [ -74.006832497398392, 4.726436456179363 ], [ -74.00688575386981, 4.726518935614238 ], [ -74.0069791533803, 4.726522325780373 ], [ -74.007121489070656, 4.726476398447892 ], [ -74.007264319436757, 4.726399627152784 ], [ -74.007329343106505, 4.726386061818486 ], [ -74.007362111035661, 4.726357706359088 ] ] } },
{ "type": "Feature", "properties": { "edge_id": "-59282499#0", "fuera_tolerancia": true, "longitud_m": 1128.0507078307628 }, "geometry": { "type": "LineString", "coordinates": [ [ -74.007343299072801, 4.726335789670303 ], [ -74.007316218076497, 4.726359268786623 ], [ -74.007254441142749, 4.726372115143207 ], [ -74.007110167217249, 4.726449607996917 ], [ -74.00697504755567, 4.726493193877797 ], [ -74.006901842508938, 4.726490556279288 ], [ -74.006858481570688, 4.726423468117074 ], [ -74.006813215714075, 4.726301200605961 ], [ -74.006705871433283, 4.726086943400622 ], [ -74.006611082658679, 4.725919559082806 ], [ -74.006493523916561, 4.72578732852045 ], [ -74.006363876035536, 4.725597371308274 ], [ -74.006286726960582, 4.725515400326982 ], [ -74.006182614681748, 4.725374234121817 ], [ -74.006199954344851, 4.725290408626752 ], [ -74.006361746987395, 4.725129814310995 ], [ -74.006457678581157, 4.724937738198671 ], [ -74.006414924907517, 4.724824157824406 ], [ -74.006321767018591, 4.724714575611709 ], [ -74.00610500640056, 4.72466523911397 ], [ -74.005847569720117, 4.724562928958743 ], [ -74.005630429309605, 4.724463842390271 ], [ -74.005425730325527, 4.724428362381643 ], [ -74.005267873757163, 4.724420899637288 ], [ -74.005180309819366, 4.724371838691125 ], [ -74.005044288548831, 4.724289240430317 ], [ -74.004932829786227, 4.724242225597973 ], [ -74.004808745817627, 4.724134136568814 ], [ -74.004671924189338, 4.724043848563926 ], [ -74.004438299311687, 4.723934878604059 ], [ -74.004335299257818, 4.723899272970334 ], [ -74.004224830862995, 4.723790117977721 ], [ -74.004156691408525, 4.723775999842697 ], [ -74.00400175522644, 4.723743937712535 ], [ -74.003842498628671, 4.723770030878581 ], [ -74.003706465604452, 4.723822207951594 ], [ -74.003625691780698, 4.723816664684509 ], [ -74.003508850337866, 4.723687872060712 ], [ -74.003323328582155, 4.723418687515639 ], [ -74.003146033420535, 4.723070910786987 ], [ -74.003040713149403, 4.722892475782334 ], [ -74.003035438411942, 4.722798125326758 ], [ -74.002943205022177, 4.722673076623775 ], [ -74.002758695670167, 4.722515965204922 ], [ -74.002470425651438, 4.722351106452535 ], [ -74.002343997743552, 4.722180329577642 ], [ -74.002198479144752, 4.721930559450076 ], [ -74.002044869301471, 4.721790949856861 ], [ -74.001968200522455, 4.721688989081548 ], [ -74.001981643359414, 4.721556313354115 ], [ -74.001794800118859, 4.721392414423048 ], [ -74.001431558239645, 4.721263538386729 ], [ -74.001124104161335, 4.721463811723387 ], [ -74.000977387507618, 4.721736769498481 ], [ -74.000878225676516, 4.721791531850242 ], [ -74.000763428693787, 4.721809728521827 ], [ -74.000604358629701, 4.721705839869171 ] ] } },
{ "type": "Feature", "properties": { "edge_id": "59282499#1", "fuera_tolerancia": true, "longitud_m": 979.27798534222086 }, "geometry": { "type": "LineString", "coordinates": [ [ -74.007389343455372, 4.726291171597443 ], [ -74.007382347203944, 4.726202426705638 ], [ -74.007287126624462, 4.726021564255792 ], [ -74.007222761851153, 4.725952275145841 ], [ -74.007189300452836, 4.725771048887776 ], [ -74.007204870190947, 4.725663793357604 ], [ -74.007287371314149, 4.725596161861346 ], [ -74.007509817103298, 4.725452026185666 ], [ -74.007751052567173, 4.725091823903506 ], [ -74.007854307336672, 4.724885194984071 ], [ -74.008003077736092, 4.724498357322339 ], [ -74.007948871457074, 4.723878944589498 ], [ -74.007989181071594, 4.723745854693771 ], [ -74.00810795872475, 4.723654847469573 ], [ -74.008198105147471, 4.723536301399164 ], [ -74.008224324576702, 4.72342110111847 ], [ -74.00837221318254, 4.722321669134869 ], [ -74.008405016386575, 4.722077853326667 ], [ -74.008259760276033, 4.721641569230818 ], [ -74.008417319798923, 4.7210959978749 ], [ -74.008592216431495, 4.720721860642889 ], [ -74.008573800546813, 4.720166901894627 ], [ -74.008583549095036, 4.719841192639752 ], [ -74.008892467111622, 4.719560685183157 ], [ -74.009029070591964, 4.719232714772732 ], [ -74.008929098197797, 4.718842536328793 ], [ -74.008539703084864, 4.718273570201736 ] ] } },
{ "type": "Feature", "properties": { "edge_id": "-59282499#1", "fuera_tolerancia": true, "longitud_m": 977.82634499551625 }, "geometry": { "type": "LineString", "coordinates": [ [ -74.008515878166847, 4.718289998718521 ], [ -74.008902394382602, 4.718854618975624 ], [ -74.00899878073173, 4.719230500639503 ], [ -74.008868329002439, 4.719543645445179 ], [ -74.008555078029445, 4.719827945748957 ], [ -74.008544950093537, 4.720166860674789 ], [ -74.00856319411443, 4.720715849240222 ], [ -74.008390286849334, 4.72108582844308 ], [ -74.008229466211247, 4.721642249549461 ], [ -74.008375440481629, 4.72208070555898 ], [ -74.008343548353949, 4.722317829105398 ], [ -74.008195841821845, 4.72341599498489 ], [ -74.008171436090024, 4.723523780669433 ], [ -74.008087431985729, 4.723634194706007 ], [ -74.007964322117104, 4.723728452055321 ], [ -74.007919664594965, 4.723875827382313 ], [ -74.007973692074515, 4.724494154414079 ], [ -74.007827817529275, 4.724873398116645 ], [ -74.007726009403939, 4.725077134589682 ], [ -74.007489110542039, 4.7254310113266 ], [ -74.00727045475378, 4.725572800633722 ], [ -74.007177844314256, 4.725648558461485 ], [ -74.007160088374349, 4.725771549764693 ], [ -74.007195875346042, 4.725965804655424 ], [ -74.007263480927776, 4.72603853564202 ], [ -74.007354025620657, 4.726210707862254 ], [ -74.007360579571255, 4.726293482189944 ] ] } },
{ "type": "Feature", "properties": { "edge_id": "887073655#0", "fuera_tolerancia": true, "longitud_m": 924.94973366180523 }, "geometry": { "type": "LineString", "coordinates": [ [ -74.009040705803386, 4.667204444864456 ], [ -74.00897535339287, 4.667199377620444 ], [ -74.008859305734163, 4.667215947651377 ], [ -74.008800099874037, 4.667263533110969 ], [ -74.008716559010622, 4.667371235878693 ], [ -74.008632762773715, 4.667468174283335 ], [ -74.008578780568158, 4.667583607346885 ], [ -74.008476326473755, 4.667742299212301 ], [ -74.008449562817873, 4.667862745670527 ], [ -74.008386765176098, 4.667964326836748 ], [ -74.008291815621405, 4.668043068225528 ], [ -74.008128334156382, 4.668133923956781 ], [ -74.008001889210107, 4.668235867355045 ], [ -74.00789441011726, 4.668313505512169 ], [ -74.007771286462841, 4.66842558435926 ], [ -74.007684760226581, 4.668476296922144 ], [ -74.007617996205738, 4.668449247297968 ], [ -74.007584953875551, 4.668418536773164 ], [ -74.00760048671485, 4.668271119314647 ], [ -74.007621825086403, 4.668162333769798 ], [ -74.007654521578488, 4.668054197463075 ], [ -74.007643402540211, 4.667947536893705 ], [ -74.007626209586306, 4.667864928402217 ], [ -74.007549714278554, 4.667834337328155 ], [ -74.007494837698133, 4.667880391058958 ], [ -74.007427063934912, 4.667930406498497 ], [ -74.007397605045568, 4.667915801787657 ], [ -74.007377938133502, 4.667861592237429 ], [ -74.007372639920575, 4.667782709173076 ], [ -74.007369927229092, 4.667724362741442 ], [ -74.007372572080797, 4.667638525984221 ], [ -74.007364122778512, 4.667556653492163 ], [ -74.007286229340849, 4.667494582556669 ], [ -74.007249275641797, 4.667552872867392 ], [ -74.007196647378038, 4.667602819262786 ], [ -74.007140506019326, 4.667650770701703 ], [ -74.007074798741158, 4.667705763980432 ], [ -74.006942935064274, 4.667750442361679 ], [ -74.006804159008738, 4.667774306597597 ], [ -74.006655736167858, 4.667798609414782 ], [ -74.00658564885228, 4.66782700307335 ], [ -74.006555070270167, 4.667839351922642 ], [ -74.006477839271255, 4.667883203021042 ], [ -74.006407844067937, 4.667974281138816 ], [ -74.006292976594693, 4.668049014043691 ], [ -74.006213434261312, 4.668133746858678 ], [ -74.006172469380445, 4.66822359971041 ], [ -74.006145864580503, 4.668294929912491 ], [ -74.006079378811762, 4.668390535630182 ], [ -74.006023542421943, 4.668477925148997 ], [ -74.005922164370631, 4.668576195012819 ], [ -74.005755582927648, 4.668755599768181 ], [ -74.005669800030816, 4.668854524857045 ], [ -74.005587188188784, 4.668942238181149 ], [ -74.005468950495214, 4.669041388585743 ], [ -74.005388584228399, 4.669134894088815 ], [ -74.00529011363551, 4.669216976753673 ], [ -74.005228209369946, 4.669259944863536 ], [ -74.005129276007892, 4.669350529477022 ], [ -74.00501613393233, 4.669416128730737 ], [ -74.004903320674558, 4.669440300696429 ], [ -74.004810837058443, 4.669496069780354 ], [ -74.004780610714832, 4.669578249177133 ], [ -74.00470851983593, 4.669684791623256 ], [ -74.004672990748247, 4.669755475883931 ], [ -74.004619561102444, 4.669925995459304 ], [ -74.004587760832678, 4.669973528893562 ], [ -74.0045280933859, 4.670092390621591 ], [ -74.004503989086132, 4.670180367710048 ], [ -74.004449312059023, 4.670276442214047 ], [ -74.004365754791209, 4.670331138436771 ], [ -74.004229171662061, 4.670397789673835 ], [ -74.004088233182273, 4.670484334471509 ], [ -74.004009047842757, 4.670571238307997 ], [ -74.003949512378327, 4.670660340928251 ], [ -74.003900979810552, 4.670746293296795 ], [ -74.003865905542924, 4.670813993165515 ] ] } },
{ "type": "Feature", "properties": { "edge_id": "-887073655#0", "fuera_tolerancia": true, "longitud_m": 921.60550831942828 }, "geometry": { "type": "LineString", "coordinates": [ [ -74.003881850562564, 4.670822337542235 ], [ -74.003916834167683, 4.670754999357839 ], [ -74.003964824806474, 4.670669769846423 ], [ -74.004023275903819, 4.6705824747552 ], [ -74.004099752625095, 4.670498461583467 ], [ -74.004237803718325, 4.670413721754622 ], [ -74.004374747710159, 4.670346890121637 ], [ -74.004462816873996, 4.670289124882673 ], [ -74.004520747249558, 4.670187446875517 ], [ -74.004545032615269, 4.670098927321817 ], [ -74.004603434373919, 4.669982596494936 ], [ -74.004635957382462, 4.669933978642957 ], [ -74.00468974916005, 4.669762374136902 ], [ -74.004724012816524, 4.669694039871861 ], [ -74.004796826178122, 4.669586593913436 ], [ -74.004825604749229, 4.669508211510988 ], [ -74.004909967887755, 4.669457315396873 ], [ -74.005022600846246, 4.669433143174888 ], [ -74.005140073488448, 4.669365198270211 ], [ -74.005239548522709, 4.669274071702149 ], [ -74.005301091675392, 4.669231464893617 ], [ -74.005401187281507, 4.669147756367198 ], [ -74.005481553548776, 4.669054250862673 ], [ -74.005599610432071, 4.668955462014083 ], [ -74.005683125313084, 4.66886666452554 ], [ -74.005768908210229, 4.668767739434998 ], [ -74.005934947984258, 4.668588876630426 ], [ -74.006037589677504, 4.66848952311202 ], [ -74.006094329867892, 4.66840050670762 ], [ -74.006161899483942, 4.668303455266098 ], [ -74.006189047479481, 4.668230497667796 ], [ -74.006228565362576, 4.66814389909481 ], [ -74.006304676616296, 4.668062960469849 ], [ -74.006420265807535, 4.667987866770925 ], [ -74.006489899898725, 4.667897149954996 ], [ -74.006562980649917, 4.667855644773049 ], [ -74.006592386635006, 4.667843746531385 ], [ -74.006660579638606, 4.667816164273124 ], [ -74.006807198956693, 4.667792220717208 ], [ -74.006947417938918, 4.667767996709142 ], [ -74.00708379119834, 4.667721877451275 ], [ -74.00715220631001, 4.667664536209154 ], [ -74.007208708781477, 4.667616223465802 ], [ -74.007263322907534, 4.667564470806544 ], [ -74.007290699512723, 4.6675211822488 ], [ -74.007346980891654, 4.667566036419863 ], [ -74.00735454088543, 4.667639224104749 ], [ -74.007351896794219, 4.66772451814071 ], [ -74.007354608213049, 4.66778376910663 ], [ -74.007360082912285, 4.667865366029385 ], [ -74.007383162592575, 4.667928806678706 ], [ -74.007428837210071, 4.667951575157745 ], [ -74.007505996331673, 4.667894698518298 ], [ -74.007553110782851, 4.667855146469354 ], [ -74.007610504770568, 4.667878112420889 ], [ -74.007625548587555, 4.667950406157638 ], [ -74.007636133325747, 4.668052362381687 ], [ -74.007604341899437, 4.668157967265296 ], [ -74.007582640633885, 4.668268380461239 ], [ -74.007566011997682, 4.668425746268584 ], [ -74.007608238036241, 4.668464791520145 ], [ -74.007686174428557, 4.668496379630757 ], [ -74.007782083996872, 4.668440253120861 ], [ -74.007905749321324, 4.6683276323162 ], [ -74.008012867303663, 4.668250355461572 ], [ -74.008138409979892, 4.668148953507933 ], [ -74.008302071749938, 4.668058098029689 ], [ -74.008400451106326, 4.667976466969966 ], [ -74.00846650154665, 4.667869644086707 ], [ -74.008493264946367, 4.667749378534269 ], [ -74.008594634688805, 4.667592494207073 ], [ -74.00864807446429, 4.667478145819605 ], [ -74.008730426255767, 4.667382652631201 ], [ -74.008813063579666, 4.667276395844228 ], [ -74.008866673994305, 4.667233144256929 ], [ -74.008975868666226, 4.667217649991294 ], [ -74.00903932829047, 4.667222443201626 ] ] } },
{ "type": "Feature", "properties": { "edge_id": "214847402#5", "fuera_tolerancia": true, "longitud_m": 883.73030112007064 }, "geometry": { "type": "LineString", "coordinates": [ [ -74.0123959027909, 4.700715407313584 ], [ -74.012101820464494, 4.700968079814261 ], [ -74.011965673295222, 4.701168874824439 ], [ -74.011938331658484, 4.701506228252396 ], [ -74.01206557864424, 4.701671577127734 ], [ -74.01224706698406, 4.701731895727914 ], [ -74.012511440946952, 4.701705043978034 ], [ -74.012792012575588, 4.701699743057357 ], [ -74.012855496881926, 4.701753291154955 ], [ -74.012845432203676, 4.70185811272767 ], [ -74.012584230795483, 4.702192873450792 ], [ -74.012459323101595, 4.702350809416306 ], [ -74.012250680330183, 4.702430836439284 ], [ -74.012112008934764, 4.702567315276379 ], [ -74.011938980158021, 4.702901386602913 ], [ -74.011856830835569, 4.703361498309988 ], [ -74.011852650653992, 4.703384919878021 ], [ -74.01189057700914, 4.703917293521903 ], [ -74.011983379216943, 4.704086573569403 ], [ -74.012069199924412, 4.704155982855141 ], [ -74.012115147473807, 4.704242612211961 ], [ -74.012061988161165, 4.704603175564146 ], [ -74.012035037198856, 4.704791009587382 ], [ -74.012035029157403, 4.704924609642906 ], [ -74.01201946585735, 4.705028609272491 ], [ -74.01193879792892, 4.705141109593622 ], [ -74.011906231302348, 4.705411248459822 ], [ -74.011906292064978, 4.705559954367166 ], [ -74.011858948170087, 4.705696291279007 ], [ -74.01178342602401, 4.705803823912736 ], [ -74.011756096694853, 4.70594018922541 ], [ -74.011756034655946, 4.706175911367365 ], [ -74.011741403502498, 4.706322063699921 ], [ -74.011734727307257, 4.706389261285726 ], [ -74.011713163246299, 4.706592841840203 ], [ -74.011707804019125, 4.70681290796961 ], [ -74.011729318554501, 4.707027856406526 ], [ -74.011766850189403, 4.707200676189883 ] ] } },
{ "type": "Feature", "properties": { "edge_id": "-214847402#5", "fuera_tolerancia": true, "longitud_m": 881.74102056195977 }, "geometry": { "type": "LineString", "coordinates": [ [ -74.011784436113331, 4.707196811658768 ], [ -74.011747173538254, 4.707024987247796 ], [ -74.011725836246427, 4.706812209949709 ], [ -74.011731192915718, 4.706593952888435 ], [ -74.01175257563888, 4.706391095704062 ], [ -74.01175943214443, 4.706323898373773 ], [ -74.011774064570247, 4.706176841505301 ], [ -74.011774125327278, 4.705942023896836 ], [ -74.011800365127556, 4.705811084255384 ], [ -74.011875164494469, 4.705704636037302 ], [ -74.011924318903226, 4.705563055381485 ], [ -74.011924260943104, 4.705412359496741 ], [ -74.011956098408831, 4.705147827720533 ], [ -74.012036585514181, 4.705035688955041 ], [ -74.012053058531635, 4.70492590158088 ], [ -74.012053066569706, 4.704792301524638 ], [ -74.012079835430782, 4.704605733592673 ], [ -74.012133904451773, 4.704239382493 ], [ -74.012083461099806, 4.70414424411296 ], [ -74.01199746033538, 4.704074653666129 ], [ -74.011908254915198, 4.703912072295431 ], [ -74.011870860809097, 4.70338585025426 ], [ -74.011874587024536, 4.703364689383513 ], [ -74.011956281861956, 4.702907200183689 ], [ -74.01212659883123, 4.702578190411057 ], [ -74.012260575515484, 4.702446408504693 ], [ -74.012470300666777, 4.702366021199362 ], [ -74.012598459563407, 4.702204109878427 ], [ -74.012862912424055, 4.701865192887001 ], [ -74.012874440469005, 4.701745538980685 ], [ -74.012798349176393, 4.70168148039047 ], [ -74.01251038455753, 4.701686951742905 ], [ -74.012249076394539, 4.701713446026127 ], [ -74.012076418953271, 4.701656215375909 ], [ -74.011956911563175, 4.701500646476122 ], [ -74.011983335071307, 4.701175050721246 ], [ -74.012115326685446, 4.700980219757618 ], [ -74.012407603743654, 4.700729082405307 ] ] } },
{ "type": "Feature", "properties": { "edge_id": "887275716#0", "fuera_tolerancia": true, "longitud_m": 874.63115095075477 }, "geometry": { "type": "LineString", "coordinates": [ [ -74.007399521122395, 4.726361739894984 ], [ -74.007471538731465, 4.726438547599297 ], [ -74.007564143000906, 4.726620672645655 ], [ -74.007604130597002, 4.726840893711616 ], [ -74.007622734733673, 4.727008892490048 ], [ -74.007638970938856, 4.727193621773829 ], [ -74.007681907532131, 4.727432299579788 ], [ -74.007735701782536, 4.727643856889792 ], [ -74.007786720826488, 4.727841570842009 ], [ -74.007816197048328, 4.727972318356457 ], [ -74.007845602680121, 4.728089316839085 ], [ -74.007850660710744, 4.728209627231855 ], [ -74.007827929974738, 4.728280510216805 ], [ -74.007757340536713, 4.72834037977836 ], [ -74.007638895395885, 4.728450472916419 ], [ -74.007561327654543, 4.728535659430007 ], [ -74.007468091332015, 4.728607436364529 ], [ -74.007392995440426, 4.728666213976056 ], [ -74.007285228073215, 4.728748824472752 ], [ -74.007274197802019, 4.728897152368636 ], [ -74.007263471097829, 4.729022234154185 ], [ -74.007236858276045, 4.729160047108376 ], [ -74.00719142015285, 4.729285260040855 ], [ -74.007140515151434, 4.729450716924858 ], [ -74.007063179274724, 4.729626176240098 ], [ -74.006937716253006, 4.729852401374446 ], [ -74.006909989152746, 4.72988628166313 ], [ -74.006855076799241, 4.729953409838213 ], [ -74.006769367535725, 4.730057489301499 ], [ -74.006632104029009, 4.730213053265289 ], [ -74.00655402313771, 4.730341746970559 ], [ -74.006459792030114, 4.730478648751448 ], [ -74.006405504008526, 4.730613708307719 ], [ -74.006359570309868, 4.730770126857897 ], [ -74.006354205801713, 4.730865004826271 ], [ -74.006354208010578, 4.730989921040804 ], [ -74.006382323700166, 4.731062957323873 ], [ -74.006480829477852, 4.731153009417916 ], [ -74.006549100388142, 4.731201952250293 ], [ -74.006647942832799, 4.731245602189579 ], [ -74.006773248566475, 4.731256545931654 ], [ -74.006860435979036, 4.731254138312494 ], [ -74.006888137466674, 4.731364802633493 ], [ -74.006935854068217, 4.731538903543369 ], [ -74.006901420733939, 4.731660152239095 ], [ -74.006879870765246, 4.731851249484416 ], [ -74.006885177593901, 4.731986575473655 ], [ -74.006914840673829, 4.732112619700813 ], [ -74.006933510012772, 4.732234668203497 ], [ -74.006936265176336, 4.73238907621272 ], [ -74.00698817267515, 4.732469382905274 ], [ -74.007132846761024, 4.732491661099758 ], [ -74.007245655797675, 4.732477893080964 ], [ -74.007305928945101, 4.732445144920527 ], [ -74.007437288531747, 4.73238373449319 ], [ -74.007550244539033, 4.732330076647319 ], [ -74.007648330575961, 4.732271965240023 ], [ -74.007758167421485, 4.732256021983225 ] ] } },
{ "type": "Feature", "properties": { "edge_id": "-887275716#0", "fuera_tolerancia": true, "longitud_m": 873.00701274335734 }, "geometry": { "type": "LineString", "coordinates": [ [ -74.007755578311901, 4.732238108482133 ], [ -74.007642224487341, 4.732254589417725 ], [ -74.007541792251743, 4.732314144716109 ], [ -74.007429558036122, 4.732367441782209 ], [ -74.007297837557815, 4.732429032597943 ], [ -74.007240090932228, 4.732460337126295 ], [ -74.007133053119802, 4.73247338979585 ], [ -74.006998835185357, 4.73245275476581 ], [ -74.006954124692143, 4.73238349372193 ], [ -74.006951544169837, 4.732233065914755 ], [ -74.006932516769524, 4.73210920782899 ], [ -74.006903213033567, 4.731984068652084 ], [ -74.006897901559952, 4.731851998980146 ], [ -74.006919087019924, 4.731663614814164 ], [ -74.006954607159301, 4.731538930444381 ], [ -74.006905635029241, 4.731360124153775 ], [ -74.006874346771284, 4.731235705761615 ], [ -74.006773815305863, 4.73123845605305 ], [ -74.006652476057511, 4.731227879816752 ], [ -74.006558138729503, 4.731186226319092 ], [ -74.006492209633151, 4.731138915010439 ], [ -74.0063976656931, 4.731052486741794 ], [ -74.006372244712395, 4.730986509695331 ], [ -74.006372236825626, 4.73086557342369 ], [ -74.006377417402433, 4.730773227887277 ], [ -74.0064226256995, 4.73061970280462 ], [ -74.006475827943149, 4.730487355292074 ], [ -74.006569155913184, 4.730351537654379 ], [ -74.006646694560899, 4.730223747703796 ], [ -74.006783054931901, 4.73006926788311 ], [ -74.006868945028813, 4.729964826863521 ], [ -74.006923857253483, 4.729897789140548 ], [ -74.006952668193222, 4.729862553603469 ], [ -74.007079396271578, 4.729634340303223 ], [ -74.007157455993095, 4.729457072953748 ], [ -74.00720854208204, 4.729291073606512 ], [ -74.007254342126217, 4.729164956656346 ], [ -74.007281318928946, 4.729024792432068 ], [ -74.007292227493181, 4.728898625464488 ], [ -74.007302525157357, 4.728758256423759 ], [ -74.007403974459635, 4.728680521358778 ], [ -74.007479070352332, 4.728621743746217 ], [ -74.007573570185855, 4.728549064085747 ], [ -74.007651679909983, 4.728463154719318 ], [ -74.007769222177629, 4.728353964820846 ], [ -74.007843422340386, 4.728291025010685 ], [ -74.007868869161769, 4.728212186007218 ], [ -74.007863457957811, 4.728086628805377 ], [ -74.007833693747443, 4.727968182553438 ], [ -74.007804217779565, 4.72783725413244 ], [ -74.007753198987857, 4.727639359273893 ], [ -74.007699584019463, 4.727428525848888 ], [ -74.007656825677799, 4.727191295553948 ], [ -74.007640769012568, 4.727007109247672 ], [ -74.00762198584134, 4.726838205677497 ], [ -74.007581461664131, 4.726614908424244 ], [ -74.007486519962981, 4.726428076450312 ], [ -74.007412701886977, 4.726349366645448 ] ] } },
{ "type": "Feature", "properties": { "edge_id": "787248177#1", "fuera_tolerancia": true, "longitud_m": 681.16549718481372 }, "geometry": { "type": "LineString", "coordinates": [ [ -74.035575165655231, 4.684859573591914 ], [ -74.036541877974344, 4.682758656377655 ], [ -74.037136405439767, 4.681466881788075 ], [ -74.037471096567245, 4.680711324409448 ], [ -74.037561608899097, 4.68051471056934 ], [ -74.037699704754402, 4.680264884491678 ], [ -74.037770476796297, 4.68013174245318 ], [ -74.038004914733335, 4.679839173340476 ], [ -74.038136088117227, 4.679707018807585 ], [ -74.038312343978276, 4.679504552638143 ], [ -74.038350642656908, 4.679450603963762 ], [ -74.038370352850592, 4.679409022004778 ] ] } },
{ "type": "Feature", "properties": { "edge_id": "214847402#0", "fuera_tolerancia": true, "longitud_m": 665.14639371595649 }, "geometry": { "type": "LineString", "coordinates": [ [ -74.011137748418378, 4.688959711380419 ], [ -74.011423560415892, 4.689455530804488 ], [ -74.011572675883585, 4.689839717778449 ], [ -74.011614236278021, 4.689968401751289 ], [ -74.011651035048558, 4.690149451674212 ], [ -74.011660010576719, 4.69043430305957 ], [ -74.011664882269201, 4.69062426271119 ], [ -74.011680908012096, 4.690767925859643 ], [ -74.011675622842304, 4.69087203057942 ], [ -74.011720058942856, 4.690943190080406 ], [ -74.011787514193301, 4.691057257213055 ], [ -74.011862608785634, 4.691124118325539 ], [ -74.012018663874827, 4.691381951313725 ], [ -74.012135173582948, 4.691552711868391 ], [ -74.012169472582229, 4.691652259476753 ], [ -74.012162523481763, 4.691849800532915 ], [ -74.01211109569617, 4.692006393568266 ], [ -74.012024891522628, 4.69214647480028 ], [ -74.011997977107825, 4.692245031237039 ], [ -74.011993117028609, 4.692303276539383 ], [ -74.011995470299681, 4.692360808422222 ], [ -74.012019027311311, 4.692534151052108 ], [ -74.012027169351853, 4.69270647687186 ], [ -74.012024294252342, 4.69289181242827 ], [ -74.011968245419965, 4.693064771003171 ], [ -74.011880188597559, 4.693239945589722 ], [ -74.011840085223312, 4.693357207243578 ], [ -74.011780175557476, 4.69351885360553 ], [ -74.011776268248497, 4.693668820288313 ], [ -74.011841657635259, 4.693777547770575 ], [ -74.011924016802752, 4.693871555328843 ], [ -74.01198328132736, 4.693976294170246 ], [ -74.012022153159535, 4.694093667652405 ], [ -74.012100968781283, 4.694335471523331 ], [ -74.012245289806614, 4.694475426820608 ] ] } },
{ "type": "Feature", "properties": { "edge_id": "-214847402#0", "fuera_tolerancia": true, "longitud_m": 664.51759309196223 }, "geometry": { "type": "LineString", "coordinates": [ [ -74.012257839595279, 4.694462419255129 ], [ -74.01211666964862, 4.694325543847692 ], [ -74.012039290384919, 4.694088083788702 ], [ -74.011999880168105, 4.693968900470738 ], [ -74.011938816879677, 4.693861083657728 ], [ -74.011856277656562, 4.693766894938664 ], [ -74.011794486297603, 4.69366396158895 ], [ -74.011798201587226, 4.693522316372745 ], [ -74.011857025581008, 4.693363382081915 ], [ -74.011896767063746, 4.69324702445112 ], [ -74.0119850044467, 4.693071669210056 ], [ -74.012042321032354, 4.692894732464985 ], [ -74.012045200706197, 4.692706140580855 ], [ -74.012037060441799, 4.692532548411119 ], [ -74.012013503425578, 4.692359205780904 ], [ -74.012011147354912, 4.692303663875217 ], [ -74.012015823308843, 4.692248131922781 ], [ -74.012041650021473, 4.692153734815544 ], [ -74.012127493068064, 4.692014014884722 ], [ -74.01218036942042, 4.691853082119562 ], [ -74.012187687524076, 4.691649571639812 ], [ -74.012151413015346, 4.691544413106803 ], [ -74.012033823489517, 4.691372203766971 ], [ -74.011876689344959, 4.691112379272881 ], [ -74.011801594752001, 4.691045518161872 ], [ -74.011735398348819, 4.690933804608157 ], [ -74.011693840814971, 4.690867171867109 ], [ -74.011698939569143, 4.690767408660051 ], [ -74.011682914839938, 4.690623021883119 ], [ -74.01167804212507, 4.690433785858703 ], [ -74.011669068878589, 4.690147306308766 ], [ -74.011631732740781, 4.68996372292187 ], [ -74.011589633454705, 4.689833590927656 ], [ -74.011439799290841, 4.689447593864529 ], [ -74.011153267579189, 4.688950687982192 ] ] } },
{ "type": "Feature", "properties": { "edge_id": "-741972930#0", "fuera_tolerancia": true, "longitud_m": 653.46139499738831 }, "geometry": { "type": "LineString", "coordinates": [ [ -74.029921036179203, 4.675522122860437 ], [ -74.029094730006918, 4.675432513857866 ], [ -74.027947985309851, 4.675304016330411 ], [ -74.027806020049553, 4.675285818945992 ], [ -74.027703257012462, 4.675277897266066 ], [ -74.027646727204896, 4.675280894245065 ], [ -74.027587485341826, 4.675289314704306 ], [ -74.027502346159295, 4.675314795042725 ], [ -74.027427102032945, 4.675356028130317 ], [ -74.027363833325737, 4.675408041879654 ], [ -74.027312998409016, 4.675465319227134 ], [ -74.027122645852884, 4.675690647525841 ], [ -74.027068670036002, 4.675737427803701 ], [ -74.027018866562159, 4.675765851680592 ], [ -74.026948322650256, 4.675798136269372 ], [ -74.026854350825488, 4.675821885612263 ], [ -74.026772392246329, 4.675829008071994 ], [ -74.026680799964154, 4.675826981267693 ], [ -74.026592740612784, 4.675812657599372 ], [ -74.026501364108213, 4.675784942099441 ], [ -74.025623063967132, 4.67548287052379 ], [ -74.024779975315781, 4.675209068693032 ], [ -74.024660017214671, 4.675183845908976 ], [ -74.024573116628417, 4.675179202211361 ], [ -74.024507297425359, 4.67518489962363 ], [ -74.024455355298755, 4.675195229512079 ], [ -74.024398443656978, 4.675213602888217 ], [ -74.024353606668242, 4.67523615396308 ] ] } },
{ "type": "Feature", "properties": { "edge_id": "331285192", "fuera_tolerancia": true, "longitud_m": 653.08513811988382 }, "geometry": { "type": "LineString", "coordinates": [ [ -73.999518532191857, 4.804704292915069 ], [ -73.99968599932987, 4.804749674713612 ], [ -74.000266697583413, 4.804803170120838 ], [ -74.00060541175958, 4.80483713433601 ], [ -74.000967910465462, 4.804884882114185 ], [ -74.001025959087528, 4.804898625589449 ], [ -74.001069646558307, 4.804929081845636 ], [ -74.001104767366925, 4.804959977814402 ], [ -74.001132098789583, 4.805014832445972 ], [ -74.001183530722685, 4.805114134866326 ], [ -74.001290585641783, 4.805406907541566 ], [ -74.001341325998979, 4.805547726929204 ], [ -74.001382915917944, 4.805656422053993 ], [ -74.001465288527797, 4.805746995841095 ], [ -74.001548963163117, 4.805748384747239 ], [ -74.001714100084399, 4.805722395193457 ], [ -74.00179486233661, 4.805680362299994 ], [ -74.001902936853341, 4.805644429744397 ], [ -74.001979527250697, 4.805618943640845 ], [ -74.002087448690148, 4.80562624742936 ], [ -74.002192973914134, 4.805669186232663 ], [ -74.002301812371797, 4.805727959172177 ], [ -74.002455865331953, 4.805883311776974 ], [ -74.00254347915407, 4.805904153757322 ], [ -74.002748623886163, 4.805958906711303 ], [ -74.002900827251239, 4.806084135637076 ], [ -74.003051614022993, 4.806129401869056 ], [ -74.003176870985385, 4.806120901553909 ], [ -74.003271026708504, 4.80610756171921 ], [ -74.003306275316106, 4.806112678638983 ], [ -74.003401870993471, 4.806163291286275 ], [ -74.003633071566242, 4.806282303858864 ], [ -74.003817650773513, 4.806404142732977 ], [ -74.003846281747187, 4.806433581864022 ], [ -74.003889059340139, 4.8065940178857 ], [ -74.00393790899642, 4.806733296736165 ], [ -74.00401766820444, 4.806761091974429 ], [ -74.004367420123089, 4.806708416520139 ] ] } },
{ "type": "Feature", "properties": { "edge_id": "741972932", "fuera_tolerancia": true, "longitud_m": 651.73811781872973 }, "geometry": { "type": "LineString", "coordinates": [ [ -74.024365833847867, 4.67526041268354 ], [ -74.024408686235603, 4.675238763385066 ], [ -74.024462170589572, 4.67522147068471 ], [ -74.024511046538166, 4.675211860159172 ], [ -74.024573620009861, 4.675206339135912 ], [ -74.024656554147086, 4.675210796403621 ], [ -74.024773087464212, 4.675235290788825 ], [ -74.025614554147239, 4.675508547652863 ], [ -74.026493034367306, 4.6758108004034 ], [ -74.026586573534601, 4.675839242543536 ], [ -74.026678418543369, 4.675854114198555 ], [ -74.026773256317881, 4.675856145513328 ], [ -74.026858821498422, 4.675848666248324 ], [ -74.026957302448267, 4.675823837719825 ], [ -74.027031274153515, 4.675790110625724 ], [ -74.027084325863342, 4.675759701268754 ], [ -74.027141912022856, 4.675709850563208 ], [ -74.027333348405818, 4.675483076497684 ], [ -74.027382558083914, 4.675427605975186 ], [ -74.027442216453764, 4.675378662653144 ], [ -74.027512769163664, 4.675339955767898 ], [ -74.027593218427754, 4.675315916185212 ], [ -74.027649394611927, 4.675307853287338 ], [ -74.027702858989855, 4.675305032962235 ], [ -74.027803278317108, 4.675312770482082 ], [ -74.027944702667881, 4.67533096711758 ], [ -74.029091808015991, 4.675459465159144 ], [ -74.029918114218063, 4.675549074171603 ] ] } },
{ "type": "Feature", "properties": { "edge_id": "-331285192", "fuera_tolerancia": true, "longitud_m": 651.42764191540107 }, "geometry": { "type": "LineString", "coordinates": [ [ -74.004363133513081, 4.806679827046685 ], [ -74.004020416353654, 4.806731427343808 ], [ -74.003960484303803, 4.806710535525387 ], [ -74.003916663340121, 4.806585555628917 ], [ -74.003872271898189, 4.806418785525945 ], [ -74.003836077782225, 4.806381737274486 ], [ -74.003647715430262, 4.806257179280339 ], [ -74.003415253287869, 4.806137622150301 ], [ -74.003315332668379, 4.806084832305309 ], [ -74.003271069293845, 4.806078254953637 ], [ -74.003173847050022, 4.806092133023705 ], [ -74.003054902691403, 4.806100099853134 ], [ -74.002914570760936, 4.806058105230173 ], [ -74.002762007248791, 4.805932513968536 ], [ -74.002550553083168, 4.805876123630899 ], [ -74.002470510800748, 4.805857101795157 ], [ -74.002319339291063, 4.805704467005645 ], [ -74.00220527500133, 4.805642972826018 ], [ -74.002093982409448, 4.805597673801081 ], [ -74.001975782805161, 4.805589631342098 ], [ -74.001893869831036, 4.805616918715633 ], [ -74.001783540050454, 4.805653571593265 ], [ -74.001704943427711, 4.805694522219807 ], [ -74.001547021582653, 4.805719436903031 ], [ -74.001478134340317, 4.805718250564112 ], [ -74.001407825099832, 4.805640900606008 ], [ -74.001368391322828, 4.80553763582789 ], [ -74.00131765069662, 4.805396997347082 ], [ -74.001210057388221, 4.805102414822831 ], [ -74.001157725873242, 4.80500166383603 ], [ -74.001128057178633, 4.804941921312597 ], [ -74.001087352770597, 4.804906313602388 ], [ -74.001037900574616, 4.804871688057879 ], [ -74.000973181856892, 4.804856306654591 ], [ -74.00060869972188, 4.804808375068756 ], [ -74.000269444548394, 4.804774410064854 ], [ -73.999691090433572, 4.804721099010181 ], [ -73.999526056925745, 4.804676353956698 ] ] } },
{ "type": "Feature", "properties": { "edge_id": "-887275717", "fuera_tolerancia": true, "longitud_m": 628.88800426946443 }, "geometry": { "type": "LineString", "coordinates": [ [ -74.012827869478315, 4.732739871082495 ], [ -74.01281166654951, 4.732721666794103 ], [ -74.012781981499401, 4.732673955395433 ], [ -74.012766112759508, 4.732610796135426 ], [ -74.01271572357544, 4.73247649109246 ], [ -74.012548132694135, 4.732465397582618 ], [ -74.012328744317543, 4.732486702965753 ], [ -74.01213233927723, 4.732449608054606 ], [ -74.011875340424055, 4.732353631753634 ], [ -74.01162859749229, 4.732273408940726 ], [ -74.011339153013409, 4.732169245315765 ], [ -74.011075945376589, 4.732064847711099 ], [ -74.010828917060408, 4.731995297765962 ], [ -74.01075970467538, 4.731974123176787 ], [ -74.010545434434306, 4.731883363370383 ], [ -74.010374140016125, 4.731813921534198 ], [ -74.010298370845618, 4.731775279996099 ], [ -74.01015404012972, 4.73170162534829 ], [ -74.009907222746648, 4.731610728385012 ], [ -74.009720360774097, 4.731520278928001 ], [ -74.009579842332201, 4.731428719837171 ], [ -74.009378480420736, 4.7313907126091 ], [ -74.009177492168448, 4.731406977975728 ], [ -74.009033429176995, 4.731462219782278 ], [ -74.008973837543294, 4.731586417610512 ], [ -74.008897754252018, 4.731641937599755 ], [ -74.008803725456616, 4.731636737576205 ], [ -74.008650972300259, 4.731653071835081 ], [ -74.008535384598247, 4.731718846902819 ], [ -74.008427205040377, 4.731837366949724 ], [ -74.008277952031818, 4.731991647712547 ], [ -74.008178327057365, 4.732054189244953 ], [ -74.008022854106727, 4.732081012050537 ], [ -74.007840301955085, 4.732193184094786 ] ] } },
{ "type": "Feature", "properties": { "edge_id": "1364874480", "fuera_tolerancia": true, "longitud_m": 628.6425230894904 }, "geometry": { "type": "LineString", "coordinates": [ [ -74.038144416930677, 4.679813676023833 ], [ -74.037923231486317, 4.680040322143574 ], [ -74.037866063272432, 4.68011432571916 ], [ -74.037815656791906, 4.680188157675599 ], [ -74.037743091814619, 4.680313879991577 ], [ -74.037627463054051, 4.680549897453328 ], [ -74.037188580430268, 4.681484411292205 ], [ -74.035969505915588, 4.68413078398441 ], [ -74.035627074321823, 4.68487420834805 ], [ -74.035623366982108, 4.684882253670988 ] ] } },
{ "type": "Feature", "properties": { "edge_id": "887275717", "fuera_tolerancia": true, "longitud_m": 625.78003216462207 }, "geometry": { "type": "LineString", "coordinates": [ [ -74.007849746773175, 4.732208574725283 ], [ -74.008029321099272, 4.732098207481451 ], [ -74.008184974372327, 4.732071384933552 ], [ -74.008289292004505, 4.7320057747048 ], [ -74.008440350515258, 4.731849868362898 ], [ -74.008546724316332, 4.731733154797769 ], [ -74.008656537201446, 4.731670627784935 ], [ -74.008804240676994, 4.731654829016408 ], [ -74.008903137554881, 4.731660397824068 ], [ -74.008988065708124, 4.73159837784327 ], [ -74.00904657208676, 4.731476530251575 ], [ -74.009181433961388, 4.731424712507852 ], [ -74.009377552853834, 4.731408982894609 ], [ -74.009572965809042, 4.731445896170708 ], [ -74.009711502807889, 4.731536005172401 ], [ -74.009900166680964, 4.731627361744984 ], [ -74.01014680374962, 4.731718258453938 ], [ -74.010290233646259, 4.731791369094545 ], [ -74.01036672357759, 4.731830373478425 ], [ -74.010538558696823, 4.731899996997099 ], [ -74.010753549701562, 4.731991119650784 ], [ -74.010823843485284, 4.732012657600484 ], [ -74.011070150788967, 4.732082025611332 ], [ -74.011332817731358, 4.73218624153987 ], [ -74.011622802914516, 4.732290586847982 ], [ -74.011869365532192, 4.732370809406624 ], [ -74.012127445789119, 4.73246714906878 ], [ -74.01232799713847, 4.732504973527894 ], [ -74.012548467689712, 4.732483488782895 ], [ -74.012702896332399, 4.73249383988947 ], [ -74.012748794465494, 4.732616198649502 ], [ -74.012765201596409, 4.732681167749908 ], [ -74.012797225662609, 4.732732500630166 ], [ -74.012814418678303, 4.732751882228131 ] ] } },
{ "type": "Feature", "properties": { "edge_id": "889083604", "fuera_tolerancia": true, "longitud_m": 622.44037579412714 }, "geometry": { "type": "LineString", "coordinates": [ [ -74.007893759944949, 4.748757099307947 ], [ -74.007856193806603, 4.748987611102807 ], [ -74.00785076981866, 4.749186872234582 ], [ -74.007872948086273, 4.749314081677366 ], [ -74.008004968197383, 4.74942381069574 ], [ -74.008145963191396, 4.749499361200598 ], [ -74.008292589067651, 4.749546336488566 ], [ -74.008333886819869, 4.749669955289447 ], [ -74.00837128696233, 4.749808041038893 ], [ -74.008387169228428, 4.749987704437376 ], [ -74.008355552771533, 4.750155811944575 ], [ -74.00829320068685, 4.750254135632903 ], [ -74.008207470559896, 4.750307651230062 ], [ -74.008044470429269, 4.750551369708439 ], [ -74.008006186316152, 4.750779438214194 ], [ -74.008044032726289, 4.750983736538286 ], [ -74.008060024555988, 4.75114974161411 ], [ -74.008092284020975, 4.751288814969679 ], [ -74.008113769123838, 4.751459441076032 ], [ -74.008145884167888, 4.751699550722213 ], [ -74.008151242697593, 4.752050698699752 ], [ -74.008310552969974, 4.752180999969259 ], [ -74.008436935024434, 4.75207236628284 ], [ -74.008453167394237, 4.751943945731761 ], [ -74.008509773028123, 4.75189210687031 ], [ -74.008603092217939, 4.751954111251218 ], [ -74.008726810472197, 4.751942892037208 ], [ -74.008832232251407, 4.751864077756347 ], [ -74.00894901705702, 4.751909653305122 ], [ -74.009018065205524, 4.751983924414689 ], [ -74.009129587591545, 4.752052648462228 ], [ -74.009187022718379, 4.752177556811447 ], [ -74.00923645527493, 4.752413440066727 ], [ -74.009416140378121, 4.752418944629583 ], [ -74.009478907503123, 4.752408904044215 ] ] } },
{ "type": "Feature", "properties": { "edge_id": "-889083604", "fuera_tolerancia": true, "longitud_m": 618.18718569194209 }, "geometry": { "type": "LineString", "coordinates": [ [ -74.00947604776637, 4.752391080599363 ], [ -74.009414903944048, 4.752400852157329 ], [ -74.009251267139788, 4.752395732477064 ], [ -74.009204161733592, 4.752171792425211 ], [ -74.009143670661814, 4.752040186127304 ], [ -74.009029626070898, 4.75196983029383 ], [ -74.008959317465866, 4.751894291024786 ], [ -74.008829376278555, 4.751843631167471 ], [ -74.008720163572178, 4.751925334507739 ], [ -74.008607807256823, 4.751935484620541 ], [ -74.008508002367222, 4.751869310053315 ], [ -74.008436049325283, 4.751935056670281 ], [ -74.008419997793652, 4.75206311566671 ], [ -74.008310225940193, 4.752157481602516 ], [ -74.008169107144994, 4.752042040874009 ], [ -74.008163918584529, 4.751698129414746 ], [ -74.008131624503633, 4.751457114976083 ], [ -74.008110140689212, 4.75128558433679 ], [ -74.008077880703269, 4.751146872794355 ], [ -74.008061888351946, 4.750981229531082 ], [ -74.008024579544298, 4.750779283769847 ], [ -74.008061591305051, 4.750558268800103 ], [ -74.008220254629578, 4.750320875820758 ], [ -74.008306165080839, 4.750267360481494 ], [ -74.008372673901533, 4.750162530120657 ], [ -74.008405380563843, 4.749988635158391 ], [ -74.008389143591216, 4.749804810390382 ], [ -74.008351205319101, 4.749664733891418 ], [ -74.008306855255043, 4.749531884449736 ], [ -74.00815301982432, 4.749482547007344 ], [ -74.008015087994423, 4.74940862907223 ], [ -74.007889551749471, 4.749304336589335 ], [ -74.007868803909361, 4.74918563182768 ], [ -74.007874223755508, 4.748989265198905 ], [ -74.007911607755986, 4.748760019488114 ] ] } },
{ "type": "Feature", "properties": { "edge_id": "1157067603", "fuera_tolerancia": true, "longitud_m": 568.09981018416443 }, "geometry": { "type": "LineString", "coordinates": [ [ -74.044269554993633, 4.687304922345435 ], [ -74.044604501404223, 4.687089465316503 ], [ -74.045072580180829, 4.686826520451743 ], [ -74.045859557653898, 4.68641403691089 ], [ -74.04621910323992, 4.68620756750658 ], [ -74.047428103385343, 4.685520675501845 ], [ -74.048711588589569, 4.684752563501484 ] ] } },
{ "type": "Feature", "properties": { "edge_id": "1022270077", "fuera_tolerancia": true, "longitud_m": 499.53990488888735 }, "geometry": { "type": "LineString", "coordinates": [ [ -74.013096992510853, 4.759016661729087 ], [ -74.012829973712257, 4.758669389452479 ], [ -74.012563085474639, 4.758357213287561 ], [ -74.012362902755086, 4.758245487358149 ], [ -74.012141022920162, 4.75823775181602 ], [ -74.011750676885626, 4.758259443143633 ], [ -74.011462451987057, 4.758178163884039 ], [ -74.011236426436056, 4.758042882652919 ], [ -74.011197509475281, 4.758019489753179 ], [ -74.010984252531244, 4.757908468337809 ], [ -74.010623718370056, 4.757637042103688 ], [ -74.010510676176807, 4.75749541039205 ], [ -74.010314329534708, 4.757097132845201 ], [ -74.01020381501624, 4.756700878180518 ], [ -74.010123935885488, 4.756571143521025 ], [ -74.01000853187405, 4.756505127496302 ], [ -74.009816814185228, 4.756464419164701 ] ] } },
{ "type": "Feature", "properties": { "edge_id": "-1022270077", "fuera_tolerancia": true, "longitud_m": 497.20002074378982 }, "geometry": { "type": "LineString", "coordinates": [ [ -74.009810913183188, 4.756492722618458 ], [ -74.009998214341508, 4.756532429615921 ], [ -74.010103167781622, 4.756592641598227 ], [ -74.010177110139395, 4.756712598750041 ], [ -74.010287265800628, 4.757107586551479 ], [ -74.010486129487632, 4.757511114023232 ], [ -74.010603491990153, 4.757657998249413 ], [ -74.010968889767895, 4.757933049621693 ], [ -74.011183407959606, 4.758044796482397 ], [ -74.011221694427817, 4.758067736210021 ], [ -74.011450872965554, 4.758204921498354 ], [ -74.011747569811007, 4.75828856471828 ], [ -74.012141342302485, 4.758266697405638 ], [ -74.012354927435283, 4.758274240142513 ], [ -74.012544479466854, 4.758379980892864 ], [ -74.012807587309098, 4.758687628965726 ], [ -74.013074065896049, 4.759034357754054 ] ] } },
{ "type": "Feature", "properties": { "edge_id": "152824359#1", "fuera_tolerancia": true, "longitud_m": 479.47202777994067 }, "geometry": { "type": "LineString", "coordinates": [ [ -74.016820136386471, 4.76146505270505 ], [ -74.016795870142886, 4.761473701576002 ], [ -74.016738854730491, 4.761496323956274 ], [ -74.016670291867811, 4.761523542961895 ], [ -74.016091242547773, 4.76179127189048 ], [ -74.015705115908091, 4.761951003334433 ], [ -74.015281903582121, 4.76213067168315 ], [ -74.01536994899179, 4.762161823308094 ], [ -74.015416635569963, 4.762174553641099 ], [ -74.015482339918421, 4.762192014779226 ], [ -74.01552593985447, 4.76221957508091 ], [ -74.015549943870596, 4.762268544842471 ], [ -74.015582989043338, 4.762363477981163 ], [ -74.01562460861318, 4.762515590078122 ], [ -74.015686449099192, 4.762714043367883 ], [ -74.015718516265778, 4.762799296570051 ], [ -74.015749497233188, 4.762887533187183 ], [ -74.015817762908597, 4.763069442659815 ], [ -74.015856440203322, 4.763198303967306 ], [ -74.015898559281482, 4.763316225311873 ], [ -74.015928217539681, 4.763383565249071 ], [ -74.015965158981984, 4.76346502637351 ], [ -74.016018518032141, 4.763540993318515 ], [ -74.016101455995397, 4.763613293985039 ], [ -74.016208547127121, 4.763693136851908 ], [ -74.016305739582023, 4.763759397501464 ], [ -74.016393306156161, 4.763810448160993 ], [ -74.016494143754699, 4.76384957791338 ], [ -74.016587803887319, 4.763863641729735 ], [ -74.016791879172743, 4.763902647721908 ], [ -74.016891302085128, 4.763922146958643 ] ] } },
{ "type": "Feature", "properties": { "edge_id": "-887191622#1", "fuera_tolerancia": true, "longitud_m": 479.1188362125975 }, "geometry": { "type": "LineString", "coordinates": [ [ -74.011749583539142, 4.707233848157816 ], [ -74.011670534310397, 4.707285113555671 ], [ -74.011608672680708, 4.707295337400399 ], [ -74.011433220761546, 4.707300877182526 ], [ -74.01138660995467, 4.70736476168473 ], [ -74.011343248609791, 4.707553657732652 ], [ -74.011316297688253, 4.707677269563492 ], [ -74.011294831078914, 4.707939373707376 ], [ -74.011230570750257, 4.708243658872017 ], [ -74.011203771203725, 4.708387713423329 ], [ -74.011155106056506, 4.708565566547969 ], [ -74.011165893354814, 4.708651693742467 ], [ -74.011144913168778, 4.708824611265588 ], [ -74.011074814944038, 4.708921477901803 ], [ -74.011074763797652, 4.709021519545193 ], [ -74.011086943287452, 4.709079427185709 ], [ -74.011101360843753, 4.709148554258686 ], [ -74.011064201908084, 4.70928644321201 ], [ -74.011053464203769, 4.709484340485766 ], [ -74.01096769259577, 4.709826585494087 ], [ -74.010956894756021, 4.710066995874292 ], [ -74.010898369441136, 4.71026808149186 ], [ -74.010812953129118, 4.71042254522745 ], [ -74.010716295745695, 4.710620591594278 ], [ -74.010658417991266, 4.710746149316908 ], [ -74.010536977688886, 4.710809384491406 ], [ -74.010436965459434, 4.710893273560748 ], [ -74.010320203534945, 4.710963389820218 ] ] } },
{ "type": "Feature", "properties": { "edge_id": "887191622#1", "fuera_tolerancia": true, "longitud_m": 479.10218314689928 }, "geometry": { "type": "LineString", "coordinates": [ [ -74.010329467784587, 4.710978870573957 ], [ -74.010447402641461, 4.710908122807417 ], [ -74.010547053734882, 4.710824595037312 ], [ -74.010672283426075, 4.710759375273756 ], [ -74.010732512919745, 4.710628393678618 ], [ -74.010828989220656, 4.710430889772965 ], [ -74.010915128572023, 4.710275160712627 ], [ -74.010974741639529, 4.710069915773064 ], [ -74.010985539984631, 4.709829143577538 ], [ -74.011071311329388, 4.709487079472165 ], [ -74.011082048773389, 4.709289363103991 ], [ -74.011119932278291, 4.709149123384749 ], [ -74.01110452900538, 4.709075743589633 ], [ -74.01109279786813, 4.709019555205571 ], [ -74.011092838024823, 4.708927292558348 ], [ -74.011162213465042, 4.708831510336028 ], [ -74.011184104918073, 4.708651719630695 ], [ -74.011173496141623, 4.708566859040665 ], [ -74.011221436203115, 4.708391718492262 ], [ -74.011248236512742, 4.708247121218811 ], [ -74.011312678424062, 4.707941931772674 ], [ -74.011334144771737, 4.707680008533788 ], [ -74.01136091359065, 4.707557662793866 ], [ -74.011403368263586, 4.70737238360147 ], [ -74.011442571971799, 4.707318619382695 ], [ -74.011610450273437, 4.70731343065544 ], [ -74.011677181610196, 4.707302309191329 ], [ -74.011759389111702, 4.707249058298258 ] ] } },
{ "type": "Feature", "properties": { "edge_id": "577769917", "fuera_tolerancia": true, "longitud_m": 476.11569199716115 }, "geometry": { "type": "LineString", "coordinates": [ [ -74.055833922236431, 4.699616715106428 ], [ -74.055074618897095, 4.699487149741599 ], [ -74.054834948155516, 4.699446210547151 ], [ -74.054408335998843, 4.699373448948048 ], [ -74.05398180438057, 4.69930792359796 ], [ -74.053242056721672, 4.699185257475078 ], [ -74.052209381374951, 4.699003487233613 ], [ -74.051601317044316, 4.698907411316273 ] ] } },
{ "type": "Feature", "properties": { "edge_id": "1238505681", "fuera_tolerancia": true, "longitud_m": 476.07623204398766 }, "geometry": { "type": "LineString", "coordinates": [ [ -74.051598588153837, 4.698925317640041 ], [ -74.052206472186427, 4.699021393317596 ], [ -74.053238967244653, 4.699203163323541 ], [ -74.053978895233001, 4.699325829698092 ], [ -74.054405426861194, 4.699391355052069 ], [ -74.054831858715232, 4.699464116410531 ], [ -74.055071529462339, 4.699505055607219 ], [ -74.05583083281914, 4.699634620979145 ] ] } },
{ "type": "Feature", "properties": { "edge_id": "112602917#2", "fuera_tolerancia": true, "longitud_m": 474.24708179789576 }, "geometry": { "type": "LineString", "coordinates": [ [ -74.009435276764492, 4.750761502581245 ], [ -74.009542766080088, 4.750560488447797 ], [ -74.009662210161778, 4.750385180243673 ], [ -74.009783331629876, 4.750234839577915 ], [ -74.00985242714053, 4.750023096711329 ], [ -74.009916337378812, 4.74971718429341 ], [ -74.009976574791068, 4.749331305689624 ], [ -74.010057267000732, 4.748953687688235 ], [ -74.010131864491356, 4.748613780021182 ], [ -74.010271514953899, 4.748367675497807 ], [ -74.01033674485555, 4.748021151222749 ], [ -74.010314773798669, 4.747748221457933 ], [ -74.010150136830063, 4.747496705425199 ], [ -74.009814142732154, 4.747280672625202 ], [ -74.009466438086775, 4.747120704057995 ] ] } },
{ "type": "Feature", "properties": { "edge_id": "1205550166#2", "fuera_tolerancia": true, "longitud_m": 469.90484553671109 }, "geometry": { "type": "LineString", "coordinates": [ [ -74.031240688352426, 4.82041495553447 ], [ -74.031247979835172, 4.820487374264725 ], [ -74.031254682944422, 4.82059321486772 ], [ -74.031247152772892, 4.820752945697914 ], [ -74.031208106409508, 4.821390861285074 ], [ -74.031199661008486, 4.821560088459985 ], [ -74.031203526285424, 4.821759544783426 ], [ -74.031211304819266, 4.821933679599016 ], [ -74.031224589198132, 4.8221040232024 ], [ -74.031276776139819, 4.822533527426973 ], [ -74.031326913243973, 4.822946023402241 ], [ -74.031374621825577, 4.823449648205075 ], [ -74.031390797130072, 4.823679785951435 ], [ -74.031405606647795, 4.823919238500107 ], [ -74.031412667148814, 4.824154609572116 ], [ -74.03141348141753, 4.824407157971796 ], [ -74.031408986808188, 4.824651738855623 ] ] } },
{ "type": "Feature", "properties": { "edge_id": "-112602917#2", "fuera_tolerancia": true, "longitud_m": 468.94487197296081 }, "geometry": { "type": "LineString", "coordinates": [ [ -74.009454409107576, 4.74714700875602 ], [ -74.009800221536082, 4.747306160534355 ], [ -74.010129369830608, 4.747517660845803 ], [ -74.010286629554585, 4.747757950064621 ], [ -74.010307714973138, 4.748019662322061 ], [ -74.010244120340843, 4.748357505400738 ], [ -74.01010465071117, 4.748603248362524 ], [ -74.010029145404388, 4.748947496489354 ], [ -74.009948271568504, 4.749326018758753 ], [ -74.009888034142108, 4.749711897356931 ], [ -74.009824487636124, 4.750015639408198 ], [ -74.009757565547076, 4.750220691833135 ], [ -74.009638972991013, 4.75036796070731 ], [ -74.009518083223838, 4.750545437713832 ], [ -74.009409870675199, 4.750747807605667 ] ] } },
{ "type": "Feature", "properties": { "edge_id": "889083606", "fuera_tolerancia": true, "longitud_m": 466.41731694777292 }, "geometry": { "type": "LineString", "coordinates": [ [ -74.008767707436064, 4.746095948255186 ], [ -74.008658872491964, 4.746103209120867 ], [ -74.008539408876558, 4.746103218422862 ], [ -74.008410135826537, 4.746153686644206 ], [ -74.008371145131903, 4.746308758313602 ], [ -74.008365812899626, 4.74644397857956 ], [ -74.008381923265787, 4.746653401495911 ], [ -74.008424969591047, 4.74687842111437 ], [ -74.008457338925112, 4.747066882192681 ], [ -74.008533144747346, 4.747207103536868 ], [ -74.008698953263703, 4.747521667572958 ], [ -74.00874658806535, 4.74769043173275 ], [ -74.008739910651045, 4.747820584682357 ], [ -74.008730541591802, 4.748004644031083 ], [ -74.008735937559393, 4.74826687639046 ], [ -74.00873600815963, 4.74847003498166 ], [ -74.00874123253864, 4.748662979736003 ], [ -74.008762792134618, 4.748844731734581 ], [ -74.00876804712405, 4.74907937558129 ], [ -74.008762806296261, 4.749276827967981 ], [ -74.008746697641399, 4.749571321301757 ], [ -74.008778838919596, 4.749919522887708 ] ] } },
{ "type": "Feature", "properties": { "edge_id": "-889083606", "fuera_tolerancia": true, "longitud_m": 463.07821718822527 }, "geometry": { "type": "LineString", "coordinates": [ [ -74.008796873549713, 4.749917920647083 ], [ -74.008764730453862, 4.749570985406001 ], [ -74.008780837551228, 4.749277577509577 ], [ -74.008786079407159, 4.749079401495421 ], [ -74.008780826219649, 4.748843491301616 ], [ -74.008759266618796, 4.748661739302614 ], [ -74.008754040943288, 4.748469699080178 ], [ -74.008753970079496, 4.748266721394439 ], [ -74.008748573588548, 4.748004850846909 ], [ -74.008757941610114, 4.747821515123219 ], [ -74.008764803733541, 4.747688287020099 ], [ -74.00871573306199, 4.747514817217295 ], [ -74.008549025250886, 4.747198623729381 ], [ -74.008474658388124, 4.747060937151122 ], [ -74.008442645819528, 4.746875190189237 ], [ -74.008399778519134, 4.746651075362589 ], [ -74.008383845628629, 4.746443642676741 ], [ -74.00838917372532, 4.746311316914821 ], [ -74.00842526376934, 4.746167095492013 ], [ -74.008542809174998, 4.746121314001298 ], [ -74.008659387640762, 4.746121300555197 ], [ -74.008768943875964, 4.746114040725963 ] ] } },
{ "type": "Feature", "properties": { "edge_id": "29505641#4", "fuera_tolerancia": true, "longitud_m": 462.33116905598661 }, "geometry": { "type": "LineString", "coordinates": [ [ -74.016896842410645, 4.763893752434012 ], [ -74.016797329338289, 4.763874253069955 ], [ -74.016592713336038, 4.763835065400439 ], [ -74.016501577271995, 4.763821367010203 ], [ -74.016405786006374, 4.763784234457968 ], [ -74.016321102352578, 4.763734816089971 ], [ -74.01622535122921, 4.76366946204129 ], [ -74.016119520844086, 4.763590706424725 ], [ -74.016040004721049, 4.763521486080012 ], [ -74.015990245006762, 4.763450589689854 ], [ -74.015954562249291, 4.763371663068892 ], [ -74.015925443426056, 4.763305409347791 ], [ -74.015883862751721, 4.763189297846954 ], [ -74.015845185966171, 4.763060074726261 ], [ -74.01577656040152, 4.76287762201826 ], [ -74.015745579430572, 4.762789385401699 ], [ -74.01571369181562, 4.762704675178855 ], [ -74.015652210174295, 4.762507488754277 ], [ -74.015610591369907, 4.762354833937188 ], [ -74.015576648161584, 4.762257366812571 ], [ -74.01554814884085, 4.76219934525629 ], [ -74.015493918896695, 4.762165257081572 ], [ -74.015424068839451, 4.762146523660459 ], [ -74.015378463707748, 4.76213415669076 ], [ -74.015361791860656, 4.762128253341479 ], [ -74.01571625808964, 4.761977793549709 ], [ -74.016102745654436, 4.761817881711122 ], [ -74.016681614669892, 4.761550152519002 ], [ -74.016749455715399, 4.761523294295682 ], [ -74.016806110220145, 4.76150085230645 ], [ -74.016829835356759, 4.761492293115665 ] ] } },
{ "type": "Feature", "properties": { "edge_id": "112602917#0", "fuera_tolerancia": true, "longitud_m": 460.28492923114584 }, "geometry": { "type": "LineString", "coordinates": [ [ -74.009805739715972, 4.756453548824529 ], [ -74.0097810967616, 4.756347321011049 ], [ -74.009831432262871, 4.756140616731809 ], [ -74.009773689802302, 4.755978169723086 ], [ -74.009746291490629, 4.755844168732796 ], [ -74.009680161726365, 4.755493928250706 ], [ -74.009639154718101, 4.755103381641079 ], [ -74.00962846813421, 4.754820970526184 ], [ -74.009660090061246, 4.754522881323293 ], [ -74.009690897753714, 4.754416100048697 ], [ -74.009733665864317, 4.754267998720456 ], [ -74.009857746956882, 4.754002967431264 ], [ -74.009897397154859, 4.753828358726762 ], [ -74.009892415564266, 4.753654771329124 ], [ -74.009810985592111, 4.753411605809387 ], [ -74.0097017369377, 4.753139455201548 ], [ -74.009623579067892, 4.752751659268098 ], [ -74.009578034461242, 4.752571139127393 ], [ -74.00954164673243, 4.752418401364317 ] ] } },
{ "type": "Feature", "properties": { "edge_id": "-112602917#0", "fuera_tolerancia": true, "longitud_m": 460.23130343945672 }, "geometry": { "type": "LineString", "coordinates": [ [ -74.009513596833941, 4.75242505461383 ], [ -74.009550074459938, 4.752577973413293 ], [ -74.00959543925174, 4.752758131482077 ], [ -74.009673955170086, 4.753147736999684 ], [ -74.00978392252658, 4.753421697712279 ], [ -74.009863736545611, 4.753659976423256 ], [ -74.009868368844806, 4.753825603410996 ], [ -74.009830351114758, 4.753993520900489 ], [ -74.009706631697014, 4.754257829074991 ], [ -74.009663229346756, 4.754408100372339 ], [ -74.009631606832656, 4.754517232264018 ], [ -74.009599617527172, 4.754820024515725 ], [ -74.009610299706182, 4.755105511040446 ], [ -74.009651664245681, 4.755498229045856 ], [ -74.009717972510558, 4.755849736133039 ], [ -74.009745908689382, 4.7559859087801 ], [ -74.009801315708245, 4.756142201595712 ], [ -74.009751523757018, 4.756347097582891 ], [ -74.009777689775703, 4.75646011159713 ] ] } },
{ "type": "Feature", "properties": { "edge_id": "89480629#0", "fuera_tolerancia": true, "longitud_m": 442.5770532994992 }, "geometry": { "type": "LineString", "coordinates": [ [ -74.043267113468318, 4.682672368082706 ], [ -74.043268559861886, 4.682669475515429 ], [ -74.043306981775075, 4.682591103970464 ], [ -74.043313852511261, 4.682577092911936 ], [ -74.043363846660341, 4.682474766731645 ], [ -74.04339684384054, 4.682407785032237 ], [ -74.043701587320086, 4.681793201130456 ], [ -74.043750763201487, 4.681695848780238 ], [ -74.044002060798761, 4.681202310241844 ], [ -74.04427099426691, 4.680667276968141 ], [ -74.044299647066921, 4.680612681532619 ], [ -74.044568004746552, 4.680102974544335 ], [ -74.044602803386937, 4.680036990197625 ], [ -74.044639593737202, 4.679964857654048 ], [ -74.045024581481627, 4.679209815759658 ], [ -74.045077371661634, 4.679106136343516 ] ] } },
{ "type": "Feature", "properties": { "edge_id": "344770359", "fuera_tolerancia": true, "longitud_m": 431.37501395592557 }, "geometry": { "type": "LineString", "coordinates": [ [ -74.050111863836733, 4.685489140711923 ], [ -74.049867887786348, 4.685435712213666 ], [ -74.049603731764819, 4.685371492090775 ], [ -74.049381857434483, 4.685307872105063 ], [ -74.049178915675569, 4.68524418735357 ], [ -74.048979402759528, 4.685178336302386 ], [ -74.048790708277593, 4.68511259037673 ], [ -74.048576791078858, 4.685031704147896 ], [ -74.048428299845099, 4.684970173767782 ], [ -74.048285217772317, 4.684908741179632 ], [ -74.048058165860255, 4.684807394179025 ], [ -74.047771569364429, 4.684671050518508 ], [ -74.046511689815659, 4.684052251910885 ] ] } },
{ "type": "Feature", "properties": { "edge_id": "217980395", "fuera_tolerancia": true, "longitud_m": 422.49896014115933 }, "geometry": { "type": "LineString", "coordinates": [ [ -74.014124814512016, 4.666403582099778 ], [ -74.014170425324735, 4.666407626135181 ], [ -74.014249110422512, 4.666419676558098 ], [ -74.014275241193246, 4.666429030002464 ], [ -74.014525645351924, 4.666519202298628 ], [ -74.014597652746019, 4.666535946909081 ], [ -74.014677718269098, 4.666527828021437 ], [ -74.014885970417609, 4.666396329116571 ], [ -74.015022149160416, 4.666295392845022 ], [ -74.015056734714719, 4.666254013519215 ], [ -74.015073203207763, 4.66621025696782 ], [ -74.015086907279041, 4.666144787613165 ], [ -74.0151852823046, 4.665548111145347 ], [ -74.015164292463339, 4.665343022818442 ], [ -74.015137083757637, 4.665201514825156 ], [ -74.01507972663083, 4.665087281599835 ], [ -74.014951225707179, 4.66504829661038 ], [ -74.01483689637513, 4.664996487041098 ], [ -74.014796841825415, 4.664951565727829 ], [ -74.014744850315012, 4.664868546594641 ], [ -74.014712807470858, 4.664767374233599 ], [ -74.014636915709701, 4.664627064276773 ], [ -74.014534750794198, 4.664450264546964 ], [ -74.014411167523562, 4.664246569960364 ], [ -74.014308957680441, 4.664102062173956 ], [ -74.014217648910332, 4.663962725552388 ], [ -74.014153218634718, 4.663878332133748 ] ] } },
{ "type": "Feature", "properties": { "edge_id": "-511816106", "fuera_tolerancia": true, "longitud_m": 416.52582508654376 }, "geometry": { "type": "LineString", "coordinates": [ [ -74.001987332995185, 4.674892130395614 ], [ -74.002016629260439, 4.674958022255153 ], [ -74.002009700166923, 4.675012827187236 ], [ -74.001723367079904, 4.675275186539631 ], [ -74.00173490151667, 4.675342409898487 ], [ -74.001827629119987, 4.675433447764152 ], [ -74.001846591107451, 4.675539576697005 ], [ -74.001840869453062, 4.675696686210435 ], [ -74.001855511581851, 4.67579756268738 ], [ -74.001728122376761, 4.675928086395224 ], [ -74.00170858683407, 4.676036059982647 ], [ -74.001736630954497, 4.676158573937403 ], [ -74.001772729972686, 4.676195259039318 ], [ -74.001820644391643, 4.676228071480531 ], [ -74.002062892860735, 4.676157320261458 ], [ -74.002214204289302, 4.676195345387859 ], [ -74.002277486487955, 4.676325959900693 ], [ -74.002306801238618, 4.676569954681137 ], [ -74.002357096686254, 4.676831436873002 ], [ -74.00235736779662, 4.677085792429444 ], [ -74.002439850393074, 4.677217881557536 ], [ -74.00257659704981, 4.67729161503244 ], [ -74.003087334419433, 4.677401248360198 ] ] } },
{ "type": "Feature", "properties": { "edge_id": "-217980395", "fuera_tolerancia": true, "longitud_m": 414.91142197637566 }, "geometry": { "type": "LineString", "coordinates": [ [ -74.014130295659228, 4.66389602890209 ], [ -74.01419418629051, 4.663979517026687 ], [ -74.014285135211054, 4.664118310422596 ], [ -74.014386984952097, 4.664262455891081 ], [ -74.014510028825867, 4.664465064277871 ], [ -74.014611834141746, 4.664641139874964 ], [ -74.014686106967972, 4.664778733946524 ], [ -74.014718509150271, 4.664880811350746 ], [ -74.014773738771822, 4.664969081352336 ], [ -74.014819554143443, 4.665020342519841 ], [ -74.014941091000395, 4.665075418543982 ], [ -74.015059499326128, 4.66511131394582 ], [ -74.015109484505501, 4.665210883306496 ], [ -74.015135798756162, 4.665347324629261 ], [ -74.015156254994977, 4.665547165883339 ], [ -74.015058607205333, 4.666139501577867 ], [ -74.01504544807203, 4.666202077173107 ], [ -74.015031513134176, 4.666239143694449 ], [ -74.01500216515997, 4.666274198600195 ], [ -74.014869776542568, 4.666372426572846 ], [ -74.014668021070818, 4.666499773718412 ], [ -74.014599496638297, 4.666506642456165 ], [ -74.014533797794329, 4.666491353965832 ], [ -74.014284925325484, 4.666401817002332 ], [ -74.014256181566893, 4.666391464896527 ], [ -74.014173891192343, 4.666378866688117 ], [ -74.014127288847504, 4.666374730806726 ] ] } },
{ "type": "Feature", "properties": { "edge_id": "511816106", "fuera_tolerancia": true, "longitud_m": 413.37770976799311 }, "geometry": { "type": "LineString", "coordinates": [ [ -74.003093324620849, 4.677372854491645 ], [ -74.002586552676718, 4.677264131355532 ], [ -74.002460255716699, 4.677196020885302 ], [ -74.002386228200947, 4.677077511825925 ], [ -74.002385949399596, 4.6768285834648 ], [ -74.002335295637181, 4.67656547259977 ], [ -74.002305625644595, 4.676317678266443 ], [ -74.00223425307081, 4.676170589697715 ], [ -74.002062394452864, 4.67612728899979 ], [ -74.001825737713347, 4.676196420027803 ], [ -74.001791333008242, 4.676172853094617 ], [ -74.001762975777339, 4.676144138932124 ], [ -74.001737977348526, 4.676035378244277 ], [ -74.0017549678916, 4.675942054488585 ], [ -74.001886149104351, 4.675807556226438 ], [ -74.001869720324081, 4.675695099159853 ], [ -74.001875623043659, 4.67553744718202 ], [ -74.001854334262333, 4.675419194169342 ], [ -74.001761786703668, 4.67532833747033 ], [ -74.001754544464163, 4.67528590447638 ], [ -74.002036906009394, 4.67502697668415 ], [ -74.002046205411176, 4.674953541712852 ], [ -74.002013673922292, 4.674880408967788 ] ] } },
{ "type": "Feature", "properties": { "edge_id": "889083616#5", "fuera_tolerancia": true, "longitud_m": 411.91888659841919 }, "geometry": { "type": "LineString", "coordinates": [ [ -74.009405611780977, 4.747161049448376 ], [ -74.009385108524725, 4.747249935792906 ], [ -74.009385065503935, 4.747406510719765 ], [ -74.009401066143539, 4.747566636366646 ], [ -74.009395729275226, 4.747705203447933 ], [ -74.009395756690211, 4.747812390870239 ], [ -74.009395813742856, 4.747962001020297 ], [ -74.009395790305931, 4.748104827042646 ], [ -74.009358583148042, 4.748210513740394 ], [ -74.009320249642784, 4.748347314814508 ], [ -74.009374857759951, 4.748494561055343 ], [ -74.009503324837908, 4.748819744912729 ], [ -74.009524310675019, 4.748961425210065 ], [ -74.009487283216913, 4.749130700966005 ], [ -74.00942861511291, 4.749364438969587 ], [ -74.009364177277206, 4.749471352888546 ], [ -74.009304640515893, 4.749681933525995 ], [ -74.009277793176537, 4.750046332026544 ], [ -74.00925623621886, 4.750367953622957 ], [ -74.00927236384625, 4.750502209755468 ], [ -74.009283377858267, 4.750681685279682 ], [ -74.009361974180067, 4.750762211348805 ] ] } },
{ "type": "Feature", "properties": { "edge_id": "741972929#1", "fuera_tolerancia": true, "longitud_m": 411.69005445927331 }, "geometry": { "type": "LineString", "coordinates": [ [ -74.030702377079521, 4.67612146880961 ], [ -74.030628161898818, 4.676529043345509 ], [ -74.030598255413977, 4.676708101336828 ], [ -74.03059698616606, 4.676778834791891 ], [ -74.030601052219382, 4.676837726127459 ], [ -74.03061602289398, 4.676899436639255 ], [ -74.030633441872581, 4.676950838757376 ], [ -74.030672205779666, 4.677017738096171 ], [ -74.030723967481677, 4.67707316773717 ], [ -74.030784935839534, 4.677120559691508 ], [ -74.030879796416087, 4.677171797626696 ], [ -74.031315783942063, 4.677362807084472 ], [ -74.031425449669612, 4.677399502306388 ], [ -74.031535583449994, 4.677423625018884 ], [ -74.031673577564234, 4.677445524887941 ], [ -74.032793562925818, 4.677631870948778 ], [ -74.032899203585245, 4.677645494558902 ], [ -74.032986550913918, 4.677653484722917 ], [ -74.033083731361856, 4.677656784832097 ], [ -74.033170106372339, 4.677650662760203 ], [ -74.033244590012757, 4.67763810200321 ], [ -74.033340997918614, 4.677613088812102 ] ] } },
{ "type": "Feature", "properties": { "edge_id": "-889083616#5", "fuera_tolerancia": true, "longitud_m": 409.82492112601392 }, "geometry": { "type": "LineString", "coordinates": [ [ -74.009374795211286, 4.750749566282199 ], [ -74.009300880321007, 4.750673931428653 ], [ -74.009290398493306, 4.750500607504893 ], [ -74.009274269312854, 4.75036743681158 ], [ -74.009295823680006, 4.750047624278719 ], [ -74.009322488105241, 4.749685034582389 ], [ -74.009380936986219, 4.749478613239996 ], [ -74.009445375078741, 4.749371518412495 ], [ -74.009504768599925, 4.749134886936637 ], [ -74.009542702830601, 4.748961994341472 ], [ -74.009520822860409, 4.748815066457663 ], [ -74.009391637064255, 4.748488072500156 ], [ -74.009339184555756, 4.748346618378599 ], [ -74.009375706055579, 4.748215965537717 ], [ -74.009413818179709, 4.748107928347333 ], [ -74.009413846000399, 4.747962026911938 ], [ -74.009413788943846, 4.747812416761066 ], [ -74.009413761009966, 4.747705591151391 ], [ -74.009419099165001, 4.747566119536178 ], [ -74.009403099037243, 4.747405632075628 ], [ -74.009403137925261, 4.74725195165364 ], [ -74.009423187406128, 4.747165145086948 ] ] } },
{ "type": "Feature", "properties": { "edge_id": "1313521662", "fuera_tolerancia": true, "longitud_m": 409.57382601397683 }, "geometry": { "type": "LineString", "coordinates": [ [ -74.031488119934153, 4.82467853562291 ], [ -74.031505910540119, 4.824214351665089 ], [ -74.031502392915954, 4.824024122128942 ], [ -74.031496981858126, 4.823897388519438 ], [ -74.031484464217442, 4.823695025327534 ], [ -74.031469621974452, 4.823478638468631 ], [ -74.031423961573495, 4.82305678689143 ], [ -74.031378422238376, 4.822613136103642 ], [ -74.031331347809399, 4.822171020846332 ], [ -74.031315922485376, 4.821984302034048 ], [ -74.031305753766134, 4.821778776308434 ], [ -74.031305802278069, 4.821489957119931 ], [ -74.03131771380292, 4.821229105091467 ], [ -74.031338122089977, 4.820985496636443 ] ] } },
{ "type": "Feature", "properties": { "edge_id": "-741972928", "fuera_tolerancia": true, "longitud_m": 405.66455335285201 }, "geometry": { "type": "LineString", "coordinates": [ [ -74.033334182274686, 4.677586847653901 ], [ -74.033239037008954, 4.677611500770922 ], [ -74.033166897842278, 4.677623702948009 ], [ -74.033083227669351, 4.677629647846842 ], [ -74.032988210893834, 4.67762635072658 ], [ -74.032902125460225, 4.677618543214983 ], [ -74.032797566390599, 4.67760510200875 ], [ -74.031677941678922, 4.677418756461487 ], [ -74.031540668791791, 4.677396857591845 ], [ -74.031432697936268, 4.677373280598327 ], [ -74.031325555246752, 4.677337493411129 ], [ -74.030891549848008, 4.677147391247562 ], [ -74.030799752227722, 4.677097785730058 ], [ -74.030742205942943, 4.677053112140918 ], [ -74.030694045125571, 4.677001486563483 ], [ -74.030658159387272, 4.676939475738387 ], [ -74.030641997320956, 4.676891874438311 ], [ -74.030627923444698, 4.676833602428955 ], [ -74.030624032968191, 4.676778148597077 ], [ -74.03062529773598, 4.676710671487701 ], [ -74.030654840619022, 4.676533783892278 ], [ -74.030728965508999, 4.676126299679807 ] ] } },
{ "type": "Feature", "properties": { "edge_id": "-112602917#7", "fuera_tolerancia": true, "longitud_m": 392.45532708469221 }, "geometry": { "type": "LineString", "coordinates": [ [ -74.005986213410878, 4.738102469525776 ], [ -74.005904460061601, 4.738655112801801 ], [ -74.00577952211286, 4.738764472196261 ], [ -74.005689881343514, 4.738905721935771 ], [ -74.005693441828058, 4.739064020524033 ], [ -74.005777960769493, 4.739415372699257 ], [ -74.005798952067209, 4.739615847654379 ], [ -74.005821544995243, 4.739768113246392 ], [ -74.005838154210721, 4.739880480276652 ], [ -74.005915799375444, 4.740120836236638 ], [ -74.006021468114724, 4.740372629639449 ], [ -74.006183361744434, 4.740522924722558 ], [ -74.006318095545694, 4.74062524040897 ], [ -74.006572382006269, 4.740790774018225 ], [ -74.006724078333718, 4.740884520960461 ], [ -74.006916723893397, 4.740966839151128 ], [ -74.006973146295124, 4.740979493276025 ] ] } },
{ "type": "Feature", "properties": { "edge_id": "741972936#0", "fuera_tolerancia": true, "longitud_m": 390.25187713083085 }, "geometry": { "type": "LineString", "coordinates": [ [ -74.012607643232641, 4.668287501018789 ], [ -74.012608132671943, 4.668324316393884 ], [ -74.012619013252191, 4.668408634625372 ], [ -74.012622045511989, 4.66843215687447 ], [ -74.01264527882357, 4.668515045231417 ], [ -74.012685004363547, 4.668601846312121 ], [ -74.012718814328892, 4.668664035639806 ], [ -74.012764516921067, 4.668731488022895 ], [ -74.01282582301063, 4.668793716043725 ], [ -74.012899743577918, 4.668860755862479 ], [ -74.013281593642475, 4.669141157113298 ], [ -74.014253600616073, 4.669855661649896 ], [ -74.014313321090299, 4.669891474843833 ], [ -74.014366736404739, 4.669923389658571 ], [ -74.014432233524857, 4.669954236003111 ], [ -74.014521975693341, 4.669989186833902 ], [ -74.014623619750623, 4.67002279757054 ], [ -74.014742753823569, 4.6700559805971 ], [ -74.015365928678534, 4.67021614503333 ] ] } },
{ "type": "Feature", "properties": { "edge_id": "812938339#1", "fuera_tolerancia": true, "longitud_m": 389.10431039905444 }, "geometry": { "type": "LineString", "coordinates": [ [ -74.018364865787078, 4.769309954862853 ], [ -74.018383938506901, 4.768831663082541 ], [ -74.018506135405801, 4.767925491810404 ], [ -74.018543330471445, 4.767574494199325 ], [ -74.018601177614315, 4.767029683820533 ], [ -74.018407480365582, 4.766792870780211 ], [ -74.017956441464932, 4.766438462066345 ], [ -74.017746741506599, 4.766423147076972 ], [ -74.017614554012894, 4.766428023541455 ] ] } },
{ "type": "Feature", "properties": { "edge_id": "112602917#7", "fuera_tolerancia": true, "longitud_m": 387.67221802613199 }, "geometry": { "type": "LineString", "coordinates": [ [ -74.006979407785437, 4.740951190348987 ], [ -74.006925599130426, 4.740939173155954 ], [ -74.00673727868633, 4.740858670255472 ], [ -74.006587744140688, 4.740766373679897 ], [ -74.006334718892546, 4.740601565518407 ], [ -74.006201966549071, 4.740500699940164 ], [ -74.006045655353873, 4.740355659189645 ], [ -74.005942861906917, 4.740110744384674 ], [ -74.00586629374169, 4.739873827204911 ], [ -74.005850041800699, 4.739763812477043 ], [ -74.005827628152176, 4.739612270769862 ], [ -74.005806458335584, 4.739410529209325 ], [ -74.005722298467916, 4.739060262992104 ], [ -74.005718901232697, 4.738913904487593 ], [ -74.005801674327614, 4.738783499275059 ], [ -74.005931486862053, 4.738669986029604 ], [ -74.006014698000442, 4.7381066713389 ] ] } },
{ "type": "Feature", "properties": { "edge_id": "-741972936#0", "fuera_tolerancia": true, "longitud_m": 386.33167424561191 }, "geometry": { "type": "LineString", "coordinates": [ [ -74.015372636595629, 4.670189832382813 ], [ -74.014749641936461, 4.670029758663979 ], [ -74.014631409128526, 4.669996757813386 ], [ -74.014531026436003, 4.669963691573924 ], [ -74.014442906237008, 4.669929285747102 ], [ -74.014379391185784, 4.669899346727643 ], [ -74.014327236981075, 4.669868157317044 ], [ -74.014268597313674, 4.669833069274136 ], [ -74.013297490848132, 4.669119289658293 ], [ -74.012916901890733, 4.668839613821925 ], [ -74.012844602021616, 4.66877402354621 ], [ -74.012785456272098, 4.668714150365452 ], [ -74.012741912754336, 4.66864995735801 ], [ -74.012709181819147, 4.668589759532791 ], [ -74.012670714598755, 4.668505673837157 ], [ -74.012648557533751, 4.668426766961281 ], [ -74.012645793070931, 4.668405144618292 ], [ -74.012635180791023, 4.668322364478328 ], [ -74.012634689200624, 4.668287086814108 ] ] } },
{ "type": "Feature", "properties": { "edge_id": "-812938339#1", "fuera_tolerancia": true, "longitud_m": 383.63000708275456 }, "geometry": { "type": "LineString", "coordinates": [ [ -74.017615594997551, 4.766456879747675 ], [ -74.017746159417825, 4.766452091418016 ], [ -74.017945581724405, 4.766466668093653 ], [ -74.018387254106074, 4.766813646235761 ], [ -74.0185712303239, 4.767038686418435 ], [ -74.018514662528091, 4.767571468277195 ], [ -74.018477468090694, 4.767922013616286 ], [ -74.018355089543917, 4.768829089152994 ], [ -74.018336014877917, 4.769308737730791 ] ] } },
{ "type": "Feature", "properties": { "edge_id": "887275716#4", "fuera_tolerancia": true, "longitud_m": 364.97932516705407 }, "geometry": { "type": "LineString", "coordinates": [ [ -74.0081812722226, 4.737392396500833 ], [ -74.008164588697042, 4.737458403609647 ], [ -74.008162709567884, 4.737511678013935 ], [ -74.008159234677862, 4.737609181880602 ], [ -74.008159250752229, 4.737724419636864 ], [ -74.008161957995, 4.737912476304391 ], [ -74.008196775201498, 4.738091443236899 ], [ -74.008196763158409, 4.738226399811071 ], [ -74.008167388822486, 4.738530100447312 ], [ -74.008116402047605, 4.738752271479634 ], [ -74.008108294399605, 4.738937237202632 ], [ -74.008078837638351, 4.739235420034555 ], [ -74.00803889516223, 4.739362902105754 ], [ -74.007996126486276, 4.739512269854449 ], [ -74.007942746363341, 4.73964235577473 ], [ -74.007876029346875, 4.739767628506055 ], [ -74.00781807990559, 4.739877446270914 ], [ -74.007843420026077, 4.74000031845796 ], [ -74.007906239221271, 4.740079374522825 ], [ -74.007965536246189, 4.740162586387912 ], [ -74.0080380048081, 4.740240118590172 ], [ -74.008109910494369, 4.740333027070246 ], [ -74.008148679270391, 4.740396400150251 ], [ -74.008169008408771, 4.740429444848122 ], [ -74.008221664587268, 4.740490938337014 ] ] } },
{ "type": "Feature", "properties": { "edge_id": "-887275716#4", "fuera_tolerancia": true, "longitud_m": 362.9863316683664 }, "geometry": { "type": "LineString", "coordinates": [ [ -74.008235295558961, 4.740479198950049 ], [ -74.008183629594811, 4.740418792325107 ], [ -74.008164110221372, 4.740386924685045 ], [ -74.008124711483262, 4.740322736620202 ], [ -74.008051725936582, 4.740228379335794 ], [ -74.007979437436234, 4.740151028300313 ], [ -74.007920680339296, 4.740068540839127 ], [ -74.007860201179653, 4.739992382645904 ], [ -74.007837009675995, 4.739880187052574 ], [ -74.007891885411823, 4.739776153894894 ], [ -74.007959144419928, 4.739650158311891 ], [ -74.008013248402008, 4.739518264359415 ], [ -74.008056198427269, 4.739368173241491 ], [ -74.008096684183158, 4.73923906378586 ], [ -74.008126324610544, 4.738938529424832 ], [ -74.00813443070642, 4.738754649140119 ], [ -74.008185236382431, 4.738533020566347 ], [ -74.008214793867552, 4.738227330213974 ], [ -74.008214809774941, 4.738089660040213 ], [ -74.008179992821454, 4.737910512201056 ], [ -74.008177282995291, 4.737724264598469 ], [ -74.008177266144415, 4.73760956956135 ], [ -74.008180740645201, 4.737512337053953 ], [ -74.008182617065842, 4.737460962168542 ], [ -74.008198666763633, 4.737396853672884 ] ] } },
{ "type": "Feature", "properties": { "edge_id": "847233026#2", "fuera_tolerancia": true, "longitud_m": 353.46496267864927 }, "geometry": { "type": "LineString", "coordinates": [ [ -74.009841845155762, 4.715603701376784 ], [ -74.009603831442519, 4.715729906591959 ], [ -74.009269939728185, 4.716266543679947 ], [ -74.008969365863223, 4.716576913248093 ], [ -74.008838668007897, 4.716809825521598 ], [ -74.008556392417859, 4.717313158341768 ], [ -74.008813772107629, 4.717708626903456 ], [ -74.008533713298803, 4.718174243661226 ] ] } },
{ "type": "Feature", "properties": { "edge_id": "-847233026#2", "fuera_tolerancia": true, "longitud_m": 351.74048347043367 }, "geometry": { "type": "LineString", "coordinates": [ [ -74.008558395253303, 4.718189203745151 ], [ -74.008847852614778, 4.71770795192885 ], [ -74.008590112787275, 4.717312121047408 ], [ -74.008863801741413, 4.716824062602925 ], [ -74.008992601803158, 4.716594313489794 ], [ -74.009292814271134, 4.71628448611699 ], [ -74.009624175944339, 4.71575182536614 ], [ -74.009855332598832, 4.715629228513323 ] ] } },
{ "type": "Feature", "properties": { "edge_id": "90071638", "fuera_tolerancia": true, "longitud_m": 334.69290121714528 }, "geometry": { "type": "LineString", "coordinates": [ [ -74.045961793500922, 4.756168456761449 ], [ -74.045912052640546, 4.755950573570606 ], [ -74.04589605508491, 4.755847614259561 ], [ -74.045890282239426, 4.755783835883943 ], [ -74.045884010866075, 4.755689211854358 ], [ -74.045889151974251, 4.755556884132056 ], [ -74.045914201599302, 4.755437338059907 ], [ -74.046047685681188, 4.754751335519827 ], [ -74.046056045153549, 4.754704491692378 ], [ -74.046068402041499, 4.754635672969161 ], [ -74.046080395162235, 4.754569115102589 ], [ -74.0460861194898, 4.754537102154331 ], [ -74.046098203639431, 4.75446991123149 ], [ -74.046227404349636, 4.753816737600686 ], [ -74.046238389461095, 4.753761937407545 ], [ -74.046289096693741, 4.753604978658637 ], [ -74.046316316856277, 4.753546040026303 ], [ -74.046370808524856, 4.753456384616887 ], [ -74.046434749632297, 4.753379586808736 ], [ -74.046526687256133, 4.753269359576808 ] ] } },
{ "type": "Feature", "properties": { "edge_id": "741972935#1", "fuera_tolerancia": true, "longitud_m": 334.44892616873091 }, "geometry": { "type": "LineString", "coordinates": [ [ -74.017398039354177, 4.672480885401869 ], [ -74.017442835219271, 4.672487822692405 ], [ -74.018045027459735, 4.672569080091412 ], [ -74.018111172711258, 4.672587987166803 ], [ -74.018170815331388, 4.672615297342062 ], [ -74.018219276739131, 4.672644310476124 ], [ -74.018252953628306, 4.672673031537931 ], [ -74.018274014548822, 4.672697935863856 ], [ -74.018306220446448, 4.672747187902897 ], [ -74.018338572296557, 4.672821134065306 ], [ -74.018418479264881, 4.673057149799523 ], [ -74.018441038429216, 4.67310675014226 ], [ -74.018467567299822, 4.673154185150364 ], [ -74.018507782024273, 4.673214031511939 ], [ -74.018558620085145, 4.6732843854046 ], [ -74.018600565703025, 4.673331299276734 ], [ -74.018653498915967, 4.673386098024939 ], [ -74.018703021586731, 4.673429947070141 ], [ -74.018772277601855, 4.673480969603476 ], [ -74.018846142321948, 4.673524129092644 ], [ -74.019171636252125, 4.673686497280275 ], [ -74.019379473176826, 4.673790177006236 ], [ -74.019558301209457, 4.673879433917767 ], [ -74.019617677451052, 4.673903939558327 ], [ -74.019661832963166, 4.673917659880579 ], [ -74.019717347759325, 4.673931305637566 ], [ -74.019793509762906, 4.673943261647949 ], [ -74.019816316594301, 4.67394446945212 ] ] } },
{ "type": "Feature", "properties": { "edge_id": "-741972935#1", "fuera_tolerancia": true, "longitud_m": 334.06600447092012 }, "geometry": { "type": "LineString", "coordinates": [ [ -74.01981698536386, 4.673917334201198 ], [ -74.019796251778729, 4.673916310205261 ], [ -74.019722613531883, 4.673904719542141 ], [ -74.019669081579281, 4.673891438375787 ], [ -74.019626908407346, 4.673878444459308 ], [ -74.019569514505932, 4.673854665225046 ], [ -74.019391587242509, 4.673765952301497 ], [ -74.019183750321673, 4.673662272580187 ], [ -74.018858977110014, 4.673500267224594 ], [ -74.018787094224223, 4.673458195959081 ], [ -74.018719999591553, 4.673408804624504 ], [ -74.018672097642423, 4.67336640511282 ], [ -74.018620424794321, 4.673312874485858 ], [ -74.018579739541011, 4.673267228734748 ], [ -74.018529981036551, 4.673198504525836 ], [ -74.018490666067862, 4.673139925780269 ], [ -74.018465216250192, 4.673094482270258 ], [ -74.018443735886748, 4.67304705433295 ], [ -74.018363828658153, 4.672811219507491 ], [ -74.018330038654511, 4.672734195898331 ], [ -74.018295673641802, 4.672681684495064 ], [ -74.01827209249663, 4.672653882114499 ], [ -74.018235174420468, 4.672622081080664 ], [ -74.018183289761154, 4.672591254074512 ], [ -74.018120583994275, 4.672562492347112 ], [ -74.018050473575414, 4.672542494271274 ], [ -74.017446658875159, 4.672461053699442 ], [ -74.017402133466973, 4.672454116788627 ] ] } },
{ "type": "Feature", "properties": { "edge_id": "810560680", "fuera_tolerancia": true, "longitud_m": 329.2152675993276 }, "geometry": { "type": "LineString", "coordinates": [ [ -74.017161685698539, 4.672463096435271 ], [ -74.016837278161844, 4.672492400815717 ], [ -74.016283788811904, 4.672590490329431 ], [ -74.016131567605314, 4.672622568705981 ], [ -74.016027931888161, 4.672659237946884 ], [ -74.015989749377596, 4.672693828170385 ], [ -74.015962925104247, 4.672729067514419 ], [ -74.015910905867742, 4.672924103439896 ], [ -74.015883877077272, 4.673235226736438 ], [ -74.015975075588372, 4.673648367083437 ], [ -74.016045228372377, 4.673961164560575 ], [ -74.016072421783434, 4.674178382447582 ], [ -74.016082763838867, 4.674261252699917 ], [ -74.016135376898816, 4.674416183578121 ] ] } },
{ "type": "Feature", "properties": { "edge_id": "-889083613#1", "fuera_tolerancia": true, "longitud_m": 327.05842790330502 }, "geometry": { "type": "LineString", "coordinates": [ [ -74.005342026750171, 4.739547892856261 ], [ -74.005430453249517, 4.739625448225944 ], [ -74.005393797316955, 4.739787126151398 ], [ -74.005399247299152, 4.739885004573014 ], [ -74.005415449886144, 4.740029481970869 ], [ -74.005436635606841, 4.740220007321486 ], [ -74.005409652365842, 4.740300743369468 ], [ -74.0054260505283, 4.740371501529576 ], [ -74.005420737288389, 4.74049324415616 ], [ -74.005415383423468, 4.740643389090294 ], [ -74.005426354499463, 4.740852442684373 ], [ -74.005533935868598, 4.740901532826832 ], [ -74.005562588077765, 4.740914689809639 ], [ -74.005661337370228, 4.740898188506365 ], [ -74.005778733801122, 4.740892930243534 ], [ -74.005907039886139, 4.740887506750401 ], [ -74.006067329860457, 4.740898229952366 ], [ -74.006179113743485, 4.740908792894905 ], [ -74.006332957251928, 4.740951075008645 ], [ -74.006451876698279, 4.741015739320098 ], [ -74.006630739760766, 4.741026489107935 ], [ -74.00676506351239, 4.741037265275835 ], [ -74.0069331148554, 4.741042753145089 ], [ -74.006979300061516, 4.741026628362534 ] ] } },
{ "type": "Feature", "properties": { "edge_id": "889083613#1", "fuera_tolerancia": true, "longitud_m": 324.84151770773093 }, "geometry": { "type": "LineString", "coordinates": [ [ -74.00697337389289, 4.741009524144936 ], [ -74.00693043613866, 4.741024477700365 ], [ -74.006765990954406, 4.741019175922444 ], [ -74.006632027847402, 4.741008400273973 ], [ -74.006456951263687, 4.740997836839372 ], [ -74.006339653153674, 4.740934260302145 ], [ -74.006182385108502, 4.74089088782372 ], [ -74.006068798281134, 4.740880141381827 ], [ -74.005907246067039, 4.740869416364965 ], [ -74.005778038382701, 4.740874838561459 ], [ -74.005659379711176, 4.740880095008256 ], [ -74.005565139469439, 4.740895879174437 ], [ -74.005541442712286, 4.740885081112811 ], [ -74.005443862664904, 4.740840528038291 ], [ -74.005433415727964, 4.740643234139567 ], [ -74.005438768295505, 4.740493993736596 ], [ -74.005444084895387, 4.740369899325676 ], [ -74.005428404390713, 4.740301674893717 ], [ -74.005455025436945, 4.740222023764067 ], [ -74.005433304441198, 4.740027517692992 ], [ -74.005417281653294, 4.739883402367148 ], [ -74.005412007591303, 4.73978859961391 ], [ -74.005450478102674, 4.739618964398644 ], [ -74.005353947281947, 4.739534342002495 ] ] } },
{ "type": "Feature", "properties": { "edge_id": "-810560679#0", "fuera_tolerancia": true, "longitud_m": 323.37269361138812 }, "geometry": { "type": "LineString", "coordinates": [ [ -74.016162706075448, 4.674406814752362 ], [ -74.016111080643682, 4.674254779785212 ], [ -74.016101005003321, 4.674174804430028 ], [ -74.016073723449821, 4.673956139156862 ], [ -74.016003211811352, 4.673642074822157 ], [ -74.01591308904915, 4.673233277770861 ], [ -74.015939386772274, 4.672929208844533 ], [ -74.015989231258786, 4.672742129801462 ], [ -74.016010997697904, 4.672713576941027 ], [ -74.016043042068048, 4.672684586238682 ], [ -74.016139281812201, 4.672650439322761 ], [ -74.016289338625938, 4.672618900631317 ], [ -74.016841024459538, 4.67252117040366 ], [ -74.0171642599108, 4.672491954834683 ] ] } },
{ "type": "Feature", "properties": { "edge_id": "24075281", "fuera_tolerancia": true, "longitud_m": 321.17242459338672 }, "geometry": { "type": "LineString", "coordinates": [ [ -74.055633373825259, 4.686702656749465 ], [ -74.05794536092796, 4.687198666071461 ], [ -74.058072350450701, 4.687227601929537 ], [ -74.058183471539337, 4.68725742092799 ], [ -74.058452908967766, 4.68735140489447 ] ] } },
{ "type": "Feature", "properties": { "edge_id": "112602917#5", "fuera_tolerancia": true, "longitud_m": 318.47280127463318 }, "geometry": { "type": "LineString", "coordinates": [ [ -74.009122606502871, 4.743739511351352 ], [ -74.009080611934593, 4.743535478468984 ], [ -74.009020452022725, 4.743424857974398 ], [ -74.00893996921053, 4.743276760568985 ], [ -74.00883114335096, 4.743088280228445 ], [ -74.008724805015206, 4.742988990585433 ], [ -74.008595396574947, 4.742818752288152 ], [ -74.008530838674403, 4.742631059102046 ], [ -74.008538095680422, 4.74241045348738 ], [ -74.008592951221004, 4.742320711921948 ], [ -74.008724125368218, 4.742201049323008 ], [ -74.008785155627123, 4.74208056240946 ], [ -74.008768057852492, 4.741931108716489 ], [ -74.008705158158079, 4.741718633674171 ], [ -74.008640548794659, 4.741503804388898 ], [ -74.008559569999704, 4.741324318924658 ], [ -74.008543482101956, 4.741288657165451 ], [ -74.008483417595656, 4.741174509126659 ] ] } },
{ "type": "Feature", "properties": { "edge_id": "-112602917#5", "fuera_tolerancia": true, "longitud_m": 316.94767061205414 }, "geometry": { "type": "LineString", "coordinates": [ [ -74.008457882860952, 4.741188040501814 ], [ -74.00851749759309, 4.741301464268822 ], [ -74.008533226008666, 4.741336311431176 ], [ -74.008613485963878, 4.741514077249573 ], [ -74.008677557193167, 4.741726915786894 ], [ -74.008739739205865, 4.741936857102626 ], [ -74.008755590460694, 4.7420752736811 ], [ -74.008700889232728, 4.742183287093518 ], [ -74.008570437660595, 4.742302046190338 ], [ -74.008509436754167, 4.742401909721668 ], [ -74.008501800777765, 4.742635359183834 ], [ -74.008569590776645, 4.742832645079481 ], [ -74.008703318923679, 4.743008497697016 ], [ -74.008808396814885, 4.743106519185431 ], [ -74.008914884166956, 4.743291016219254 ], [ -74.008995097137003, 4.743438660972075 ], [ -74.009053188636457, 4.743545569906933 ], [ -74.0090932135885, 4.743739830986001 ] ] } },
{ "type": "Feature", "properties": { "edge_id": "24075285", "fuera_tolerancia": true, "longitud_m": 315.30156484522831 }, "geometry": { "type": "LineString", "coordinates": [ [ -74.058552087242887, 4.687076103235498 ], [ -74.058404070587315, 4.687062878292064 ], [ -74.058326816935534, 4.687056080525816 ], [ -74.058171326659206, 4.687035970888722 ], [ -74.05799295587353, 4.687001809861689 ], [ -74.056172416013652, 4.686630478332441 ], [ -74.056029928035684, 4.686595641664693 ], [ -74.055768313228469, 4.686517768420574 ] ] } },
{ "type": "Feature", "properties": { "edge_id": "24234035", "fuera_tolerancia": true, "longitud_m": 298.56673549610798 }, "geometry": { "type": "LineString", "coordinates": [ [ -74.055839280777235, 4.699587505452813 ], [ -74.054410263902312, 4.699347762399707 ], [ -74.053818512595285, 4.699254876346639 ], [ -74.053192622838282, 4.699105951945929 ] ] } },
{ "type": "Feature", "properties": { "edge_id": "-124004076#0", "fuera_tolerancia": true, "longitud_m": 296.61374187062393 }, "geometry": { "type": "LineString", "coordinates": [ [ -74.005125958055416, 4.812026454601876 ], [ -74.005565862596754, 4.812298095149711 ], [ -74.005737645631342, 4.812353612982061 ], [ -74.005804124784873, 4.812337066680047 ], [ -74.005871722725516, 4.812295195101039 ], [ -74.005912213736906, 4.812229766092036 ], [ -74.005955966592055, 4.81209134608513 ], [ -74.00581528778963, 4.811603869128414 ], [ -74.005794928908344, 4.811466169588654 ], [ -74.005837079397025, 4.811375596999545 ], [ -74.005942700911305, 4.811290815623566 ], [ -74.006034439216492, 4.811266165360637 ], [ -74.006143650058647, 4.811255560838845 ], [ -74.006467043374485, 4.811286786891157 ], [ -74.006662210483441, 4.811321443874037 ] ] } },
{ "type": "Feature", "properties": { "edge_id": "124004076#0", "fuera_tolerancia": true, "longitud_m": 295.38234387092541 }, "geometry": { "type": "LineString", "coordinates": [ [ -74.006667301412577, 4.81129286807353 ], [ -74.006470872200481, 4.811258028345648 ], [ -74.006143692304562, 4.811226434958086 ], [ -74.006029250850858, 4.811237574564813 ], [ -74.005929394148254, 4.811264383853217 ], [ -74.005813842183244, 4.811357291518699 ], [ -74.005765179277248, 4.811461784393398 ], [ -74.005786965638876, 4.811609978591553 ], [ -74.005925850478818, 4.812090940298147 ], [ -74.005885721465432, 4.812217606674068 ], [ -74.005850833831929, 4.81227417944779 ], [ -74.005792802534572, 4.812310095083594 ], [ -74.005738590913026, 4.812323583892469 ], [ -74.005577983662292, 4.812271700515591 ], [ -74.005141052228524, 4.812001782933449 ] ] } },
{ "type": "Feature", "properties": { "edge_id": "1001309084", "fuera_tolerancia": true, "longitud_m": 294.47775557975763 }, "geometry": { "type": "LineString", "coordinates": [ [ -74.056067950991462, 4.696680415456091 ], [ -74.055990831215226, 4.69677447456469 ], [ -74.055985676514183, 4.696786226717255 ], [ -74.055983313119043, 4.696800605839019 ], [ -74.055985362255285, 4.696818790037764 ], [ -74.055991388227199, 4.696829562322328 ], [ -74.055999218412694, 4.696839522955595 ], [ -74.056008678703634, 4.69684405850446 ], [ -74.056018951249584, 4.696847961968803 ], [ -74.056032565038947, 4.696847799487632 ], [ -74.056042936133963, 4.696845461700327 ], [ -74.056054032247076, 4.696840320793862 ], [ -74.056257609368302, 4.696702743129086 ], [ -74.056273588368484, 4.696686844698245 ], [ -74.056280642661577, 4.696670391460432 ], [ -74.05627931476451, 4.69665220823705 ], [ -74.056272300843219, 4.696638630516808 ], [ -74.056261496969015, 4.696627580403752 ], [ -74.056250235505814, 4.696621595143345 ], [ -74.056214904239042, 4.696614220486003 ], [ -74.056172359527849, 4.696607559703311 ], [ -74.056115746848178, 4.696603593523405 ], [ -74.056070128325246, 4.696603260414158 ], [ -74.056019549403828, 4.696604277410297 ], [ -74.055960221832962, 4.696607905750459 ], [ -74.055905310563517, 4.696612535067461 ], [ -74.055851749321278, 4.696618884849811 ], [ -74.055794307117026, 4.696628395292879 ], [ -74.055733615892976, 4.696640434067273 ], [ -74.055686810745001, 4.69665095390687 ], [ -74.055634773633599, 4.696663637574257 ], [ -74.055581109699048, 4.696679304043952 ], [ -74.055527531172501, 4.696698498363392 ], [ -74.055466194489526, 4.696721209908886 ], [ -74.055413421153929, 4.696745018505435 ], [ -74.055361907807082, 4.696770456991037 ], [ -74.05531914432764, 4.696792379586789 ], [ -74.055270871353173, 4.696821712011623 ], [ -74.055224851542476, 4.69685159021389 ], [ -74.055180177614332, 4.696886264341751 ], [ -74.055135235284069, 4.696919400370088 ], [ -74.055091457184147, 4.696958327081105 ], [ -74.055055883512438, 4.696997083996575 ], [ -74.055017421559057, 4.697038279275554 ], [ -74.054985625051515, 4.697084006325829 ], [ -74.054948037612277, 4.697145283754782 ], [ -74.054925797259898, 4.697191295116267 ], [ -74.054839514064085, 4.697394972874691 ], [ -74.054828673178434, 4.697411420956466 ], [ -74.054815681095107, 4.697418549275617 ], [ -74.054799543906299, 4.69741798467151 ], [ -74.054791619194518, 4.697411280272333 ], [ -74.054785414755145, 4.697399150916072 ], [ -74.054783717627245, 4.697387389489198 ], [ -74.054787341406964, 4.697374368907894 ], [ -74.054864409340837, 4.697185060984169 ] ] } },
{ "type": "Feature", "properties": { "edge_id": "600867644#0", "fuera_tolerancia": true, "longitud_m": 291.20659897843882 }, "geometry": { "type": "LineString", "coordinates": [ [ -74.057315237428114, 4.685539596861496 ], [ -74.057314961390375, 4.685543757415206 ], [ -74.057172599701516, 4.686423963028761 ], [ -74.057043707722016, 4.687141910604812 ], [ -74.056883700772232, 4.688137060343001 ] ] } },
{ "type": "Feature", "properties": { "edge_id": "1342997228", "fuera_tolerancia": true, "longitud_m": 287.41715617783439 }, "geometry": { "type": "LineString", "coordinates": [ [ -74.034264690705129, 4.825068366754202 ], [ -74.034214827995953, 4.825385517846483 ], [ -74.034125366992825, 4.825775337562667 ], [ -74.034120467258589, 4.825796858631621 ], [ -74.03401578721342, 4.826172364929013 ], [ -74.033911115868463, 4.826477859844361 ], [ -74.033803445431957, 4.82679981306983 ], [ -74.033565061324538, 4.827478239986993 ], [ -74.033532669783995, 4.827555803330287 ] ] } },
{ "type": "Feature", "properties": { "edge_id": "889083625", "fuera_tolerancia": true, "longitud_m": 287.21875637071861 }, "geometry": { "type": "LineString", "coordinates": [ [ -74.008421127874811, 4.735029552627315 ], [ -74.008387657914568, 4.735107385107771 ], [ -74.008360605747214, 4.735236966182121 ], [ -74.008349792217729, 4.735359605614001 ], [ -74.00833412052198, 4.735411593903772 ], [ -74.008276057912667, 4.735537964637385 ], [ -74.008205715695269, 4.735613573347917 ], [ -74.008172966644295, 4.735754905186035 ], [ -74.008151378869456, 4.735845960888015 ], [ -74.008135389235761, 4.735931235593197 ], [ -74.008108761266556, 4.736016133226205 ], [ -74.00806566918466, 4.736139630879874 ], [ -74.008044216192786, 4.73626261684394 ], [ -74.007990349561183, 4.736418029109779 ], [ -74.00797427966144, 4.736686110165779 ], [ -74.007941922478125, 4.736868689315543 ], [ -74.007958110065928, 4.737024111610738 ], [ -74.007947348497368, 4.737173434859338 ], [ -74.007947327417384, 4.737314723157154 ], [ -74.008125969360208, 4.737353512626441 ], [ -74.008165264112975, 4.737364061598303 ] ] } },
{ "type": "Feature", "properties": { "edge_id": "1164366505#1", "fuera_tolerancia": true, "longitud_m": 286.56081555090032 }, "geometry": { "type": "LineString", "coordinates": [ [ -74.034234673512358, 4.825061178196862 ], [ -74.034196092203786, 4.825179979813602 ], [ -74.034006459350024, 4.825881904034613 ], [ -74.03396748692397, 4.826022142646827 ], [ -74.033832351625918, 4.8265087734393 ], [ -74.033532932138215, 4.827434143168461 ], [ -74.033503648237883, 4.827545902520905 ] ] } },
{ "type": "Feature", "properties": { "edge_id": "-1001309084", "fuera_tolerancia": true, "longitud_m": 285.90683139836165 }, "geometry": { "type": "LineString", "coordinates": [ [ -74.054843504610218, 4.697176529895968 ], [ -74.054766074343291, 4.697367103692732 ], [ -74.054760819959668, 4.697385911171626 ], [ -74.054763587508219, 4.697406176802345 ], [ -74.054773748821347, 4.697425728817771 ], [ -74.05479103903518, 4.697440405937052 ], [ -74.054821059757955, 4.697441351180887 ], [ -74.05484433717524, 4.697428628605093 ], [ -74.05485951431757, 4.697405673653899 ], [ -74.054946340150764, 4.697200730260095 ], [ -74.054967857306252, 4.697156165194792 ], [ -74.055004541236926, 4.697096333817299 ], [ -74.055034892570205, 4.697052594813763 ], [ -74.055072451503221, 4.697012483768029 ], [ -74.055107302953644, 4.696974449511695 ], [ -74.055149456299432, 4.696936967875515 ], [ -74.05519367665265, 4.696904373597155 ], [ -74.055237809159181, 4.696870060554344 ], [ -74.055282746126025, 4.696840904523062 ], [ -74.055330116812172, 4.696812113604297 ], [ -74.055371978003308, 4.696790732514831 ], [ -74.055422950172684, 4.696765474205365 ], [ -74.055474640908685, 4.696742206871072 ], [ -74.055535256102871, 4.696719675257699 ], [ -74.055588112897041, 4.696700841779913 ], [ -74.055640514163912, 4.696685535419481 ], [ -74.055692010098255, 4.696673031928859 ], [ -74.055738274312318, 4.696662511356762 ], [ -74.055798244047821, 4.696650652515179 ], [ -74.055854964763427, 4.69664132200505 ], [ -74.055907624448395, 4.696634971002288 ], [ -74.055961814229136, 4.696630521618482 ], [ -74.056020420554688, 4.696626892302282 ], [ -74.056070278230521, 4.696625874330172 ], [ -74.056114814884012, 4.696626205975423 ], [ -74.056169805002313, 4.696629989050085 ], [ -74.056210907463367, 4.696636466971632 ], [ -74.056242453155591, 4.696643112867534 ], [ -74.05624794877501, 4.69664601486014 ], [ -74.056253891039518, 4.696651992922293 ], [ -74.056257127897041, 4.696658510052386 ], [ -74.056257748165763, 4.696666561374073 ], [ -74.05625467313628, 4.69667379360125 ], [ -74.056243208012404, 4.696685175397486 ], [ -74.056042879427764, 4.696820586539489 ], [ -74.056035752608665, 4.696823923721837 ], [ -74.056029890770205, 4.696825182154873 ], [ -74.056022948520209, 4.696825353667136 ], [ -74.056017541962021, 4.69682326588689 ], [ -74.056013667689754, 4.696821451545377 ], [ -74.056010157690423, 4.696816924051443 ], [ -74.05600718947818, 4.696811764106961 ], [ -74.056006031682927, 4.696801179322187 ], [ -74.056007485490213, 4.696792768989093 ], [ -74.056010288838621, 4.696786440944382 ], [ -74.05608542202188, 4.69669473097065 ] ] } },
{ "type": "Feature", "properties": { "edge_id": "-889083625", "fuera_tolerancia": true, "longitud_m": 283.23717328044819 }, "geometry": { "type": "LineString", "coordinates": [ [ -74.008169887146693, 4.737346610708085 ], [ -74.008130141724266, 4.737335970636702 ], [ -74.00796538027852, 4.737300095595598 ], [ -74.007965379693545, 4.737174003449803 ], [ -74.007976142547619, 4.737023775667199 ], [ -74.007960133986046, 4.736869258163182 ], [ -74.007992128205203, 4.736688306653501 ], [ -74.008008196035874, 4.736421672848367 ], [ -74.008061700736334, 4.736267164596072 ], [ -74.008083153725522, 4.736144178630857 ], [ -74.008125883619627, 4.736021765897902 ], [ -74.008152874030245, 4.73593560243484 ], [ -74.008169044754695, 4.73584978526762 ], [ -74.008190451692755, 4.735759091119268 ], [ -74.008222112124301, 4.735622461300015 ], [ -74.008291190302458, 4.735548117124186 ], [ -74.008351061514233, 4.735417949935178 ], [ -74.008367638927908, 4.735363068431496 ], [ -74.008378453485108, 4.735239705372243 ], [ -74.008404960827335, 4.735112837120342 ], [ -74.0084377070621, 4.735036722217725 ] ] } },
{ "type": "Feature", "properties": { "edge_id": "-331675702", "fuera_tolerancia": true, "longitud_m": 280.12826675195191 }, "geometry": { "type": "LineString", "coordinates": [ [ -74.00354275572505, 4.812710045522386 ], [ -74.003677717332195, 4.813035512658996 ], [ -74.004111830743639, 4.813258934133811 ], [ -74.004229226538953, 4.81326263357001 ], [ -74.004453932705744, 4.813198650066694 ], [ -74.004521446149056, 4.813152979499903 ], [ -74.004556827499258, 4.813129061151018 ], [ -74.004792949573115, 4.812655160329316 ], [ -74.005088070558315, 4.812037615432359 ] ] } },
{ "type": "Feature", "properties": { "edge_id": "-812938339#2", "fuera_tolerancia": true, "longitud_m": 279.64636168358192 }, "geometry": { "type": "LineString", "coordinates": [ [ -74.016942683845599, 4.763993769256835 ], [ -74.016959620990434, 4.764193786492561 ], [ -74.017050900011924, 4.764932018788045 ], [ -74.017098691177466, 4.765246323104463 ], [ -74.017142195361714, 4.765531857032697 ], [ -74.017251103192166, 4.765919878015429 ], [ -74.017415040191509, 4.766160538217395 ], [ -74.017541812677507, 4.766413175611951 ] ] } },
{ "type": "Feature", "properties": { "edge_id": "-214847402#2", "fuera_tolerancia": true, "longitud_m": 279.58524535252923 }, "geometry": { "type": "LineString", "coordinates": [ [ -74.014199000348242, 4.698221527934432 ], [ -74.014262188181334, 4.698100951988286 ], [ -74.014317194969834, 4.697835548016574 ], [ -74.014214898276137, 4.697365315272818 ], [ -74.014165096033977, 4.697070456108602 ], [ -74.014184397213683, 4.697000562650756 ], [ -74.014223272054366, 4.696859328855886 ], [ -74.014285986017313, 4.696562457849923 ], [ -74.014191406011108, 4.696310953196837 ], [ -74.014087876448414, 4.696140934716704 ], [ -74.013987376748631, 4.695996157108392 ], [ -74.013858798835074, 4.695879923177554 ] ] } },
{ "type": "Feature", "properties": { "edge_id": "812938339#2", "fuera_tolerancia": true, "longitud_m": 278.40939467874415 }, "geometry": { "type": "LineString", "coordinates": [ [ -74.017567528021019, 4.766400096591678 ], [ -74.017439946492459, 4.76614573942422 ], [ -74.017277629093698, 4.765907433337712 ], [ -74.017170515528377, 4.765525746677527 ], [ -74.017127279381612, 4.765241931751338 ], [ -74.017079397396358, 4.764928079572669 ], [ -74.016988297385652, 4.764190752067175 ], [ -74.016971449624904, 4.763991277680143 ] ] } },
{ "type": "Feature", "properties": { "edge_id": "214847402#2", "fuera_tolerancia": true, "longitud_m": 276.94972862532336 }, "geometry": { "type": "LineString", "coordinates": [ [ -74.013846429094471, 4.695893111934287 ], [ -74.013973836520705, 4.696008258767785 ], [ -74.014072716482005, 4.696150863198197 ], [ -74.014175166978873, 4.696318890172348 ], [ -74.014267231790072, 4.696563878601518 ], [ -74.01420578811647, 4.696854962360082 ], [ -74.014167004062926, 4.696995744012934 ], [ -74.014146705715802, 4.697069525571177 ], [ -74.014197223091074, 4.697368727525897 ], [ -74.014298803106286, 4.697835702921717 ], [ -74.014245067374702, 4.698094776925653 ], [ -74.014182964576364, 4.698213093060549 ] ] } },
{ "type": "Feature", "properties": { "edge_id": "331675702", "fuera_tolerancia": true, "longitud_m": 272.59218168171793 }, "geometry": { "type": "LineString", "coordinates": [ [ -74.005062029687991, 4.812025094833643 ], [ -74.004766999121827, 4.812642458941602 ], [ -74.004534494078982, 4.813109309692957 ], [ -74.004505340615765, 4.813128985849684 ], [ -74.004441708283323, 4.813172038949613 ], [ -74.004225662096829, 4.813233502431201 ], [ -74.004119266480913, 4.813230180903347 ], [ -74.003700290265897, 4.813014560565412 ], [ -74.003569462239824, 4.812698868424199 ] ] } },
{ "type": "Feature", "properties": { "edge_id": "-112602917#4", "fuera_tolerancia": true, "longitud_m": 267.90238295986717 }, "geometry": { "type": "LineString", "coordinates": [ [ -74.00913297337064, 4.743993610082383 ], [ -74.009107018703546, 4.744175112988327 ], [ -74.008950637700607, 4.74433092080154 ], [ -74.008595638495677, 4.744545328592107 ], [ -74.008482441503702, 4.744703188245609 ], [ -74.008537713155064, 4.744890687219062 ], [ -74.008575065277228, 4.745188785054114 ], [ -74.00860204779832, 4.745424455102126 ], [ -74.008682857266777, 4.745849159766201 ], [ -74.008787763712064, 4.746067574668731 ] ] } },
{ "type": "Feature", "properties": { "edge_id": "1298861030#1", "fuera_tolerancia": true, "longitud_m": 267.60170628161546 }, "geometry": { "type": "LineString", "coordinates": [ [ -74.05659751702666, 4.686816394389986 ], [ -74.056602415825381, 4.68679369682566 ], [ -74.056069387581132, 4.686683888468439 ], [ -74.055866966079577, 4.686634588487407 ], [ -74.055489707951409, 4.686537925199586 ], [ -74.055225025822594, 4.68646167581023 ], [ -74.054863289592262, 4.686353816801609 ], [ -74.054594623827924, 4.686290225491112 ], [ -74.05433360412394, 4.686239398564075 ], [ -74.054325510704757, 4.68629121823267 ] ] } },
{ "type": "Feature", "properties": { "edge_id": "112602917#4", "fuera_tolerancia": true, "longitud_m": 265.83632853364088 }, "geometry": { "type": "LineString", "coordinates": [ [ -74.008813748156484, 4.746054948499853 ], [ -74.008710459696388, 4.745839973155691 ], [ -74.008630544849765, 4.74542015426385 ], [ -74.008603741349759, 4.74518538900678 ], [ -74.008566032185229, 4.744884757960732 ], [ -74.008514170375307, 4.744708661022536 ], [ -74.008615623226248, 4.744567066123812 ], [ -74.008968456774298, 4.744353921564328 ], [ -74.009134227657867, 4.7441889009671 ], [ -74.009161548529974, 4.743997721495838 ] ] } },
{ "type": "Feature", "properties": { "edge_id": "1298861030#0", "fuera_tolerancia": true, "longitud_m": 259.87891883378893 }, "geometry": { "type": "LineString", "coordinates": [ [ -74.054332889516459, 4.686301540067801 ], [ -74.054425095969989, 4.686317765784937 ], [ -74.05484626762501, 4.686408066689952 ], [ -74.055217847733459, 4.68650327534023 ], [ -74.055484071004784, 4.686573194977701 ], [ -74.055859162646456, 4.686671935807261 ], [ -74.056064467042304, 4.68672277741945 ], [ -74.056593070577762, 4.686837916651296 ], [ -74.056596972459587, 4.686819107301551 ] ] } },
{ "type": "Feature", "properties": { "edge_id": "693620526", "fuera_tolerancia": true, "longitud_m": 259.85278570991591 }, "geometry": { "type": "LineString", "coordinates": [ [ -74.044447034289419, 4.76029641401052 ], [ -74.044240275018026, 4.760305986398643 ], [ -74.044014953367366, 4.760307301587625 ], [ -74.044022124146792, 4.760337975583651 ], [ -74.044239596311556, 4.760340448576114 ], [ -74.044459419241093, 4.760338221136182 ], [ -74.045900458160119, 4.760311094338961 ] ] } },
{ "type": "Feature", "properties": { "edge_id": "1279991853", "fuera_tolerancia": true, "longitud_m": 259.804270408295 }, "geometry": { "type": "LineString", "coordinates": [ [ -74.057247676434002, 4.685532178898262 ], [ -74.057125325237791, 4.686179761461355 ], [ -74.056951777925633, 4.687120891463573 ], [ -74.05689099200363, 4.687405923262345 ], [ -74.056821348459934, 4.687842093214757 ] ] } },
{ "type": "Feature", "properties": { "edge_id": "89480581", "fuera_tolerancia": true, "longitud_m": 253.25591615249897 }, "geometry": { "type": "LineString", "coordinates": [ [ -74.048579714423724, 4.68453646871024 ], [ -74.047293630034204, 4.685293541513693 ], [ -74.046599375319971, 4.685674946736818 ] ] } },
{ "type": "Feature", "properties": { "edge_id": "72908300", "fuera_tolerancia": true, "longitud_m": 249.05649219760056 }, "geometry": { "type": "LineString", "coordinates": [ [ -74.044279453660025, 4.76066360699409 ], [ -74.044413529595076, 4.760662165028546 ], [ -74.04441347974624, 4.760632948192225 ], [ -74.044146413604096, 4.76063311997614 ], [ -74.044146302317429, 4.760583098549191 ], [ -74.045911173853185, 4.760582924749122 ] ] } },
{ "type": "Feature", "properties": { "edge_id": "915043389", "fuera_tolerancia": true, "longitud_m": 244.86072946090201 }, "geometry": { "type": "LineString", "coordinates": [ [ -74.012667617246322, 4.668270761021756 ], [ -74.012807462506885, 4.668385020030989 ], [ -74.012943311469726, 4.668585023585102 ], [ -74.013012271316541, 4.668653775032092 ], [ -74.013081373786392, 4.668684988354307 ], [ -74.013198962688975, 4.668726943425338 ], [ -74.013300647926044, 4.668730885517491 ], [ -74.013443879475474, 4.668744474127386 ], [ -74.013577464857562, 4.668758049145135 ], [ -74.013758372056728, 4.668777117898684 ], [ -74.01384577847513, 4.668741511525399 ], [ -74.013929976321776, 4.668679488116891 ], [ -74.013983981838038, 4.668611452307512 ], [ -74.01400488733411, 4.668553772158957 ], [ -74.014020298781119, 4.668492375681031 ], [ -74.014030716183655, 4.66839198659009 ], [ -74.014001255714575, 4.668249209069807 ], [ -74.013909747433857, 4.667994272073862 ] ] } },
{ "type": "Feature", "properties": { "edge_id": "1164366505#2", "fuera_tolerancia": true, "longitud_m": 242.7825536212836 }, "geometry": { "type": "LineString", "coordinates": [ [ -74.033443542474302, 4.827772946727771 ], [ -74.033198586436711, 4.828570582260472 ], [ -74.033110587518863, 4.828818481499362 ], [ -74.033085962332564, 4.828887824557311 ], [ -74.032903373367304, 4.829453082147962 ], [ -74.03280440215012, 4.829871380809731 ] ] } },
{ "type": "Feature", "properties": { "edge_id": "887275716#2", "fuera_tolerancia": true, "longitud_m": 241.85989795500788 }, "geometry": { "type": "LineString", "coordinates": [ [ -74.008413810453305, 4.732823381368013 ], [ -74.008422070632477, 4.732910952189775 ], [ -74.008435547462071, 4.733070712378109 ], [ -74.008430086037464, 4.733170474761971 ], [ -74.008486873376583, 4.73336973473263 ], [ -74.008529748994377, 4.733524743010067 ], [ -74.008575399866416, 4.73369359465014 ], [ -74.008629398468273, 4.733825191408365 ], [ -74.008679898120349, 4.733944662383768 ], [ -74.008709083329023, 4.734089972524052 ], [ -74.008711798864169, 4.7342091036789 ], [ -74.008703857291025, 4.734341063961744 ], [ -74.008658690644907, 4.73446537281089 ], [ -74.008588922415342, 4.734644551673034 ], [ -74.00854573639603, 4.73477085332069 ], [ -74.008523682342641, 4.734872853258205 ], [ -74.008545418915176, 4.734930503288529 ] ] } },
{ "type": "Feature", "properties": { "edge_id": "-887275716#2", "fuera_tolerancia": true, "longitud_m": 241.29895111315628 }, "geometry": { "type": "LineString", "coordinates": [ [ -74.008562287900034, 4.734924105266443 ], [ -74.008542437593249, 4.734871432882085 ], [ -74.008563220394905, 4.734775762866397 ], [ -74.008605863651596, 4.734650726788274 ], [ -74.008675631620576, 4.734471728830302 ], [ -74.008721703722301, 4.734344707671722 ], [ -74.008729830246367, 4.734209491326827 ], [ -74.008727118055617, 4.734088008385092 ], [ -74.008697216459879, 4.733939259985299 ], [ -74.008645997846841, 4.733818159817492 ], [ -74.008592538395746, 4.733687830181484 ], [ -74.008547066550619, 4.733519883333237 ], [ -74.008504190928832, 4.733364875056104 ], [ -74.008448301057655, 4.73316851088375 ], [ -74.008453579843319, 4.733070376400499 ], [ -74.008440104812067, 4.732909349865236 ], [ -74.008431754728761, 4.732821598007409 ] ] } },
{ "type": "Feature", "properties": { "edge_id": "-810514342", "fuera_tolerancia": true, "longitud_m": 241.02320383855152 }, "geometry": { "type": "LineString", "coordinates": [ [ -74.015405323561964, 4.666078208046822 ], [ -74.015320518176367, 4.666123677822046 ], [ -74.014587780415496, 4.666827375294773 ], [ -74.014064881024908, 4.667360408844798 ], [ -74.013918808309498, 4.667509452379608 ], [ -74.013868820421038, 4.667605624983891 ] ] } },
{ "type": "Feature", "properties": { "edge_id": "810514342", "fuera_tolerancia": true, "longitud_m": 239.10066119971975 }, "geometry": { "type": "LineString", "coordinates": [ [ -74.013894404635664, 4.667619048103685 ], [ -74.01394240389601, 4.667526671762636 ], [ -74.014085407184155, 4.667380699339828 ], [ -74.014608125774103, 4.666848027336161 ], [ -74.015337613826219, 4.666147400714915 ], [ -74.015418990958764, 4.666103735206169 ] ] } },
{ "type": "Feature", "properties": { "edge_id": "887073653#1", "fuera_tolerancia": true, "longitud_m": 238.4362794655606 }, "geometry": { "type": "LineString", "coordinates": [ [ -74.002697227029685, 4.673972415235744 ], [ -74.00265545834084, 4.673928757204861 ], [ -74.002604084609786, 4.673919729187401 ], [ -74.002535972089575, 4.673953642745865 ], [ -74.002405632053112, 4.674067428586448 ], [ -74.002332648855514, 4.674166823505627 ], [ -74.002244690618753, 4.674273162006261 ], [ -74.002161551081016, 4.674350743147161 ], [ -74.002106728601888, 4.674421671047726 ], [ -74.00206838440559, 4.6745063713397 ], [ -74.002051603460217, 4.67457907202982 ], [ -74.002076993001666, 4.674666305340775 ], [ -74.002114619312493, 4.674706701181898 ], [ -74.002190573646388, 4.674737563541666 ], [ -74.00229875589207, 4.674737536700261 ], [ -74.002384828850111, 4.674753126812588 ], [ -74.002494628039628, 4.674820942356581 ], [ -74.002558966880684, 4.674905607967813 ], [ -74.00256683149891, 4.675017962393468 ], [ -74.002572165380613, 4.675071156636834 ], [ -74.00257212913958, 4.675160524628358 ], [ -74.002542565303671, 4.675283770633556 ], [ -74.002548120764345, 4.675371518423028 ], [ -74.002555832746737, 4.67540056497229 ] ] } },
{ "type": "Feature", "properties": { "edge_id": "-915043389", "fuera_tolerancia": true, "longitud_m": 236.46809552170174 }, "geometry": { "type": "LineString", "coordinates": [ [ -74.013882688460257, 4.668004003054376 ], [ -74.013973478047333, 4.668257129965671 ], [ -74.014001505183913, 4.668393392797029 ], [ -74.013991818079148, 4.668487270238659 ], [ -74.013977312940781, 4.668545230744495 ], [ -74.013958398851955, 4.668597124647042 ], [ -74.01390981175328, 4.668658474488831 ], [ -74.013831570203422, 4.66871598357812 ], [ -74.013754266281666, 4.668747624186072 ], [ -74.013580389873184, 4.668729288949861 ], [ -74.013446624193861, 4.668715713680238 ], [ -74.013302491390832, 4.66870194289688 ], [ -74.013204411952543, 4.668698186785658 ], [ -74.013092229596552, 4.668658048398282 ], [ -74.013028893011167, 4.668629556803221 ], [ -74.01296551469855, 4.668566421345687 ], [ -74.012828946039022, 4.668365331337143 ], [ -74.012685859256891, 4.668248263703397 ] ] } },
{ "type": "Feature", "properties": { "edge_id": "77372779#5", "fuera_tolerancia": true, "longitud_m": 236.45242549387396 }, "geometry": { "type": "LineString", "coordinates": [ [ -74.011742188461326, 4.666162609203735 ], [ -74.011789113777084, 4.666193610458469 ], [ -74.011809022183328, 4.666204312031676 ], [ -74.011888025518289, 4.666246574710202 ], [ -74.011992261615106, 4.666295656934304 ], [ -74.012090564339758, 4.666332881351059 ], [ -74.012199693021003, 4.666364512859262 ], [ -74.012308472491611, 4.666388003021676 ], [ -74.012373277185191, 4.666397953677443 ], [ -74.01246648256793, 4.666405682944918 ], [ -74.012594221430092, 4.666409390365258 ], [ -74.012693753057405, 4.666405912234609 ], [ -74.012765346127964, 4.666396515295316 ], [ -74.012818189331142, 4.666386006530698 ], [ -74.012947152732224, 4.666352086832731 ], [ -74.013593616707865, 4.666165032677555 ], [ -74.013636812361327, 4.666155505278436 ], [ -74.013709303892171, 4.666148280388783 ], [ -74.013752217224351, 4.666147255243515 ], [ -74.013791066697706, 4.66615128979902 ] ] } },
{ "type": "Feature", "properties": { "edge_id": "1014383913", "fuera_tolerancia": true, "longitud_m": 235.54623265359049 }, "geometry": { "type": "LineString", "coordinates": [ [ -74.045605239151314, 4.751436766108926 ], [ -74.045648117048813, 4.751449195111649 ], [ -74.046318779421213, 4.751623614847356 ], [ -74.046993069016494, 4.751783294931671 ], [ -74.047670715061429, 4.75192841588089 ] ] } },
{ "type": "Feature", "properties": { "edge_id": "-77372779#5", "fuera_tolerancia": true, "longitud_m": 235.01567146358238 }, "geometry": { "type": "LineString", "coordinates": [ [ -74.013793898995885, 4.66612433854265 ], [ -74.013753336909829, 4.666120120673547 ], [ -74.013707719053144, 4.666121142018858 ], [ -74.01363252249395, 4.666128724922787 ], [ -74.013586982161925, 4.666138791749685 ], [ -74.012939977306033, 4.666325845142912 ], [ -74.012812095973246, 4.666359585454924 ], [ -74.012761056295204, 4.666369734941227 ], [ -74.012691447052362, 4.666378772856212 ], [ -74.012594079049975, 4.666382254031259 ], [ -74.012467962908346, 4.666378548895155 ], [ -74.012376379991835, 4.66637100281925 ], [ -74.01231337806496, 4.666361235608764 ], [ -74.012206220807613, 4.666338109546104 ], [ -74.012099074689615, 4.666307023552832 ], [ -74.012002754021395, 4.666270706465622 ], [ -74.011900139629972, 4.666222350156788 ], [ -74.011821766972716, 4.666180359729223 ], [ -74.011803029642024, 4.666170292981562 ], [ -74.011757095100293, 4.666139926299228 ] ] } },
{ "type": "Feature", "properties": { "edge_id": "-887073653#1", "fuera_tolerancia": true, "longitud_m": 233.06735290776066 }, "geometry": { "type": "LineString", "coordinates": [ [ -74.002573238687461, 4.675395886174956 ], [ -74.002565974904357, 4.6753686493336 ], [ -74.002560773651624, 4.675285424722341 ], [ -74.002590156413603, 4.675162721178823 ], [ -74.002590197001879, 4.6750702777745 ], [ -74.00258486414215, 4.675016359904552 ], [ -74.002576646077827, 4.674898939580087 ], [ -74.002506908112579, 4.67480721091126 ], [ -74.002391344078688, 4.674735949928437 ], [ -74.002300404212363, 4.674719448351855 ], [ -74.00219402500251, 4.674719477761986 ], [ -74.002125098403582, 4.674691519923659 ], [ -74.002093053048057, 4.674657101961434 ], [ -74.002070175464425, 4.674578555761912 ], [ -74.002085505023828, 4.674512184746867 ], [ -74.002122221370982, 4.674431100274174 ], [ -74.002174876116513, 4.674363063796374 ], [ -74.002257835095762, 4.674285663303761 ], [ -74.002346876942937, 4.674178059995548 ], [ -74.00241895708956, 4.674079749230879 ], [ -74.002546047577866, 4.673968853273855 ], [ -74.002606762555388, 4.673938547324783 ], [ -74.002646599700583, 4.673945568945435 ], [ -74.002684227427594, 4.673984969769132 ] ] } },
{ "type": "Feature", "properties": { "edge_id": "887191617#1", "fuera_tolerancia": true, "longitud_m": 232.41652358869965 }, "geometry": { "type": "LineString", "coordinates": [ [ -74.009823597508117, 4.716201935341235 ], [ -74.009774871753976, 4.716230720560982 ], [ -74.009685139796986, 4.71631227219281 ], [ -74.009532126233864, 4.716451171575926 ], [ -74.009241519586027, 4.716853546756797 ], [ -74.009181128106889, 4.71697086931046 ], [ -74.009154330926208, 4.717239659049802 ], [ -74.009135620930508, 4.71746386671945 ], [ -74.009106372118765, 4.717617686477081 ], [ -74.009076860133575, 4.717702761152705 ], [ -74.009000730861189, 4.717855518996768 ], [ -74.008968814615201, 4.71791942409943 ], [ -74.008901355823014, 4.71799775102781 ] ] } },
{ "type": "Feature", "properties": { "edge_id": "-887191617#1", "fuera_tolerancia": true, "longitud_m": 231.75667017840888 }, "geometry": { "type": "LineString", "coordinates": [ [ -74.008915042941794, 4.718009619982424 ], [ -74.008983946689597, 4.717929576497787 ], [ -74.009016857616416, 4.717863592382335 ], [ -74.009093439084509, 4.717709840192262 ], [ -74.009123855976299, 4.717622415014569 ], [ -74.009153468748352, 4.717466243982354 ], [ -74.00917236007912, 4.717241312941345 ], [ -74.009198791495265, 4.716976140820395 ], [ -74.009256832986011, 4.716862975775712 ], [ -74.009545632642258, 4.716463311617494 ], [ -74.00969720189731, 4.716325676521984 ], [ -74.00978566986079, 4.716245389436582 ], [ -74.00983277150516, 4.716217506436478 ] ] } },
{ "type": "Feature", "properties": { "edge_id": "-30090926", "fuera_tolerancia": true, "longitud_m": 228.47887371761448 }, "geometry": { "type": "LineString", "coordinates": [ [ -74.045744928942824, 4.75140039326784 ], [ -74.046349715288372, 4.751550751347553 ], [ -74.04674008229081, 4.75164436889228 ], [ -74.047097293012513, 4.751720844509005 ], [ -74.047751225845914, 4.751866203955027 ] ] } },
{ "type": "Feature", "properties": { "edge_id": "30090926", "fuera_tolerancia": true, "longitud_m": 228.42546603135142 }, "geometry": { "type": "LineString", "coordinates": [ [ -74.047755037017424, 4.751848480138312 ], [ -74.047101104198475, 4.751703120699037 ], [ -74.046744073810203, 4.751626645335352 ], [ -74.046354067218601, 4.75153320920221 ], [ -74.045749190723186, 4.751382851004333 ] ] } },
{ "type": "Feature", "properties": { "edge_id": "212860731", "fuera_tolerancia": true, "longitud_m": 221.20276312894305 }, "geometry": { "type": "LineString", "coordinates": [ [ -74.010828205428183, 4.693667386560505 ], [ -74.011088741730958, 4.693802712708243 ], [ -74.011125583149578, 4.693825287883229 ], [ -74.011153841443488, 4.693860966675755 ], [ -74.011162263744197, 4.693898064616528 ], [ -74.011182720505545, 4.694032055494125 ], [ -74.011203462123618, 4.694091784311254 ], [ -74.011241802059445, 4.69413860319185 ], [ -74.011302607252347, 4.694173514020308 ], [ -74.011374267520864, 4.694182480020428 ], [ -74.011455069542862, 4.694165770120916 ], [ -74.011535631141683, 4.694127712801923 ], [ -74.011702904416239, 4.694037676973809 ], [ -74.011773077111428, 4.69401462021872 ], [ -74.011834651541406, 4.69401543105281 ], [ -74.011891322260595, 4.694041381063311 ], [ -74.011956732176046, 4.694135545529291 ], [ -74.012108405491418, 4.694432357961272 ], [ -74.012162575419524, 4.694505702154887 ], [ -74.012237383905529, 4.694519828393992 ] ] } },
{ "type": "Feature", "properties": { "edge_id": "-212860731", "fuera_tolerancia": true, "longitud_m": 219.46580249562717 }, "geometry": { "type": "LineString", "coordinates": [ [ -74.012236163469936, 4.694490157852866 ], [ -74.012179020680904, 4.694479312959539 ], [ -74.01213294913093, 4.69441701558465 ], [ -74.011981455605877, 4.694120565225758 ], [ -74.011910467567247, 4.69401825203029 ], [ -74.011841003069833, 4.693986494867175 ], [ -74.011768610116093, 4.693985668712112 ], [ -74.011691582636061, 4.694010886646677 ], [ -74.011522685315683, 4.694101824709241 ], [ -74.011445912750531, 4.694138078321973 ], [ -74.011373046610402, 4.694153171299326 ], [ -74.011311842471827, 4.694145486467471 ], [ -74.011260766059635, 4.694116197554239 ], [ -74.011229086341999, 4.694077348035993 ], [ -74.011210858602738, 4.694025039982789 ], [ -74.011190579852453, 4.693892677523266 ], [ -74.011180545213278, 4.693848160096587 ], [ -74.011144907250269, 4.693803244572576 ], [ -74.011102841464435, 4.693777405662731 ], [ -74.01084140413252, 4.693641716429688 ] ] } },
{ "type": "Feature", "properties": { "edge_id": "214847402#1", "fuera_tolerancia": true, "longitud_m": 218.86776482991064 }, "geometry": { "type": "LineString", "coordinates": [ [ -74.012314149462597, 4.69455268131237 ], [ -74.012323685738068, 4.694566986497368 ], [ -74.012388450456768, 4.69460714916998 ], [ -74.012530525746413, 4.694741402668284 ], [ -74.01264971723009, 4.694864678862849 ], [ -74.012832993757556, 4.694998628817181 ], [ -74.013056472960315, 4.695201289989879 ], [ -74.013077452279887, 4.695220314952404 ], [ -74.013563537331308, 4.695626325662371 ], [ -74.013799339051829, 4.69584971801268 ] ] } },
{ "type": "Feature", "properties": { "edge_id": "-214847402#1", "fuera_tolerancia": true, "longitud_m": 218.39129182861089 }, "geometry": { "type": "LineString", "coordinates": [ [ -74.013811708792204, 4.695836529256791 ], [ -74.013575456805512, 4.695612774458995 ], [ -74.013089191698285, 4.695206582595533 ], [ -74.013068572615566, 4.695187829504193 ], [ -74.01284437306569, 4.694984534140137 ], [ -74.012661636956977, 4.69485094676874 ], [ -74.012543165436796, 4.694728576132317 ], [ -74.012399469655193, 4.694592692176009 ], [ -74.012336506499793, 4.694553617499344 ], [ -74.012329219379325, 4.694542662285474 ] ] } },
{ "type": "Feature", "properties": { "edge_id": "889019225", "fuera_tolerancia": true, "longitud_m": 216.50264270826599 }, "geometry": { "type": "LineString", "coordinates": [ [ -74.035232700927338, 4.824230239485217 ], [ -74.035263745954424, 4.824020339891708 ], [ -74.035312609059773, 4.824027555167302 ], [ -74.035276374824576, 4.824272453086039 ], [ -74.034371775321659, 4.82413955689278 ], [ -74.034406006902316, 4.823908224331632 ], [ -74.034373551663137, 4.82390347458065 ], [ -74.034354159462623, 4.824034786158677 ], [ -74.034347392794999, 4.824101260197815 ], [ -74.034411946821479, 4.824107774216891 ] ] } },
{ "type": "Feature", "properties": { "edge_id": "1005104324#2", "fuera_tolerancia": true, "longitud_m": 216.39416000687635 }, "geometry": { "type": "LineString", "coordinates": [ [ -74.042606571180954, 4.770811885057801 ], [ -74.042612982305855, 4.770805109923447 ], [ -74.042637675588949, 4.77074870086084 ], [ -74.042766132234888, 4.77076959399088 ], [ -74.042863478990682, 4.770141524429764 ], [ -74.042920144140041, 4.770046535910671 ], [ -74.042771867998653, 4.770924912051528 ], [ -74.042759124761872, 4.770946512867688 ], [ -74.042740351108094, 4.770960416658999 ], [ -74.042714650648946, 4.770962823093972 ], [ -74.042692563563733, 4.770960350032853 ], [ -74.042671560716599, 4.770956250305109 ] ] } },
{ "type": "Feature", "properties": { "edge_id": "-422962843#0", "fuera_tolerancia": true, "longitud_m": 214.66993456672301 }, "geometry": { "type": "LineString", "coordinates": [ [ -74.04819524380575, 4.737080848803483 ], [ -74.048160894475373, 4.737079354248682 ], [ -74.04810335919187, 4.737088501410609 ], [ -74.048056984932145, 4.73711150347773 ], [ -74.048012765871007, 4.737140840326179 ], [ -74.047988559190856, 4.737172646997085 ], [ -74.047971554617718, 4.737212333127825 ], [ -74.047966804505151, 4.737257463402887 ], [ -74.047970061639347, 4.737315087429181 ], [ -74.047984894144832, 4.737347309667695 ], [ -74.04801117845345, 4.737378552673517 ], [ -74.048036934171733, 4.737400749496929 ], [ -74.04807495153473, 4.737423144110162 ], [ -74.049358437560784, 4.737722324606535 ], [ -74.049436402142703, 4.737740522717497 ] ] } },
{ "type": "Feature", "properties": { "edge_id": "1133034603", "fuera_tolerancia": true, "longitud_m": 214.11480092419396 }, "geometry": { "type": "LineString", "coordinates": [ [ -74.049361580360298, 4.738061714490232 ], [ -74.048140181260365, 4.737787042084904 ], [ -74.048070578942472, 4.737785498982715 ], [ -74.048021243300838, 4.737798275597047 ], [ -74.047973702834412, 4.737816934224457 ], [ -74.047933626052497, 4.7378499853976 ], [ -74.047905886722106, 4.737893727193312 ], [ -74.047893195243631, 4.737944092891822 ], [ -74.047896640854034, 4.737995747176978 ], [ -74.047916139955376, 4.738043895843706 ], [ -74.047949715938756, 4.738083470715168 ], [ -74.047993857722929, 4.738110667863973 ], [ -74.04804433107941, 4.738123039184813 ], [ -74.048096089090507, 4.738119039999344 ], [ -74.048133526961848, 4.738103714275361 ] ] } },
{ "type": "Feature", "properties": { "edge_id": "41012758", "fuera_tolerancia": true, "longitud_m": 211.23441014248007 }, "geometry": { "type": "LineString", "coordinates": [ [ -74.045801978333571, 4.760391552681219 ], [ -74.044436959389628, 4.760410101186834 ], [ -74.044207676850021, 4.760406797758387 ], [ -74.044123196826718, 4.760404147688399 ], [ -74.044040974148331, 4.760399148930316 ], [ -74.043898985963637, 4.760384569415452 ] ] } },
{ "type": "Feature", "properties": { "edge_id": "41012752", "fuera_tolerancia": true, "longitud_m": 210.79089506490982 }, "geometry": { "type": "LineString", "coordinates": [ [ -74.043906847832275, 4.760502442389005 ], [ -74.044062718277843, 4.760519212098022 ], [ -74.044150803244619, 4.760523043092808 ], [ -74.044246014155419, 4.760524713069089 ], [ -74.044414262041258, 4.760523409015412 ], [ -74.045805871574046, 4.76051068655647 ] ] } },
{ "type": "Feature", "properties": { "edge_id": "525681722", "fuera_tolerancia": true, "longitud_m": 208.73586681071762 }, "geometry": { "type": "LineString", "coordinates": [ [ -74.049440573520528, 4.737722980264738 ], [ -74.049362608940271, 4.737704782154613 ], [ -74.048081646706166, 4.737406147873823 ], [ -74.04804741313427, 4.737385929379553 ], [ -74.04802399887862, 4.737365725780217 ], [ -74.048000234869221, 4.73733756169926 ], [ -74.047987919692801, 4.737310589290261 ], [ -74.047984836197273, 4.737257850047986 ], [ -74.047989219973289, 4.737216880177038 ], [ -74.04800423457138, 4.737181894942037 ], [ -74.04802518976669, 4.737154244702944 ], [ -74.048065979496712, 4.73712725495079 ], [ -74.048108925415633, 4.737105876345519 ], [ -74.048161951665037, 4.737097446612935 ], [ -74.048194497777885, 4.737098938685763 ] ] } },
{ "type": "Feature", "properties": { "edge_id": "-1133034610", "fuera_tolerancia": true, "longitud_m": 206.55149938635265 }, "geometry": { "type": "LineString", "coordinates": [ [ -74.048126697613625, 4.738086970782046 ], [ -74.048091965935782, 4.738101305232103 ], [ -74.048045798653462, 4.738104769388706 ], [ -74.048000913302857, 4.738093853035847 ], [ -74.047961636255124, 4.738069557132099 ], [ -74.047931841094353, 4.738034329285675 ], [ -74.047914498430885, 4.737991610861125 ], [ -74.04791140554245, 4.737945746151869 ], [ -74.047922646770388, 4.737900986636889 ], [ -74.047947313943055, 4.737862125154832 ], [ -74.047982877724834, 4.73783268594805 ], [ -74.048026809772054, 4.737815469624262 ], [ -74.048072718059245, 4.737803592836168 ], [ -74.048137992650496, 4.737805129980217 ], [ -74.049357589051837, 4.738079438098298 ] ] } },
{ "type": "Feature", "properties": { "edge_id": "-1164694142#4", "fuera_tolerancia": true, "longitud_m": 205.15969874752733 }, "geometry": { "type": "LineString", "coordinates": [ [ -74.023599432860692, 4.675596557601727 ], [ -74.023530761570214, 4.675578551975759 ], [ -74.023467605986497, 4.675548704552769 ], [ -74.023396360750311, 4.675501478669968 ], [ -74.023341888867975, 4.675450658006026 ], [ -74.023298869469826, 4.675397591956231 ], [ -74.023264239880248, 4.675340467171077 ], [ -74.023049907080846, 4.674914039319744 ], [ -74.022984048081298, 4.674818337560307 ], [ -74.022927516435217, 4.674757654518043 ], [ -74.02286240755609, 4.674706185822171 ], [ -74.022814486303616, 4.674677445056942 ], [ -74.022763763193467, 4.674653856260986 ], [ -74.022726093733255, 4.674643582412696 ], [ -74.02268679489211, 4.67463810035334 ], [ -74.022655871307705, 4.674639052211151 ], [ -74.02262701671178, 4.674643263298842 ], [ -74.02259878716454, 4.674651817050558 ], [ -74.022554680800852, 4.674667584973335 ], [ -74.022491433585827, 4.674703949705253 ], [ -74.022347134892541, 4.674808584572339 ], [ -74.02231816844602, 4.674828444034738 ], [ -74.022279645988135, 4.674848199705647 ] ] } },
{ "type": "Feature", "properties": { "edge_id": "1164694142#4", "fuera_tolerancia": true, "longitud_m": 203.06452602637663 }, "geometry": { "type": "LineString", "coordinates": [ [ -74.022291151490947, 4.674872728801226 ], [ -74.022332019537927, 4.674851800500895 ], [ -74.022362610229806, 4.674830857856342 ], [ -74.022506186956861, 4.674726764703466 ], [ -74.022566005632072, 4.674692385175922 ], [ -74.022607225873259, 4.674677517766735 ], [ -74.022632929906365, 4.674669865032068 ], [ -74.022658177663132, 4.674666191637121 ], [ -74.022685314856048, 4.674665234497725 ], [ -74.022720647753445, 4.674670168301295 ], [ -74.022754532325933, 4.674679351422498 ], [ -74.022801831658285, 4.674701488179521 ], [ -74.022847050600632, 4.674728597004273 ], [ -74.022909097562376, 4.674777709626547 ], [ -74.022962928650472, 4.674835494374952 ], [ -74.023026628504667, 4.67492793677973 ], [ -74.023240601684009, 4.6753536405022 ], [ -74.023276670201085, 4.675413300007761 ], [ -74.023322029549618, 4.675469263850667 ], [ -74.023379562852668, 4.675522802405718 ], [ -74.023454230621454, 4.675572384867009 ], [ -74.023521530458723, 4.675604228057746 ], [ -74.023592544960877, 4.675622779675632 ] ] } },
{ "type": "Feature", "properties": { "edge_id": "28124132", "fuera_tolerancia": true, "longitud_m": 200.89187081701789 }, "geometry": { "type": "LineString", "coordinates": [ [ -74.037449047922081, 4.80748934247756 ], [ -74.037481787188199, 4.806970001359181 ], [ -74.037479282329173, 4.806891574128236 ], [ -74.037461082095589, 4.806817285618711 ], [ -74.037440045344724, 4.806772390681298 ], [ -74.037409528588014, 4.806736165946847 ], [ -74.037374317296155, 4.806704005014899 ], [ -74.037337203937369, 4.806677901818802 ], [ -74.037296201984304, 4.806659843541957 ], [ -74.037250050075926, 4.806649104769034 ], [ -74.037206051830438, 4.806645786270194 ], [ -74.03716096139091, 4.806649702551991 ], [ -74.037101150939407, 4.806669517952249 ], [ -74.037050974293194, 4.806699568268567 ], [ -74.037009708568874, 4.806740937930348 ], [ -74.036968224523619, 4.806809353048134 ], [ -74.036920705814381, 4.806937187959357 ], [ -74.036824350532626, 4.807296516260054 ] ] } },
{ "type": "Feature", "properties": { "edge_id": "73102281#1", "fuera_tolerancia": true, "longitud_m": 196.62964194269256 }, "geometry": { "type": "LineString", "coordinates": [ [ -74.056694008817018, 4.686998610345166 ], [ -74.05774970986667, 4.68720979959439 ], [ -74.058073189255452, 4.687274458712778 ], [ -74.058409905811061, 4.687418193144977 ] ] } },
{ "type": "Feature", "properties": { "edge_id": "214847402#3", "fuera_tolerancia": true, "longitud_m": 195.14550524029323 }, "geometry": { "type": "LineString", "coordinates": [ [ -74.014144577289926, 4.698263873778995 ], [ -74.014074776152029, 4.698343012541065 ], [ -74.013558256930054, 4.698485650999605 ], [ -74.013365948760239, 4.698618978987773 ], [ -74.013323444153869, 4.698648497192012 ], [ -74.013235892844264, 4.69884836642647 ], [ -74.013242631215732, 4.699057233593458 ], [ -74.01315489094975, 4.699455467522021 ] ] } },
{ "type": "Feature", "properties": { "edge_id": "-214847402#3", "fuera_tolerancia": true, "longitud_m": 194.10096008911754 }, "geometry": { "type": "LineString", "coordinates": [ [ -74.01317255601063, 4.69945929159026 ], [ -74.013260659941281, 4.699058887283179 ], [ -74.013254099330524, 4.698851829441197 ], [ -74.013337852169343, 4.698660457476531 ], [ -74.013376205447955, 4.698633918368533 ], [ -74.013565986864805, 4.698502305423307 ], [ -74.014084670836283, 4.69835894639298 ], [ -74.014158083766418, 4.698275832773034 ] ] } },
{ "type": "Feature", "properties": { "edge_id": "887081844#2", "fuera_tolerancia": true, "longitud_m": 193.96353238492401 }, "geometry": { "type": "LineString", "coordinates": [ [ -74.013331509308685, 4.69964485629959 ], [ -74.01336391359014, 4.699553363013544 ], [ -74.01340765527479, 4.699477624719963 ], [ -74.01344425726829, 4.699414268474824 ], [ -74.013549082186273, 4.699111939599306 ], [ -74.01364818132302, 4.698906388071427 ], [ -74.013684721074199, 4.698823131893793 ], [ -74.013907706642073, 4.698672299190806 ], [ -74.014046669204916, 4.698584393815882 ], [ -74.014185246463967, 4.69851403588672 ], [ -74.014225265704752, 4.698456744806908 ], [ -74.01425083091091, 4.698420237645831 ], [ -74.014203701943018, 4.698276078189648 ] ] } },
{ "type": "Feature", "properties": { "edge_id": "-795754243#1", "fuera_tolerancia": true, "longitud_m": 192.61291599534593 }, "geometry": { "type": "LineString", "coordinates": [ [ -74.0088218673298, 4.664792007567585 ], [ -74.008959850970655, 4.664754211805863 ], [ -74.009432178182763, 4.664605991573716 ], [ -74.009872036740163, 4.664467946465055 ], [ -74.009926241170348, 4.664450927148597 ], [ -74.010272458100985, 4.664359333369245 ], [ -74.010485393844633, 4.664295139975452 ] ] } },
{ "type": "Feature", "properties": { "edge_id": "795754243#1", "fuera_tolerancia": true, "longitud_m": 192.52072679612891 }, "geometry": { "type": "LineString", "coordinates": [ [ -74.010477048588697, 4.6642674493745 ], [ -74.010264563859749, 4.664331462495707 ], [ -74.009918166642223, 4.66442305601969 ], [ -74.009863421057531, 4.664440255480248 ], [ -74.009423562517981, 4.664578300586935 ], [ -74.008951776482078, 4.664726340673464 ], [ -74.008814333750266, 4.664764137198324 ] ] } },
{ "type": "Feature", "properties": { "edge_id": "-887081844#2", "fuera_tolerancia": true, "longitud_m": 192.50959574599491 }, "geometry": { "type": "LineString", "coordinates": [ [ -74.014186564487403, 4.698281752541501 ], [ -74.014230820562219, 4.698417314830073 ], [ -74.014210494766431, 4.69844641219253 ], [ -74.014173005203418, 4.698499907791693 ], [ -74.014037856125782, 4.698568642400345 ], [ -74.013897810942524, 4.698657088964865 ], [ -74.013670313302867, 4.698810990707456 ], [ -74.01363178378179, 4.698898766754732 ], [ -74.01353232300454, 4.699105041397496 ], [ -74.013427859719599, 4.699406647151404 ], [ -74.013392071156744, 4.699468557287478 ], [ -74.013347516039758, 4.699545741687762 ], [ -74.01331447838092, 4.699638862242858 ] ] } },
{ "type": "Feature", "properties": { "edge_id": "-124004076#2", "fuera_tolerancia": true, "longitud_m": 192.25379990749735 }, "geometry": { "type": "LineString", "coordinates": [ [ -74.001172345895867, 4.804187697637555 ], [ -74.001081829985893, 4.804178519734829 ], [ -74.000807178048817, 4.804239354097397 ], [ -74.00034012747831, 4.804409445005353 ], [ -74.000229973203162, 4.804449535130608 ], [ -74.00006968541156, 4.804489461264374 ], [ -73.999718912498722, 4.804501157938997 ], [ -73.999509579626817, 4.804598359229598 ] ] } },
{ "type": "Feature", "properties": { "edge_id": "-65159747", "fuera_tolerancia": true, "longitud_m": 190.91242162269859 }, "geometry": { "type": "LineString", "coordinates": [ [ -74.052474832605171, 4.719166026083169 ], [ -74.051129640933468, 4.718982645863512 ], [ -74.050843608205994, 4.718952314292903 ], [ -74.050810790091006, 4.718952540779097 ], [ -74.050787979708545, 4.718952690494985 ], [ -74.050768230787455, 4.718955738945926 ] ] } },
{ "type": "Feature", "properties": { "edge_id": "124004076#2", "fuera_tolerancia": true, "longitud_m": 190.5187901561182 }, "geometry": { "type": "LineString", "coordinates": [ [ -73.999521714114536, 4.804624608426211 ], [ -73.999725723366041, 4.804529932009786 ], [ -74.00007361090492, 4.804518231103356 ], [ -74.000238408705926, 4.804477226145633 ], [ -74.000349916302511, 4.804436595285328 ], [ -74.000815252638475, 4.804267225487107 ], [ -74.001083590692048, 4.804207829124165 ], [ -74.001169508807038, 4.80421645757398 ] ] } },
{ "type": "Feature", "properties": { "edge_id": "1279989334#2", "fuera_tolerancia": true, "longitud_m": 190.32843422381231 }, "geometry": { "type": "LineString", "coordinates": [ [ -74.050771091653985, 4.718973562426096 ], [ -74.050789397668609, 4.718970783365938 ], [ -74.050810945830634, 4.718970631924035 ], [ -74.050842682042713, 4.718970403958555 ], [ -74.051127452801808, 4.7190005528965 ], [ -74.052472464188213, 4.719183932880983 ] ] } },
{ "type": "Feature", "properties": { "edge_id": "24576914", "fuera_tolerancia": true, "longitud_m": 180.94386022562279 }, "geometry": { "type": "LineString", "coordinates": [ [ -74.039106326388492, 4.680362970437489 ], [ -74.039596793490858, 4.680670284377569 ], [ -74.040069545576941, 4.68094473878056 ], [ -74.040413118793211, 4.681144978782954 ], [ -74.040447620292355, 4.681165061769195 ], [ -74.040490007922841, 4.681219935318822 ] ] } },
{ "type": "Feature", "properties": { "edge_id": "810567540#1", "fuera_tolerancia": true, "longitud_m": 180.63915755698901 }, "geometry": { "type": "LineString", "coordinates": [ [ -74.019537589429987, 4.67431674977098 ], [ -74.019541480682889, 4.674371027583815 ], [ -74.019515105728757, 4.674407353162175 ], [ -74.019480181789135, 4.674432540940072 ], [ -74.019390986162037, 4.6744577432148 ], [ -74.019007013379067, 4.674403204716283 ], [ -74.018934903115152, 4.674459727910999 ], [ -74.018921007501632, 4.674598102965509 ], [ -74.018960026890497, 4.674739627548766 ], [ -74.019074911310994, 4.674977049072999 ], [ -74.019089440097773, 4.675031613136945 ], [ -74.019096250344717, 4.675126147031827 ], [ -74.019158618640816, 4.67533292159498 ] ] } },
{ "type": "Feature", "properties": { "edge_id": "-795754240", "fuera_tolerancia": true, "longitud_m": 179.75584805374393 }, "geometry": { "type": "LineString", "coordinates": [ [ -74.019186217038651, 4.67532445756678 ], [ -74.019124745978473, 4.675120759694485 ], [ -74.019117934972726, 4.675026768521617 ], [ -74.019102151350197, 4.674966956372772 ], [ -74.018987086867909, 4.674729353691378 ], [ -74.018950220303793, 4.674595611160994 ], [ -74.018962288211512, 4.674474962515926 ], [ -74.019015084796834, 4.674433608538155 ], [ -74.01939292851246, 4.674487233918321 ], [ -74.019492946669985, 4.674458971355404 ], [ -74.019535631486207, 4.674428186292688 ], [ -74.019571038748282, 4.674379571615622 ], [ -74.019566350960204, 4.674314619122165 ] ] } },
{ "type": "Feature", "properties": { "edge_id": "214847402#4", "fuera_tolerancia": true, "longitud_m": 175.78073634331685 }, "geometry": { "type": "LineString", "coordinates": [ [ -74.013128048332916, 4.699502736804754 ], [ -74.012937481469876, 4.699743797423634 ], [ -74.012751659794262, 4.699880119299952 ], [ -74.012647512771963, 4.699956676487973 ], [ -74.012550677338396, 4.700026821803624 ], [ -74.012439943598153, 4.700107168672753 ], [ -74.012264312036208, 4.700369597255674 ], [ -74.012394971853354, 4.70060821837403 ], [ -74.012406856664597, 4.700683402233959 ] ] } },
{ "type": "Feature", "properties": { "edge_id": "1012545846", "fuera_tolerancia": true, "longitud_m": 174.46195783934959 }, "geometry": { "type": "LineString", "coordinates": [ [ -74.053190002025573, 4.706687504726102 ], [ -74.054740442690473, 4.706950755440222 ] ] } },
{ "type": "Feature", "properties": { "edge_id": "-214847402#4", "fuera_tolerancia": true, "longitud_m": 173.8835696156996 }, "geometry": { "type": "LineString", "coordinates": [ [ -74.012424711354768, 4.700680623476172 ], [ -74.012412290067601, 4.700602272976683 ], [ -74.012285407083624, 4.700370531694135 ], [ -74.01245308842806, 4.700119850817598 ], [ -74.012561204868078, 4.700041490219167 ], [ -74.012658130458405, 4.699971345030022 ], [ -74.012762277482381, 4.69989478784066 ], [ -74.012950084610765, 4.699757021514702 ], [ -74.013142186783966, 4.699514063538334 ] ] } },
{ "type": "Feature", "properties": { "edge_id": "-112602917#1", "fuera_tolerancia": true, "longitud_m": 173.52804909268136 }, "geometry": { "type": "LineString", "coordinates": [ [ -74.009388425925749, 4.750801325256201 ], [ -74.009386595967726, 4.751072683065249 ], [ -74.009417978226921, 4.751447476920153 ], [ -74.009452423288977, 4.751887311229096 ], [ -74.009461743886504, 4.752179308451437 ], [ -74.009462868722125, 4.752212416040906 ], [ -74.009498898237709, 4.752363434672316 ] ] } },
{ "type": "Feature", "properties": { "edge_id": "467167463", "fuera_tolerancia": true, "longitud_m": 173.38217529630381 }, "geometry": { "type": "LineString", "coordinates": [ [ -74.043169600663362, 4.769677920304511 ], [ -74.043172444748365, 4.76970768374198 ], [ -74.043204717454572, 4.769777468993523 ], [ -74.043236757484564, 4.769819936711979 ], [ -74.043308197266256, 4.769864177948445 ], [ -74.043398249118098, 4.769880946986106 ], [ -74.043483299301357, 4.76986333639759 ], [ -74.043551430119777, 4.76982281728632 ], [ -74.043600110062627, 4.769764361120001 ], [ -74.043639986363132, 4.769682374559975 ], [ -74.043662143193529, 4.769569247027778 ], [ -74.043716084761641, 4.769292079563411 ], [ -74.043846680221748, 4.768809506504695 ] ] } },
{ "type": "Feature", "properties": { "edge_id": "112602917#1", "fuera_tolerancia": true, "longitud_m": 172.74970261597713 }, "geometry": { "type": "LineString", "coordinates": [ [ -74.009526948262746, 4.752356690969603 ], [ -74.009491545870176, 4.752208477297462 ], [ -74.00949059709508, 4.752178354925556 ], [ -74.009481277389199, 4.751885724528002 ], [ -74.009446653017989, 4.75144516633122 ], [ -74.009415449258512, 4.751071639079579 ], [ -74.00941727739756, 4.750801547614211 ] ] } },
{ "type": "Feature", "properties": { "edge_id": "1526427402#5", "fuera_tolerancia": true, "longitud_m": 172.66106192513408 }, "geometry": { "type": "LineString", "coordinates": [ [ -74.030138867889619, 4.760024391884798 ], [ -74.030134369851737, 4.760017149224543 ], [ -74.03050295412109, 4.760020382205021 ], [ -74.030912109702939, 4.760025300295253 ], [ -74.030918244280642, 4.759507278680105 ], [ -74.030923287860134, 4.759382368759131 ], [ -74.031043654929306, 4.759383261857959 ], [ -74.031051765203188, 4.75938643916713 ] ] } },
{ "type": "Feature", "properties": { "edge_id": "467649632", "fuera_tolerancia": true, "longitud_m": 171.60535662233971 }, "geometry": { "type": "LineString", "coordinates": [ [ -74.048269260347027, 4.742817758552603 ], [ -74.048397028832611, 4.742086519218743 ], [ -74.047998645871829, 4.741990178933849 ], [ -74.047606891774763, 4.741925416207205 ] ] } },
{ "type": "Feature", "properties": { "edge_id": "40964144", "fuera_tolerancia": true, "longitud_m": 170.3875585979095 }, "geometry": { "type": "LineString", "coordinates": [ [ -74.042562044118171, 4.77203765979789 ], [ -74.04258027761972, 4.771893048786509 ], [ -74.042552513101697, 4.771888396893409 ], [ -74.04252428669443, 4.772086904732832 ], [ -74.043431444961044, 4.772214895977106 ], [ -74.043408823568612, 4.772337791889246 ], [ -74.043380970859758, 4.77233169263285 ], [ -74.043397959418527, 4.772239543345347 ] ] } },
{ "type": "Feature", "properties": { "edge_id": "-1164694142#0", "fuera_tolerancia": true, "longitud_m": 160.06080282275906 }, "geometry": { "type": "LineString", "coordinates": [ [ -74.021083607406851, 4.674384128759951 ], [ -74.020920792508974, 4.674059261920493 ], [ -74.020893718628201, 4.674014630276791 ], [ -74.020858080429477, 4.673969896211601 ], [ -74.020816939945945, 4.673927325352309 ], [ -74.020765519747371, 4.673886458752039 ], [ -74.020705619360754, 4.673849831635099 ], [ -74.02064525742135, 4.673820982911276 ], [ -74.020569194716444, 4.673802423991816 ], [ -74.020489870970252, 4.673795076799313 ], [ -74.020389241955598, 4.673808866043974 ], [ -74.020261276145604, 4.673837541957806 ], [ -74.020039868214738, 4.673898198332692 ], [ -74.019954467595241, 4.673917255135958 ], [ -74.01995275445519, 4.673917433647867 ] ] } },
{ "type": "Feature", "properties": { "edge_id": "1164694132#1", "fuera_tolerancia": true, "longitud_m": 159.69518218012863 }, "geometry": { "type": "LineString", "coordinates": [ [ -74.016303438248286, 4.670782073766431 ], [ -74.016565384155868, 4.671454242121116 ], [ -74.016786906468923, 4.67202278408339 ], [ -74.016817729707185, 4.672093743155134 ], [ -74.016832110254185, 4.672125150820272 ] ] } },
{ "type": "Feature", "properties": { "edge_id": "29979599", "fuera_tolerancia": true, "longitud_m": 159.65740229007199 }, "geometry": { "type": "LineString", "coordinates": [ [ -74.054404567055499, 4.699427264442084 ], [ -74.055824121689412, 4.699664009709758 ] ] } },
{ "type": "Feature", "properties": { "edge_id": "907608656", "fuera_tolerancia": true, "longitud_m": 159.61334470682746 }, "geometry": { "type": "LineString", "coordinates": [ [ -74.049394018259434, 4.737812466285568 ], [ -74.047998646181966, 4.737460849049875 ] ] } },
{ "type": "Feature", "properties": { "edge_id": "-1164694132#1", "fuera_tolerancia": true, "longitud_m": 159.52000510057735 }, "geometry": { "type": "LineString", "coordinates": [ [ -74.01685664727502, 4.672113878498725 ], [ -74.016842446652319, 4.672082742447881 ], [ -74.016811983010285, 4.672012507512153 ], [ -74.016590550324352, 4.671444327495296 ], [ -74.016328604266477, 4.670772249599229 ] ] } },
{ "type": "Feature", "properties": { "edge_id": "1430144958#1", "fuera_tolerancia": true, "longitud_m": 157.39004620654742 }, "geometry": { "type": "LineString", "coordinates": [ [ -74.037389076316188, 4.778179318598463 ], [ -74.03742268169789, 4.777810584173706 ], [ -74.037480015875275, 4.777818805538515 ], [ -74.037508984026957, 4.777930285732301 ], [ -74.037563664499061, 4.778031037975974 ], [ -74.037626919584582, 4.778125470463064 ], [ -74.037707408501603, 4.778211243537611 ], [ -74.037813255908915, 4.7782814036262 ], [ -74.037932015242617, 4.778338556421727 ], [ -74.038048709482638, 4.778389464964766 ], [ -74.038178231278991, 4.778423205194643 ], [ -74.038176862017181, 4.778435233679283 ] ] } },
{ "type": "Feature", "properties": { "edge_id": "741972935#2", "fuera_tolerancia": true, "longitud_m": 156.49826298054484 }, "geometry": { "type": "LineString", "coordinates": [ [ -74.019954970681795, 4.673944482481045 ], [ -74.019958577140457, 4.673944216163194 ], [ -74.02004632247035, 4.673924619915359 ], [ -74.020267730409856, 4.673863963540108 ], [ -74.020394072985724, 4.673835647172744 ], [ -74.020490554256924, 4.673822394854272 ], [ -74.020564649941221, 4.67382919201621 ], [ -74.020636206553192, 4.67384665919126 ], [ -74.020692784619257, 4.673873693548566 ], [ -74.020749982705155, 4.673908688718861 ], [ -74.020798701104312, 4.673947561557301 ], [ -74.020837861506322, 4.673987777847234 ], [ -74.020871519622858, 4.674030157342981 ], [ -74.020897154333397, 4.674072435172828 ], [ -74.021059519841273, 4.674396306394296 ] ] } },
{ "type": "Feature", "properties": { "edge_id": "181376559", "fuera_tolerancia": true, "longitud_m": 153.60064108128387 }, "geometry": { "type": "LineString", "coordinates": [ [ -74.05250866666799, 4.719015012916204 ], [ -74.051135426707916, 4.718838378576815 ] ] } },
{ "type": "Feature", "properties": { "edge_id": "467208127", "fuera_tolerancia": true, "longitud_m": 152.33838415533918 }, "geometry": { "type": "LineString", "coordinates": [ [ -74.047615228370958, 4.747026248087963 ], [ -74.047859149237411, 4.747068917412513 ], [ -74.047863328940679, 4.747045405006742 ], [ -74.047166810975924, 4.74692395819172 ], [ -74.046777853608589, 4.746856122871197 ] ] } },
{ "type": "Feature", "properties": { "edge_id": "24445846", "fuera_tolerancia": true, "longitud_m": 152.14779637573474 }, "geometry": { "type": "LineString", "coordinates": [ [ -74.051135741021014, 4.718938874143126 ], [ -74.052496000650507, 4.719113772162155 ] ] } },
{ "type": "Feature", "properties": { "edge_id": "1132923235", "fuera_tolerancia": true, "longitud_m": 151.97113390338407 }, "geometry": { "type": "LineString", "coordinates": [ [ -74.048034834215883, 4.737650627274095 ], [ -74.049365482915036, 4.737976963920714 ] ] } },
{ "type": "Feature", "properties": { "edge_id": "112602917#6", "fuera_tolerancia": true, "longitud_m": 149.48154795872841 }, "geometry": { "type": "LineString", "coordinates": [ [ -74.008446731602604, 4.741104716843599 ], [ -74.008423712973851, 4.741060904323765 ], [ -74.008298522545587, 4.740967828919743 ], [ -74.008198040199005, 4.740935121434271 ], [ -74.008082553575079, 4.740928804808468 ], [ -74.007842643069154, 4.740987345541622 ], [ -74.007576527635962, 4.741023596991933 ], [ -74.007350750406516, 4.741034307965103 ], [ -74.00717562441541, 4.740995161349598 ] ] } },
{ "type": "Feature", "properties": { "edge_id": "1043282707#4", "fuera_tolerancia": true, "longitud_m": 148.18619023379389 }, "geometry": { "type": "LineString", "coordinates": [ [ -74.033950705776277, 4.763263035617076 ], [ -74.033949614213924, 4.763269908595738 ], [ -74.033986220545899, 4.76333472515732 ], [ -74.033970957461833, 4.7633528849923 ], [ -74.034020760308721, 4.763394382931262 ], [ -74.034044060735525, 4.7633670985198 ], [ -74.034088846975635, 4.763385252248255 ], [ -74.034084748570478, 4.763414644077091 ], [ -74.034151463846158, 4.763419079578463 ], [ -74.034146822187139, 4.763450098819122 ], [ -74.034216911821829, 4.763491715694267 ], [ -74.034212886796709, 4.76353313802468 ], [ -74.03400854992131, 4.763421773373894 ], [ -74.033906867319857, 4.763405620156585 ], [ -74.033915044447795, 4.763360947316571 ], [ -74.033878447731425, 4.763353840483859 ], [ -74.03388756311459, 4.76328293727236 ], [ -74.033724026815449, 4.763203017449837 ], [ -74.033742102152019, 4.763107975586871 ], [ -74.033747555677252, 4.763076686130203 ], [ -74.033760725416826, 4.763072543744613 ], [ -74.033770655442666, 4.763063964556173 ], [ -74.033773006144031, 4.763059354699593 ] ] } },
{ "type": "Feature", "properties": { "edge_id": "-112602917#6", "fuera_tolerancia": true, "longitud_m": 146.67801641921639 }, "geometry": { "type": "LineString", "coordinates": [ [ -74.007169363061095, 4.741023373826714 ], [ -74.007348184340884, 4.741063430288935 ], [ -74.007579191395891, 4.741052365017041 ], [ -74.007848012167017, 4.741015755639087 ], [ -74.008085216840712, 4.740957934649163 ], [ -74.008192769875066, 4.740963878072947 ], [ -74.008285141663166, 4.740993860314002 ], [ -74.008401325601, 4.741080229237184 ], [ -74.008421287030671, 4.741118248347213 ] ] } },
{ "type": "Feature", "properties": { "edge_id": "-812637890#0", "fuera_tolerancia": true, "longitud_m": 144.34755786105325 }, "geometry": { "type": "LineString", "coordinates": [ [ -74.022808484696071, 4.675755648742878 ], [ -74.022985392056512, 4.675930562260425 ], [ -74.023030785491756, 4.675961922673371 ], [ -74.023094771502173, 4.675978022283837 ], [ -74.023146966977109, 4.675980085069358 ], [ -74.023206321707391, 4.675955292985199 ], [ -74.02329512900819, 4.675885134035766 ], [ -74.023333477847373, 4.675860584009014 ], [ -74.023400830568519, 4.675854255682109 ], [ -74.023519178722523, 4.675870250138396 ], [ -74.023618806877238, 4.675863333606141 ], [ -74.023685017427894, 4.675835475594571 ], [ -74.023734015381635, 4.675802889974632 ], [ -74.023759226878639, 4.67576032125291 ], [ -74.023788446274907, 4.675687998730652 ], [ -74.023840151290628, 4.675588480869652 ] ] } },
{ "type": "Feature", "properties": { "edge_id": "793573968", "fuera_tolerancia": true, "longitud_m": 142.32411261543598 }, "geometry": { "type": "LineString", "coordinates": [ [ -74.048029672047136, 4.685344294318403 ], [ -74.048079244648605, 4.685353407293039 ], [ -74.048151547992276, 4.68535377711266 ], [ -74.048222877013245, 4.685341301034067 ], [ -74.048290796808658, 4.685316518469869 ], [ -74.048353142938907, 4.685279969201939 ], [ -74.048408200513379, 4.685233098171797 ], [ -74.048453894270537, 4.685177168921728 ], [ -74.048488869205912, 4.685114169612397 ], [ -74.048512221332473, 4.685045908109086 ], [ -74.048522865866914, 4.684974553849576 ], [ -74.048523108544657, 4.684928422290008 ], [ -74.048517851570779, 4.684882464154795 ], [ -74.048507544616754, 4.684837494148205 ], [ -74.04849209691794, 4.684793964420098 ], [ -74.048471778081804, 4.684752508520053 ], [ -74.048431198527823, 4.684693295925889 ], [ -74.048380781290888, 4.6846421204073 ], [ -74.048322056791406, 4.684600612229735 ], [ -74.048256916554024, 4.684570040331353 ], [ -74.048193200441006, 4.684553038568524 ] ] } },
{ "type": "Feature", "properties": { "edge_id": "1430144959#2", "fuera_tolerancia": true, "longitud_m": 141.29415810174964 }, "geometry": { "type": "LineString", "coordinates": [ [ -74.037147746557082, 4.778147049394663 ], [ -74.037184863861413, 4.77778166674235 ], [ -74.03711950215181, 4.777775424072069 ], [ -74.037082693668964, 4.777854881577751 ], [ -74.037037497219245, 4.777936136381551 ], [ -74.036973570606179, 4.777999907220723 ], [ -74.036899463309325, 4.778057874684801 ], [ -74.036813479727414, 4.778097463262319 ], [ -74.03672372457369, 4.77812601112266 ], [ -74.036612444631984, 4.778136709258206 ], [ -74.036490015185606, 4.778125139988673 ], [ -74.036483988823065, 4.778179132637605 ] ] } },
{ "type": "Feature", "properties": { "edge_id": "600452303", "fuera_tolerancia": true, "longitud_m": 138.3175524494963 }, "geometry": { "type": "LineString", "coordinates": [ [ -74.023814566553568, 4.675575058015029 ], [ -74.023762318868677, 4.675675841474099 ], [ -74.023733280777307, 4.675747440615095 ], [ -74.023712587418174, 4.675782417492464 ], [ -74.023671349834089, 4.675809767592829 ], [ -74.023611994874756, 4.675834740630256 ], [ -74.023520120580514, 4.675841125247644 ], [ -74.023401411821709, 4.675825130289746 ], [ -74.02332378047997, 4.675832348825709 ], [ -74.02327839324181, 4.675861592647877 ], [ -74.023191571551152, 4.675930126191874 ], [ -74.023141778489375, 4.675950951632736 ], [ -74.023098958363136, 4.67594926373944 ], [ -74.023042903007209, 4.675935165180314 ], [ -74.023003814223102, 4.675908155356062 ], [ -74.022828797553942, 4.675735053561485 ] ] } },
{ "type": "Feature", "properties": { "edge_id": "405331170#0", "fuera_tolerancia": true, "longitud_m": 138.01644640614222 }, "geometry": { "type": "LineString", "coordinates": [ [ -74.043863504673894, 4.770074353105684 ], [ -74.043917064359974, 4.769747344742149 ], [ -74.043882719108055, 4.769741779213352 ], [ -74.043832248921717, 4.770051515092235 ], [ -74.043273349624599, 4.769961005995035 ] ] } },
{ "type": "Feature", "properties": { "edge_id": "30039245", "fuera_tolerancia": true, "longitud_m": 136.35113268625335 }, "geometry": { "type": "LineString", "coordinates": [ [ -74.047758288060109, 4.751779015575446 ], [ -74.047077047658533, 4.751625115684263 ], [ -74.046560945431366, 4.751500841286206 ] ] } },
{ "type": "Feature", "properties": { "edge_id": "472035314#0", "fuera_tolerancia": true, "longitud_m": 135.95171547160984 }, "geometry": { "type": "LineString", "coordinates": [ [ -74.056575805455822, 4.693321066096819 ], [ -74.056922643919904, 4.693381054204284 ], [ -74.056917367541118, 4.693416324477957 ], [ -74.056340511040915, 4.693312245211906 ], [ -74.056351094833701, 4.693285756246953 ], [ -74.056158946190479, 4.693171613727541 ] ] } },
{ "type": "Feature", "properties": { "edge_id": "887080292", "fuera_tolerancia": true, "longitud_m": 134.57517184073637 }, "geometry": { "type": "LineString", "coordinates": [ [ -74.011509368174771, 4.686774966539017 ], [ -74.01153190386907, 4.686776897943159 ], [ -74.011680570997626, 4.686645859889053 ], [ -74.011771802656583, 4.6865843899308 ], [ -74.011881756104898, 4.686544383957197 ], [ -74.011999778421412, 4.686472187849068 ], [ -74.012017913741332, 4.686461901763628 ], [ -74.012262606046619, 4.686322496640476 ], [ -74.012407467855937, 4.686268971845072 ], [ -74.01252684621106, 4.686258286077178 ], [ -74.012577430401677, 4.686252568506738 ] ] } },
{ "type": "Feature", "properties": { "edge_id": "1010734039", "fuera_tolerancia": true, "longitud_m": 132.66313752721669 }, "geometry": { "type": "LineString", "coordinates": [ [ -74.034453668449814, 4.824382904036397 ], [ -74.034416512978154, 4.824641368625745 ], [ -74.034364587874052, 4.825014236458518 ], [ -74.034322313866042, 4.825321357973132 ], [ -74.034277418254291, 4.825569318859589 ] ] } },
{ "type": "Feature", "properties": { "edge_id": "77372779#3", "fuera_tolerancia": true, "longitud_m": 129.65266537249153 }, "geometry": { "type": "LineString", "coordinates": [ [ -74.011019527581695, 4.664946164436644 ], [ -74.01127636452496, 4.665592546843651 ], [ -74.011332182231385, 4.665711210322571 ], [ -74.011372470179751, 4.665782454164527 ], [ -74.011420690391148, 4.665854432807357 ], [ -74.011450834212368, 4.665894998540148 ], [ -74.011469280578353, 4.665919718392377 ], [ -74.011519414598823, 4.665976955766112 ], [ -74.011533099046176, 4.665990181285046 ] ] } },
{ "type": "Feature", "properties": { "edge_id": "472034490#0", "fuera_tolerancia": true, "longitud_m": 129.31813990540567 }, "geometry": { "type": "LineString", "coordinates": [ [ -74.054723062701655, 4.705064658922308 ], [ -74.054976983500694, 4.7051030851432 ], [ -74.0549717025511, 4.705141521265241 ], [ -74.054670279637364, 4.705095160967672 ], [ -74.054380073086818, 4.705221946246413 ], [ -74.054151033052662, 4.705319054874725 ] ] } },
{ "type": "Feature", "properties": { "edge_id": "-889083613#0", "fuera_tolerancia": true, "longitud_m": 128.46462096308471 }, "geometry": { "type": "LineString", "coordinates": [ [ -74.007181586877522, 4.740986848200657 ], [ -74.00737238613668, 4.740973102064277 ], [ -74.007487446592876, 4.740962141587269 ], [ -74.007575619463154, 4.740901845336229 ], [ -74.007666337330662, 4.740827170625976 ], [ -74.00770811369388, 4.740804707713767 ], [ -74.007794463834969, 4.740758067281421 ], [ -74.007902026800181, 4.740693818868957 ], [ -74.008046232372834, 4.740603301081806 ], [ -74.008220516491477, 4.740537339321387 ] ] } },
{ "type": "Feature", "properties": { "edge_id": "-77372779#3", "fuera_tolerancia": true, "longitud_m": 128.3647794861748 }, "geometry": { "type": "LineString", "coordinates": [ [ -74.011551787717536, 4.665970579139029 ], [ -74.011538913488408, 4.665958168845202 ], [ -74.011490219602024, 4.665902561668406 ], [ -74.011472493176413, 4.665878747368051 ], [ -74.011442709198107, 4.665838724865333 ], [ -74.011395568769373, 4.665768195004454 ], [ -74.011356179795555, 4.665698761504556 ], [ -74.011301261314742, 4.66558172746081 ], [ -74.011044603510825, 4.664936159394747 ] ] } },
{ "type": "Feature", "properties": { "edge_id": "889083613#0", "fuera_tolerancia": true, "longitud_m": 128.25188221895525 }, "geometry": { "type": "LineString", "coordinates": [ [ -74.008214139232294, 4.740520415368178 ], [ -74.008038141169266, 4.740587007841492 ], [ -74.00789267206514, 4.740678428347878 ], [ -74.00778565058009, 4.740742315722966 ], [ -74.007699571179884, 4.740788775636429 ], [ -74.007656260801525, 4.740812140879642 ], [ -74.007564820878443, 4.740887357272361 ], [ -74.007481160415225, 4.740944584587075 ], [ -74.007370969394231, 4.74095500933884 ], [ -74.007176833691787, 4.740969112495249 ] ] } },
{ "type": "Feature", "properties": { "edge_id": "-112602917#3", "fuera_tolerancia": true, "longitud_m": 127.63252252449547 }, "geometry": { "type": "LineString", "coordinates": [ [ -74.008817163377998, 4.74612577847648 ], [ -74.008979224090012, 4.746413020094077 ], [ -74.009258477511906, 4.746901869875277 ], [ -74.009378543065239, 4.747112075250265 ], [ -74.009395211916384, 4.747119787727038 ] ] } },
{ "type": "Feature", "properties": { "edge_id": "466467184#0", "fuera_tolerancia": true, "longitud_m": 127.18072047307825 }, "geometry": { "type": "LineString", "coordinates": [ [ -74.03367936521289, 4.735893042773942 ], [ -74.033670743349887, 4.735933825557638 ], [ -74.034213161948415, 4.73689945793426 ] ] } },
{ "type": "Feature", "properties": { "edge_id": "-812938339#0", "fuera_tolerancia": true, "longitud_m": 126.34488133037004 }, "geometry": { "type": "LineString", "coordinates": [ [ -74.018275206091758, 4.76939892358273 ], [ -74.018230884793709, 4.769434498976763 ], [ -74.018162079750425, 4.769504683122084 ], [ -74.018137241062462, 4.769662217903227 ], [ -74.018075552057496, 4.770054608163258 ], [ -74.018024092073759, 4.770481928140776 ] ] } },
{ "type": "Feature", "properties": { "edge_id": "742416164", "fuera_tolerancia": true, "longitud_m": 126.15134305110149 }, "geometry": { "type": "LineString", "coordinates": [ [ -74.022280343369601, 4.674149986104189 ], [ -74.02217991001109, 4.674152650031593 ], [ -74.022114910076795, 4.674152740229418 ], [ -74.022062009589561, 4.674139098297912 ], [ -74.02200800219795, 4.674143545620465 ], [ -74.021987869931678, 4.674163960127561 ], [ -74.021977111227926, 4.674186015889673 ], [ -74.021948323578229, 4.674271997471905 ], [ -74.02190162342373, 4.674467946121826 ], [ -74.021849436660005, 4.674589714816136 ], [ -74.021800274449888, 4.674675758392946 ], [ -74.021779328030803, 4.674698161740714 ], [ -74.021750346021605, 4.674729237452127 ], [ -74.021570149979738, 4.674845852392121 ] ] } },
{ "type": "Feature", "properties": { "edge_id": "59282496#1", "fuera_tolerancia": true, "longitud_m": 125.76686526065802 }, "geometry": { "type": "LineString", "coordinates": [ [ -74.011491283300444, 4.686749342561063 ], [ -74.011539777206067, 4.686563076533452 ], [ -74.011604724050272, 4.686280591025492 ], [ -74.011624225077682, 4.686196587113725 ], [ -74.011651163782133, 4.686080482652916 ], [ -74.011705828341391, 4.685929683170044 ], [ -74.011752918466939, 4.685779958412698 ], [ -74.011758923638823, 4.685676578314809 ], [ -74.011766444856235, 4.685649181474745 ] ] } },
{ "type": "Feature", "properties": { "edge_id": "112602917#3", "fuera_tolerancia": true, "longitud_m": 125.56305421592057 }, "geometry": { "type": "LineString", "coordinates": [ [ -74.009407240896934, 4.747093483030401 ], [ -74.009398951487569, 4.747089672083616 ], [ -74.009283472793769, 4.746887433203798 ], [ -74.009004309258842, 4.746398764466099 ], [ -74.008842338698372, 4.746111522982283 ] ] } },
{ "type": "Feature", "properties": { "edge_id": "-810557488", "fuera_tolerancia": true, "longitud_m": 124.37500874321023 }, "geometry": { "type": "LineString", "coordinates": [ [ -74.015808246819603, 4.671937288688133 ], [ -74.015825505105227, 4.671973765819854 ], [ -74.015886448486839, 4.672037892705231 ], [ -74.015982809766683, 4.672110481514279 ], [ -74.016065148388932, 4.672153653127569 ], [ -74.016184652227778, 4.672180595199537 ], [ -74.016283721018482, 4.672186432825796 ], [ -74.016751661056119, 4.672214044598141 ], [ -74.016790792201533, 4.672210300422209 ], [ -74.016820920397706, 4.672197769590607 ], [ -74.016834906518255, 4.67218874381902 ] ] } },
{ "type": "Feature", "properties": { "edge_id": "804330311#1", "fuera_tolerancia": true, "longitud_m": 124.14699937814082 }, "geometry": { "type": "LineString", "coordinates": [ [ -74.051413298217767, 4.718836858821454 ], [ -74.051618097777492, 4.718867260077538 ], [ -74.051929446373904, 4.718911465474642 ], [ -74.052199170317721, 4.718934537958759 ], [ -74.052428420042474, 4.718952399170792 ], [ -74.052525153321625, 4.718957687138864 ] ] } },
{ "type": "Feature", "properties": { "edge_id": "-742416164", "fuera_tolerancia": true, "longitud_m": 124.0289708101525 }, "geometry": { "type": "LineString", "coordinates": [ [ -74.021587697660777, 4.674868942668464 ], [ -74.021769066564104, 4.674751696184239 ], [ -74.021800396294239, 4.674717910129822 ], [ -74.021823690182913, 4.674692977346696 ], [ -74.021875202369827, 4.674602595256273 ], [ -74.021929017137836, 4.674477029763559 ], [ -74.021976079399806, 4.674279996167695 ], [ -74.022003780957363, 4.674197088504211 ], [ -74.022011646515537, 4.674180998668319 ], [ -74.022020945227084, 4.674171604429526 ], [ -74.022059625003848, 4.674168402070442 ], [ -74.022111263864844, 4.674181680425773 ], [ -74.02218023049555, 4.6741815957644 ], [ -74.022281024466736, 4.674178932341 ] ] } },
{ "type": "Feature", "properties": { "edge_id": "812938339#0", "fuera_tolerancia": true, "longitud_m": 123.80105754396743 }, "geometry": { "type": "LineString", "coordinates": [ [ -74.018052759486238, 4.770485406375037 ], [ -74.018104218682353, 4.770058629112695 ], [ -74.018165816737124, 4.769666781438858 ], [ -74.018189109777595, 4.769518289812835 ], [ -74.018250329711719, 4.76945605474547 ], [ -74.018293297004234, 4.769421562859027 ] ] } },
{ "type": "Feature", "properties": { "edge_id": "-887081843", "fuera_tolerancia": true, "longitud_m": 123.75464671224064 }, "geometry": { "type": "LineString", "coordinates": [ [ -74.012441421521373, 4.700722346310709 ], [ -74.012590479380023, 4.700764437619756 ], [ -74.012693542780141, 4.700753276954972 ], [ -74.012795601723212, 4.700687119002413 ], [ -74.012850143348999, 4.700624783222741 ], [ -74.012902156925975, 4.700565067012717 ], [ -74.012921549344867, 4.700558672271439 ], [ -74.012971067749291, 4.700542279843321 ], [ -74.013063845276506, 4.700536893582545 ], [ -74.013158245599612, 4.700531509607393 ], [ -74.01326267173657, 4.700512933574871 ], [ -74.013387721161337, 4.700510216126684 ], [ -74.013470116842512, 4.700514765019244 ] ] } },
{ "type": "Feature", "properties": { "edge_id": "214872171", "fuera_tolerancia": true, "longitud_m": 123.40461038238119 }, "geometry": { "type": "LineString", "coordinates": [ [ -74.012600541793034, 4.68622971636499 ], [ -74.012606012057361, 4.686186215849226 ], [ -74.012597969719408, 4.686135279037498 ], [ -74.01248255035928, 4.686023043801326 ], [ -74.012326986374362, 4.685865344058303 ], [ -74.012268010206029, 4.685812345291758 ], [ -74.012204982225711, 4.685755722647195 ], [ -74.012132573991565, 4.685702162168456 ], [ -74.012065586129197, 4.685704871557123 ], [ -74.012003767086327, 4.68575037285233 ], [ -74.011901889785435, 4.685688901225697 ], [ -74.011837557912386, 4.685662035983854 ], [ -74.011794859791991, 4.685637372211263 ] ] } },
{ "type": "Feature", "properties": { "edge_id": "887081843", "fuera_tolerancia": true, "longitud_m": 123.29965454945838 }, "geometry": { "type": "LineString", "coordinates": [ [ -74.013471043839289, 4.700496675588228 ], [ -74.013388107228593, 4.700492125930315 ], [ -74.013260894080801, 4.70049484031522 ], [ -74.013156107071069, 4.700513596744371 ], [ -74.013062788868098, 4.70051880134502 ], [ -74.012967667052067, 4.700524365192837 ], [ -74.012915893749181, 4.700541478056296 ], [ -74.012891901121264, 4.70054949444732 ], [ -74.012836636863284, 4.700612824199313 ], [ -74.012783720578824, 4.700673353206757 ], [ -74.012687436922789, 4.700735720286116 ], [ -74.012591947841941, 4.700745987147413 ], [ -74.012446314358655, 4.70070498613719 ] ] } },
{ "type": "Feature", "properties": { "edge_id": "28124136", "fuera_tolerancia": true, "longitud_m": 121.94806571697529 }, "geometry": { "type": "LineString", "coordinates": [ [ -74.035831401185249, 4.813704142260605 ], [ -74.035831290512036, 4.813718705201989 ], [ -74.035842967882957, 4.813878644463363 ], [ -74.035868374868173, 4.813957737277062 ], [ -74.035923374128274, 4.814025293898366 ], [ -74.035987787818996, 4.814066813093334 ], [ -74.0360802703117, 4.814090100328229 ], [ -74.036168820951147, 4.814088054853524 ], [ -74.036227815221068, 4.814072037587588 ], [ -74.036309587993301, 4.814016614612703 ], [ -74.036379111361683, 4.813887273329954 ], [ -74.036457080636467, 4.81371524968417 ] ] } },
{ "type": "Feature", "properties": { "edge_id": "472034672#0", "fuera_tolerancia": true, "longitud_m": 120.3524009763604 }, "geometry": { "type": "LineString", "coordinates": [ [ -74.055708207113938, 4.698907378867119 ], [ -74.055648650785216, 4.699281781201186 ], [ -74.055623230500771, 4.699278942658846 ], [ -74.055654429845632, 4.699074104729493 ], [ -74.05524725288268, 4.69882914401496 ] ] } },
{ "type": "Feature", "properties": { "edge_id": "810557488", "fuera_tolerancia": true, "longitud_m": 118.89984682242525 }, "geometry": { "type": "LineString", "coordinates": [ [ -74.016819254016639, 4.672164389772237 ], [ -74.016807433428312, 4.672172061772733 ], [ -74.016783799938565, 4.672181888097213 ], [ -74.016751160475479, 4.672185098655478 ], [ -74.016285383971919, 4.672157580376804 ], [ -74.016188659003504, 4.672151836494934 ], [ -74.016075103415801, 4.672126169127671 ], [ -74.015998169861319, 4.672085899626613 ], [ -74.015905590916731, 4.672016210653053 ], [ -74.015849508661134, 4.671957156009539 ], [ -74.015834408085851, 4.671924933238479 ] ] } },
{ "type": "Feature", "properties": { "edge_id": "1022143810", "fuera_tolerancia": true, "longitud_m": 118.74737036181557 }, "geometry": { "type": "LineString", "coordinates": [ [ -74.013478956398259, 4.667125038639083 ], [ -74.013494133560826, 4.667166849631514 ], [ -74.013494180892209, 4.667197513536703 ], [ -74.013482159861852, 4.667219657818436 ], [ -74.013368830273166, 4.667291047439751 ], [ -74.013041746628488, 4.667689036413232 ], [ -74.013048129067343, 4.66776665474084 ], [ -74.013098558689023, 4.667806073072845 ], [ -74.013274657277861, 4.667846844044382 ] ] } },
{ "type": "Feature", "properties": { "edge_id": "887191612", "fuera_tolerancia": true, "longitud_m": 116.37521555002566 }, "geometry": { "type": "LineString", "coordinates": [ [ -74.009892151972707, 4.714267230929179 ], [ -74.009830664934285, 4.714394501950435 ], [ -74.009757938576968, 4.71462767808539 ], [ -74.009710141244739, 4.714764918489771 ], [ -74.009674563252688, 4.71486816576041 ], [ -74.00968280489289, 4.714969123702834 ], [ -74.00969086852426, 4.715068453227198 ], [ -74.009718325628384, 4.715224615246247 ], [ -74.009759933227258, 4.715256423766907 ] ] } },
{ "type": "Feature", "properties": { "edge_id": "-628606859", "fuera_tolerancia": true, "longitud_m": 115.6456375997048 }, "geometry": { "type": "LineString", "coordinates": [ [ -74.013392307195005, 4.670942066925488 ], [ -74.013696128019504, 4.67087058359147 ], [ -74.014136494064829, 4.670823805087882 ], [ -74.014390819160226, 4.670689476886135 ] ] } },
{ "type": "Feature", "properties": { "edge_id": "1498517317#2", "fuera_tolerancia": true, "longitud_m": 115.4293630837664 }, "geometry": { "type": "LineString", "coordinates": [ [ -74.027680942590095, 4.766233480951712 ], [ -74.02767649949763, 4.766251294090458 ], [ -74.027765491400288, 4.766251510439027 ], [ -74.027829417666851, 4.766251691320753 ], [ -74.027835726235168, 4.765997162868008 ], [ -74.027971869631415, 4.766000521308206 ], [ -74.027974923168387, 4.765880764609648 ], [ -74.028226562984145, 4.765886999938352 ], [ -74.028247931120617, 4.765887572872668 ], [ -74.028253012256485, 4.765800653812385 ] ] } },
{ "type": "Feature", "properties": { "edge_id": "-1022143810", "fuera_tolerancia": true, "longitud_m": 115.32166994531157 }, "geometry": { "type": "LineString", "coordinates": [ [ -74.013281187578897, 4.667818631644369 ], [ -74.013111217246589, 4.667779316556128 ], [ -74.013075916574479, 4.667751678497973 ], [ -74.01307148358579, 4.667698304527356 ], [ -74.013388091765734, 4.667313145248386 ], [ -74.013503947859022, 4.667240131007725 ], [ -74.013523019108888, 4.667204790381581 ], [ -74.013522988954136, 4.667161824783193 ], [ -74.013506105741527, 4.66711512688742 ] ] } },
{ "type": "Feature", "properties": { "edge_id": "749418257", "fuera_tolerancia": true, "longitud_m": 114.82939379705584 }, "geometry": { "type": "LineString", "coordinates": [ [ -74.011677655021373, 4.666152116155463 ], [ -74.011509359297008, 4.666333872103888 ], [ -74.011681755422742, 4.666443202111321 ], [ -74.012093921023578, 4.666704651050506 ], [ -74.012031974291716, 4.666778374117914 ] ] } },
{ "type": "Feature", "properties": { "edge_id": "-749418257", "fuera_tolerancia": true, "longitud_m": 114.4478627797655 }, "geometry": { "type": "LineString", "coordinates": [ [ -74.012054125359811, 4.666797038776601 ], [ -74.012137203069059, 4.666697837489688 ], [ -74.011697205506735, 4.666418710900095 ], [ -74.011554082465125, 4.666327965142542 ], [ -74.011698812884376, 4.666171864866099 ] ] } },
{ "type": "Feature", "properties": { "edge_id": "1503365581#0", "fuera_tolerancia": true, "longitud_m": 113.81885694117331 }, "geometry": { "type": "LineString", "coordinates": [ [ -74.030960774227012, 4.766932800054678 ], [ -74.030830208660305, 4.766938043164744 ], [ -74.030951675588909, 4.767827920163266 ] ] } },
{ "type": "Feature", "properties": { "edge_id": "-887191612", "fuera_tolerancia": true, "longitud_m": 113.54069842338957 }, "geometry": { "type": "LineString", "coordinates": [ [ -74.009770862728232, 4.715241966774451 ], [ -74.009734928875218, 4.71521450811461 ], [ -74.009708722948872, 4.715066126886888 ], [ -74.009700838347911, 4.714967702153202 ], [ -74.009692771638896, 4.714870543510126 ], [ -74.009727082306924, 4.714770912574734 ], [ -74.009775060463028, 4.714633310612006 ], [ -74.009847424651355, 4.714401219401084 ], [ -74.009908369081515, 4.714275123501241 ] ] } },
{ "type": "Feature", "properties": { "edge_id": "628606859", "fuera_tolerancia": true, "longitud_m": 113.49001397601417 }, "geometry": { "type": "LineString", "coordinates": [ [ -74.014366776627909, 4.670669452798595 ], [ -74.014127878937003, 4.67079557138656 ], [ -74.013691299777719, 4.670841993399915 ], [ -74.013385675430868, 4.670913836011838 ] ] } },
{ "type": "Feature", "properties": { "edge_id": "-628606863#0", "fuera_tolerancia": true, "longitud_m": 111.97539321336998 }, "geometry": { "type": "LineString", "coordinates": [ [ -74.016168286370601, 4.670921816279357 ], [ -74.015828854777823, 4.671640448075118 ], [ -74.015804605843584, 4.671703731730405 ], [ -74.015784766261646, 4.671772810620702 ], [ -74.015781429600068, 4.671838204070921 ], [ -74.015783847043721, 4.671850147373255 ] ] } },
{ "type": "Feature", "properties": { "edge_id": "-628606860#0", "fuera_tolerancia": true, "longitud_m": 110.77482489649542 }, "geometry": { "type": "LineString", "coordinates": [ [ -74.014502040078327, 4.670643682666992 ], [ -74.015104536077985, 4.67050550161566 ], [ -74.015202577541004, 4.670472080934631 ], [ -74.0152766534693, 4.670428043485424 ], [ -74.015345617123813, 4.670365093994865 ], [ -74.015383709735602, 4.67033023229663 ], [ -74.015410897171805, 4.670293093938482 ] ] } },
{ "type": "Feature", "properties": { "edge_id": "628606863#0", "fuera_tolerancia": true, "longitud_m": 109.91578085484335 }, "geometry": { "type": "LineString", "coordinates": [ [ -74.015812162612036, 4.67184448853338 ], [ -74.015810461461641, 4.671836073936881 ], [ -74.015813427927341, 4.67177755445903 ], [ -74.015831999077108, 4.67171299647936 ], [ -74.015855343466086, 4.671651882445405 ], [ -74.016194322898016, 4.67093424499062 ] ] } },
{ "type": "Feature", "properties": { "edge_id": "1074061451#2", "fuera_tolerancia": true, "longitud_m": 109.06798758826712 }, "geometry": { "type": "LineString", "coordinates": [ [ -74.042380455871651, 4.682866536481861 ], [ -74.042268285654501, 4.682814009719259 ], [ -74.042178052422429, 4.683004835657121 ], [ -74.042042792559513, 4.683291119871988 ], [ -74.042175414697482, 4.68335326287334 ], [ -74.042255431080434, 4.683184132041919 ] ] } },
{ "type": "Feature", "properties": { "edge_id": "628606860#0", "fuera_tolerancia": true, "longitud_m": 108.48108542385384 }, "geometry": { "type": "LineString", "coordinates": [ [ -74.015387661940466, 4.670275965538975 ], [ -74.015362100384138, 4.670310844832899 ], [ -74.015326174183315, 4.670343719587392 ], [ -74.015259376940833, 4.670404682133855 ], [ -74.015190534089783, 4.670445651500227 ], [ -74.015096641617077, 4.670477630746187 ], [ -74.014495678722312, 4.670615452134887 ] ] } },
{ "type": "Feature", "properties": { "edge_id": "741972937#2", "fuera_tolerancia": true, "longitud_m": 108.45163453517534 }, "geometry": { "type": "LineString", "coordinates": [ [ -74.013401309276546, 4.667079793031288 ], [ -74.013017481593081, 4.667312171801991 ], [ -74.012920302384941, 4.667373995952559 ], [ -74.012844225577737, 4.667430784361632 ], [ -74.01278609336309, 4.667484341670392 ], [ -74.012738951979941, 4.667543341663349 ], [ -74.012697942628776, 4.66760108392673 ], [ -74.012665485481875, 4.667667521783051 ], [ -74.012659057322224, 4.667687141207422 ] ] } },
{ "type": "Feature", "properties": { "edge_id": "1412111959#0", "fuera_tolerancia": true, "longitud_m": 106.65894832979671 }, "geometry": { "type": "LineString", "coordinates": [ [ -74.045499607404821, 4.683728219488549 ], [ -74.045888909951557, 4.683915268195181 ], [ -74.045913410712259, 4.683864375673968 ], [ -74.04551771890111, 4.683668725076192 ], [ -74.045503885728834, 4.683697923033879 ] ] } },
{ "type": "Feature", "properties": { "edge_id": "-741972929#0", "fuera_tolerancia": true, "longitud_m": 106.33291444704794 }, "geometry": { "type": "LineString", "coordinates": [ [ -74.030737651364419, 4.676038028360971 ], [ -74.030738392230958, 4.676023737616156 ], [ -74.030733178667703, 4.675947025205262 ], [ -74.030715965485697, 4.675877080257287 ], [ -74.030684244705341, 4.675802049795942 ], [ -74.030633944669901, 4.675732692240027 ], [ -74.030572624520119, 4.675678968014162 ], [ -74.030506423831199, 4.67563419199925 ], [ -74.030427228998462, 4.675598262508991 ], [ -74.030323411962854, 4.675569987537306 ], [ -74.030223632894234, 4.675555467184901 ], [ -74.030052278705085, 4.675536505912339 ] ] } },
{ "type": "Feature", "properties": { "edge_id": "-741972937#2", "fuera_tolerancia": true, "longitud_m": 106.29809405622007 }, "geometry": { "type": "LineString", "coordinates": [ [ -74.012684828889292, 4.667695499219142 ], [ -74.012690533311499, 4.667677687851596 ], [ -74.012721182126526, 4.667615046508069 ], [ -74.01276056547178, 4.667559653753676 ], [ -74.012805900547704, 4.667503003016197 ], [ -74.012861505248111, 4.667451793948509 ], [ -74.012935596712424, 4.667396450005623 ], [ -74.013031693352829, 4.667335167053422 ], [ -74.013415250215417, 4.66710305925739 ] ] } },
{ "type": "Feature", "properties": { "edge_id": "-126562809", "fuera_tolerancia": true, "longitud_m": 104.44093251035446 }, "geometry": { "type": "LineString", "coordinates": [ [ -74.016337092440224, 4.670632872094313 ], [ -74.016361108035113, 4.670607578699107 ], [ -74.016402443179715, 4.670574801925399 ], [ -74.016541667814607, 4.670488251932764 ], [ -74.016646579159143, 4.670441634403308 ], [ -74.016724611865001, 4.670404657732586 ], [ -74.016765765294579, 4.670372875669129 ], [ -74.016795660365631, 4.670333479691651 ], [ -74.016817724472659, 4.670285298706495 ], [ -74.016841896700726, 4.670212245857341 ], [ -74.016869350399659, 4.670113327795301 ], [ -74.016889623554533, 4.670056460721394 ], [ -74.016904729733312, 4.670019938527521 ], [ -74.016930402648214, 4.66996977260802 ] ] } },
{ "type": "Feature", "properties": { "edge_id": "126562809", "fuera_tolerancia": true, "longitud_m": 103.56206980023165 }, "geometry": { "type": "LineString", "coordinates": [ [ -74.016904818024898, 4.669956530477013 ], [ -74.016878602688863, 4.670007781081559 ], [ -74.016862772778424, 4.670046111337777 ], [ -74.016841776142996, 4.670104605566194 ], [ -74.016814321937133, 4.670203885441259 ], [ -74.016790874194072, 4.670274587503751 ], [ -74.016770799465604, 4.670318429490701 ], [ -74.016745059173843, 4.670352223151887 ], [ -74.016709500933231, 4.670379852181228 ], [ -74.016634535396932, 4.670415385889756 ], [ -74.016528180876122, 4.670462544117343 ], [ -74.016385888321807, 4.670551079789891 ], [ -74.016341665052806, 4.670586204312019 ], [ -74.01631593418459, 4.670613213923882 ] ] } },
{ "type": "Feature", "properties": { "edge_id": "741972930#1", "fuera_tolerancia": true, "longitud_m": 101.78678643931789 }, "geometry": { "type": "LineString", "coordinates": [ [ -74.030049266596151, 4.67556345710024 ], [ -74.030220170028826, 4.67558241775082 ], [ -74.030317966242819, 4.675596573542688 ], [ -74.030417998118835, 4.675623938734302 ], [ -74.030493228728801, 4.675658053654613 ], [ -74.030556187159917, 4.675700473373616 ], [ -74.030613905435175, 4.675751117172195 ], [ -74.030660606081099, 4.67581558521934 ], [ -74.030690169911622, 4.675885728167469 ], [ -74.030706307228357, 4.675951329823206 ], [ -74.030711345954487, 4.676024062005179 ], [ -74.030710697602544, 4.676036634247317 ] ] } },
{ "type": "Feature", "properties": { "edge_id": "1101845327#5", "fuera_tolerancia": true, "longitud_m": 101.60150102697857 }, "geometry": { "type": "LineString", "coordinates": [ [ -74.03779913544254, 4.750763315457163 ], [ -74.037803554153498, 4.750762778898033 ], [ -74.037907503522874, 4.750768622568248 ], [ -74.037920729929652, 4.750528304101461 ], [ -74.037823384652143, 4.750116239660922 ], [ -74.037953467323106, 4.7500669426783 ], [ -74.037951491901353, 4.750061060396529 ] ] } },
{ "type": "Feature", "properties": { "edge_id": "1333608071#3", "fuera_tolerancia": true, "longitud_m": 99.914890729545846 }, "geometry": { "type": "LineString", "coordinates": [ [ -74.021763024587756, 4.736613942583712 ], [ -74.022082156731287, 4.736510824279939 ], [ -74.022114552366304, 4.736683365597617 ], [ -74.022184165930611, 4.7366764086328 ], [ -74.022201300751135, 4.736737489216892 ], [ -74.022368854198248, 4.736712218123828 ], [ -74.022384330325053, 4.736798804351873 ] ] } },
{ "type": "Feature", "properties": { "edge_id": "59282496#2", "fuera_tolerancia": true, "longitud_m": 99.069199437697719 }, "geometry": { "type": "LineString", "coordinates": [ [ -74.011761991561713, 4.685610460991476 ], [ -74.011695848934181, 4.685524888723427 ], [ -74.011671224427317, 4.685469677146494 ], [ -74.011670708327259, 4.68538781581247 ], [ -74.011605828381789, 4.685301883512514 ], [ -74.011548950492028, 4.685231339654077 ], [ -74.011498282387294, 4.685168493138872 ], [ -74.011340820644207, 4.685014318269525 ], [ -74.011238099170299, 4.684912141222457 ] ] } },
{ "type": "Feature", "properties": { "edge_id": "1014183901", "fuera_tolerancia": true, "longitud_m": 98.730329136817403 }, "geometry": { "type": "LineString", "coordinates": [ [ -74.04597978757505, 4.757637552210303 ], [ -74.045104429906658, 4.757476505794303 ] ] } },
{ "type": "Feature", "properties": { "edge_id": "466467381#0", "fuera_tolerancia": true, "longitud_m": 98.554550651941042 }, "geometry": { "type": "LineString", "coordinates": [ [ -74.034967696539908, 4.737304298890063 ], [ -74.034927457641345, 4.737453944424586 ], [ -74.035026675146739, 4.737619704542588 ], [ -74.034844304436461, 4.737731975003728 ], [ -74.034833565365275, 4.737804142458659 ], [ -74.035079886277217, 4.737868075586384 ] ] } },
{ "type": "Feature", "properties": { "edge_id": "39991671", "fuera_tolerancia": true, "longitud_m": 98.374584304213556 }, "geometry": { "type": "LineString", "coordinates": [ [ -74.043660693597772, 4.710887392659811 ], [ -74.043658903551204, 4.710877802021329 ], [ -74.043640483648971, 4.710766155840313 ], [ -74.043642212213172, 4.71075476095168 ], [ -74.043649524479505, 4.710747806013287 ], [ -74.04371425996294, 4.710746085960078 ], [ -74.044019422260874, 4.710761521044299 ], [ -74.044145993752537, 4.710768660054337 ], [ -74.04419440173649, 4.710773520689536 ], [ -74.044342585205456, 4.71079959436644 ], [ -74.044387830028484, 4.710810058821036 ] ] } },
{ "type": "Feature", "properties": { "edge_id": "1412111957#1", "fuera_tolerancia": true, "longitud_m": 97.423758662429236 }, "geometry": { "type": "LineString", "coordinates": [ [ -74.043501906324309, 4.682715202851129 ], [ -74.043535061171482, 4.682731258648253 ], [ -74.043867417807633, 4.682894259927779 ], [ -74.04385421714619, 4.682922373252477 ], [ -74.043841287804895, 4.682949853765632 ], [ -74.043583264668129, 4.682818884581173 ], [ -74.043476509577999, 4.682761933127015 ] ] } },
{ "type": "Feature", "properties": { "edge_id": "1016029394", "fuera_tolerancia": true, "longitud_m": 96.011617780800918 }, "geometry": { "type": "LineString", "coordinates": [ [ -74.040698132332068, 4.783719756156155 ], [ -74.040696418533472, 4.783720206026521 ], [ -74.040690371566555, 4.783724358450157 ], [ -74.040685945335412, 4.783730141320331 ], [ -74.040683771637191, 4.783737103250999 ], [ -74.04068403206459, 4.783744339954276 ], [ -74.040686456872834, 4.783751308326905 ], [ -74.040691047572878, 4.78375692292023 ], [ -74.040697353834446, 4.783760821286436 ], [ -74.040704744993604, 4.783762640725072 ], [ -74.041490577041358, 4.783937865549009 ] ] } },
{ "type": "Feature", "properties": { "edge_id": "214482735#1", "fuera_tolerancia": true, "longitud_m": 95.914762171300069 }, "geometry": { "type": "LineString", "coordinates": [ [ -74.011338889103925, 4.687607803887849 ], [ -74.011282250041134, 4.687880351163488 ], [ -74.011217970260887, 4.688008704431193 ], [ -74.011099853711485, 4.688211786680624 ], [ -74.011003272940883, 4.688294415080363 ], [ -74.010939460283353, 4.688346968780394 ] ] } },
{ "type": "Feature", "properties": { "edge_id": "-741972936#1", "fuera_tolerancia": true, "longitud_m": 95.641724796990303 }, "geometry": { "type": "LineString", "coordinates": [ [ -74.016248330379838, 4.67060606368346 ], [ -74.016227281187483, 4.670572837584051 ], [ -74.01619407351923, 4.67053100130933 ], [ -74.016158785058835, 4.670494408438631 ], [ -74.016117005190409, 4.670458168274595 ], [ -74.016071165736037, 4.670423912397898 ], [ -74.016007932345971, 4.670385833050223 ], [ -74.015939288109962, 4.6703490124594 ], [ -74.01587216233473, 4.670322324826322 ], [ -74.015729600474671, 4.670280696881168 ], [ -74.01550267895577, 4.670223121062869 ] ] } },
{ "type": "Feature", "properties": { "edge_id": "472034178#0", "fuera_tolerancia": true, "longitud_m": 95.311592884422154 }, "geometry": { "type": "LineString", "coordinates": [ [ -74.052122628022587, 4.719530710774491 ], [ -74.052160676623302, 4.719330224683165 ], [ -74.05217906114963, 4.719336038890317 ], [ -74.052134363584074, 4.719586175529067 ], [ -74.051754319348305, 4.719537715390822 ] ] } },
{ "type": "Feature", "properties": { "edge_id": "-741972937#1", "fuera_tolerancia": true, "longitud_m": 95.15160340030647 }, "geometry": { "type": "LineString", "coordinates": [ [ -74.013527132804157, 4.66703492392367 ], [ -74.01387748932936, 4.666820317174889 ], [ -74.013937587314558, 4.66677924513411 ], [ -74.013996620144852, 4.66672623168645 ], [ -74.014036172029819, 4.666679160815495 ], [ -74.014066198328649, 4.666610277189149 ], [ -74.014082078496614, 4.666535946458896 ], [ -74.014082033658042, 4.66650347347494 ], [ -74.014081907377204, 4.666464759063042 ], [ -74.014079940843686, 4.666452725942605 ] ] } },
{ "type": "Feature", "properties": { "edge_id": "472034297#0", "fuera_tolerancia": true, "longitud_m": 95.103247432725809 }, "geometry": { "type": "LineString", "coordinates": [ [ -74.053197648282165, 4.713898657747387 ], [ -74.053378387027919, 4.713919708589738 ], [ -74.053382851538686, 4.713885160961536 ], [ -74.052745885296318, 4.713817446867091 ] ] } },
{ "type": "Feature", "properties": { "edge_id": "466467183#4", "fuera_tolerancia": true, "longitud_m": 95.048677408493845 }, "geometry": { "type": "LineString", "coordinates": [ [ -74.034533827632359, 4.736145336874518 ], [ -74.033722585557072, 4.735868951893933 ] ] } },
{ "type": "Feature", "properties": { "edge_id": "628606861#1", "fuera_tolerancia": true, "longitud_m": 94.940702900112726 }, "geometry": { "type": "LineString", "coordinates": [ [ -74.015522349641955, 4.671826443105724 ], [ -74.015481968390688, 4.671821592343188 ], [ -74.015242757167314, 4.671784532105147 ], [ -74.015127435654236, 4.671732359149764 ], [ -74.015038264316118, 4.671675790681437 ], [ -74.014899041807624, 4.671631363144646 ], [ -74.014780017569862, 4.671648472569607 ], [ -74.014718205000946, 4.671690446728642 ] ] } },
{ "type": "Feature", "properties": { "edge_id": "24680572-AddedOffRampEdge", "fuera_tolerancia": true, "longitud_m": 94.899803607823202 }, "geometry": { "type": "LineString", "coordinates": [ [ -74.054043296202849, 4.706720595689792 ], [ -74.05319913762888, 4.706582137368362 ] ] } },
{ "type": "Feature", "properties": { "edge_id": "-887275716#1", "fuera_tolerancia": true, "longitud_m": 93.932607859841127 }, "geometry": { "type": "LineString", "coordinates": [ [ -74.008414076136319, 4.732763411078834 ], [ -74.008361491196993, 4.732652168388076 ], [ -74.008305030839821, 4.732539925155252 ], [ -74.008237958748595, 4.732408671481999 ], [ -74.008225816481684, 4.732388121140171 ], [ -74.0081828239001, 4.732315334926202 ], [ -74.008066518491418, 4.732251850815441 ], [ -74.007895066196753, 4.732230167613433 ], [ -74.007856836245693, 4.732231831432873 ] ] } },
{ "type": "Feature", "properties": { "edge_id": "741972936#1", "fuera_tolerancia": true, "longitud_m": 93.308511413843732 }, "geometry": { "type": "LineString", "coordinates": [ [ -74.015496061194114, 4.670249433842128 ], [ -74.015722532088844, 4.670306918577855 ], [ -74.015863471983238, 4.67034800152607 ], [ -74.015927894728975, 4.670373599920949 ], [ -74.015994556894469, 4.670409513193372 ], [ -74.016056169071504, 4.670446504821398 ], [ -74.016100027210371, 4.67047931065745 ], [ -74.016140186368744, 4.670514101286817 ], [ -74.016173674319859, 4.670548882555022 ], [ -74.016205262285482, 4.670588545665447 ], [ -74.016225231927791, 4.670620142081238 ] ] } },
{ "type": "Feature", "properties": { "edge_id": "-628606861#1", "fuera_tolerancia": true, "longitud_m": 92.606713154649455 }, "geometry": { "type": "LineString", "coordinates": [ [ -74.014734398954189, 4.671714349297066 ], [ -74.014790616821756, 4.671676166335282 ], [ -74.014896656454781, 4.671661028648482 ], [ -74.015025966834713, 4.671702185922721 ], [ -74.015113697010619, 4.671757847830087 ], [ -74.01523442409038, 4.671812561089076 ], [ -74.015477961591714, 4.671850351038322 ], [ -74.015518973906083, 4.671855202687637 ] ] } },
{ "type": "Feature", "properties": { "edge_id": "1499346733#1", "fuera_tolerancia": true, "longitud_m": 92.305654982802523 }, "geometry": { "type": "LineString", "coordinates": [ [ -74.041755519414082, 4.751382105686093 ], [ -74.042015694729599, 4.751407070848198 ], [ -74.04196189200573, 4.751977039371269 ] ] } },
{ "type": "Feature", "properties": { "edge_id": "-887191614#0", "fuera_tolerancia": true, "longitud_m": 91.656639787924149 }, "geometry": { "type": "LineString", "coordinates": [ [ -74.009992503678816, 4.714198719654694 ], [ -74.009993080216134, 4.714173574378513 ], [ -74.010037238763275, 4.714059213506205 ], [ -74.010100551297057, 4.713979795002431 ], [ -74.010157851978192, 4.713880106320421 ], [ -74.010238231652451, 4.71378126458667 ], [ -74.010297876756937, 4.713681307863588 ], [ -74.010371770148737, 4.713515159387817 ], [ -74.010363889327024, 4.713477700373767 ] ] } },
{ "type": "Feature", "properties": { "edge_id": "741972937#1", "fuera_tolerancia": true, "longitud_m": 91.589925866318367 }, "geometry": { "type": "LineString", "coordinates": [ [ -74.014053250111488, 4.666457030231254 ], [ -74.014054859070129, 4.666466891957709 ], [ -74.014054988126333, 4.6665036163892 ], [ -74.014055037255204, 4.666533013949107 ], [ -74.014040246469534, 4.666601918979555 ], [ -74.01401293328118, 4.66666465555653 ], [ -74.013977174047923, 4.66670720906389 ], [ -74.013920849029546, 4.666757874515509 ], [ -74.013862736387011, 4.666797502083814 ], [ -74.013513011433744, 4.667011747899416 ] ] } },
{ "type": "Feature", "properties": { "edge_id": "887275716#1", "fuera_tolerancia": true, "longitud_m": 91.548906577502279 }, "geometry": { "type": "LineString", "coordinates": [ [ -74.007857621916173, 4.73224992325609 ], [ -74.007894319161679, 4.732248257239952 ], [ -74.008060903635595, 4.732269390746098 ], [ -74.008169821655514, 4.732328884318822 ], [ -74.00821029582967, 4.732397415610563 ], [ -74.008222078360589, 4.732417332262662 ], [ -74.008288970903067, 4.732548042958731 ], [ -74.008345251196715, 4.732660105027447 ], [ -74.008397746231765, 4.73277116668319 ] ] } },
{ "type": "Feature", "properties": { "edge_id": "24032108", "fuera_tolerancia": true, "longitud_m": 91.449066464475578 }, "geometry": { "type": "LineString", "coordinates": [ [ -74.042228022274045, 4.775388706441134 ], [ -74.042237073673775, 4.775428609421781 ], [ -74.042308299918489, 4.775497092311283 ], [ -74.042397323840675, 4.775540363293413 ], [ -74.042495405503786, 4.775553977899639 ], [ -74.04259280874966, 4.775536656174576 ], [ -74.042680073685005, 4.775482957655647 ], [ -74.042742925760891, 4.775413305097988 ], [ -74.042781722505651, 4.775329960365391 ], [ -74.042818189352147, 4.775236210132157 ] ] } },
{ "type": "Feature", "properties": { "edge_id": "887191614#0", "fuera_tolerancia": true, "longitud_m": 91.163347151554078 }, "geometry": { "type": "LineString", "coordinates": [ [ -74.010346213208791, 4.713481474251515 ], [ -74.010352840024069, 4.71351314244925 ], [ -74.010281840607917, 4.713672963292208 ], [ -74.010223460514851, 4.713770931836411 ], [ -74.010142900526546, 4.713869773311423 ], [ -74.010085599588635, 4.713969642898777 ], [ -74.010021383948995, 4.714050145557381 ], [ -74.009975053951393, 4.714169930549483 ], [ -74.009974472803862, 4.714198332148119 ] ] } },
{ "type": "Feature", "properties": { "edge_id": "24599958", "fuera_tolerancia": true, "longitud_m": 90.072404422842041 }, "geometry": { "type": "LineString", "coordinates": [ [ -74.04191888822524, 4.78016190883526 ], [ -74.041895769414509, 4.779928323583914 ], [ -74.041886495151601, 4.779854138115323 ], [ -74.041861502925755, 4.779800825609792 ], [ -74.041817826173343, 4.779761959665285 ], [ -74.041743826531729, 4.779742498990752 ], [ -74.041676920750589, 4.779744124072405 ], [ -74.041626471790551, 4.779777159790167 ], [ -74.041594414741056, 4.779811668491225 ], [ -74.041556996271098, 4.779876110053479 ], [ -74.041534375251416, 4.779933245511895 ] ] } },
{ "type": "Feature", "properties": { "edge_id": "466467183#3", "fuera_tolerancia": true, "longitud_m": 89.47850128319854 }, "geometry": { "type": "LineString", "coordinates": [ [ -74.035347593638065, 4.7364227195488 ], [ -74.034620070526572, 4.736174764419842 ], [ -74.034583933250659, 4.736162412206561 ] ] } },
{ "type": "Feature", "properties": { "edge_id": "1021019424#3", "fuera_tolerancia": true, "longitud_m": 87.695564720841404 }, "geometry": { "type": "LineString", "coordinates": [ [ -74.026223243153353, 4.759128162687737 ], [ -74.026291153967335, 4.759115504759978 ], [ -74.026508462784577, 4.759104776764532 ], [ -74.026513082249039, 4.758961413836369 ], [ -74.026513124911347, 4.758866889551031 ], [ -74.026311956138656, 4.758877097670937 ], [ -74.026246765246356, 4.758879085891778 ] ] } },
{ "type": "Feature", "properties": { "edge_id": "887191618", "fuera_tolerancia": true, "longitud_m": 85.437070445174669 }, "geometry": { "type": "LineString", "coordinates": [ [ -74.010312727299947, 4.711022354928918 ], [ -74.010378537588565, 4.711089022460025 ], [ -74.01041022177013, 4.711188837887972 ], [ -74.010463309631305, 4.711326583843195 ], [ -74.010463279701852, 4.711347749945028 ], [ -74.010463242958579, 4.7115012496663 ], [ -74.010523961057231, 4.711534894379253 ], [ -74.010577196563858, 4.711440717485622 ], [ -74.010598933899701, 4.71137019460481 ] ] } },
{ "type": "Feature", "properties": { "edge_id": "-214775029", "fuera_tolerancia": true, "longitud_m": 84.925300755858885 }, "geometry": { "type": "LineString", "coordinates": [ [ -74.010795345361856, 4.684406511958822 ], [ -74.010803928108928, 4.684457720887755 ], [ -74.010801273023461, 4.684614925636044 ], [ -74.010809789661465, 4.684713170387887 ], [ -74.01084344261966, 4.684758987567238 ], [ -74.010864070916313, 4.684770956639533 ], [ -74.010930009399189, 4.684809221384318 ], [ -74.01102155088833, 4.684847884158231 ], [ -74.011105746599711, 4.684853249572693 ], [ -74.011219836830406, 4.684884527016017 ] ] } },
{ "type": "Feature", "properties": { "edge_id": "887191606", "fuera_tolerancia": true, "longitud_m": 84.703743124446049 }, "geometry": { "type": "LineString", "coordinates": [ [ -74.008921560289011, 4.718054856061458 ], [ -74.009068570333525, 4.718080935631835 ], [ -74.009187033711285, 4.718083546960294 ], [ -74.009291695314815, 4.718091565786456 ], [ -74.009388434483057, 4.718091522925572 ], [ -74.009448437763737, 4.718057326642299 ], [ -74.009502910384157, 4.717981423367916 ], [ -74.009593744628035, 4.717885672174991 ] ] } },
{ "type": "Feature", "properties": { "edge_id": "600452305", "fuera_tolerancia": true, "longitud_m": 83.203444381765777 }, "geometry": { "type": "LineString", "coordinates": [ [ -74.022708437527882, 4.675739679707761 ], [ -74.022673053428832, 4.67577165106399 ], [ -74.022618613955984, 4.675827566145542 ], [ -74.022600542486387, 4.675857119395002 ], [ -74.022597693348303, 4.675896372465858 ], [ -74.022602476066027, 4.675958068784302 ], [ -74.022621493706424, 4.676026388110397 ], [ -74.022695980904075, 4.676141187752902 ], [ -74.022790872406006, 4.676234487802711 ], [ -74.022918421799673, 4.676311461226216 ] ] } },
{ "type": "Feature", "properties": { "edge_id": "628606862", "fuera_tolerancia": true, "longitud_m": 82.882196437692343 }, "geometry": { "type": "LineString", "coordinates": [ [ -74.015562540558577, 4.671773855406817 ], [ -74.015505922111188, 4.671711453200323 ], [ -74.015477088982166, 4.671700377340569 ], [ -74.015425910363874, 4.67168058652923 ], [ -74.015305973824255, 4.671640799298467 ], [ -74.01526363360955, 4.671618488183665 ], [ -74.015240679907038, 4.671593400229233 ], [ -74.015224978595413, 4.671539467687476 ], [ -74.015180261975686, 4.671475815828319 ], [ -74.014952532345703, 4.671415705920025 ] ] } },
{ "type": "Feature", "properties": { "edge_id": "-887191606", "fuera_tolerancia": true, "longitud_m": 82.687979565319566 }, "geometry": { "type": "LineString", "coordinates": [ [ -74.009580599338662, 4.717873170829805 ], [ -74.009489042553952, 4.717969825525782 ], [ -74.009436195844202, 4.718043560233359 ], [ -74.009383591627767, 4.718073425302679 ], [ -74.009292442221977, 4.718073476140345 ], [ -74.009187960935918, 4.71806545757221 ], [ -74.009070399135254, 4.718062847531436 ], [ -74.008924741070402, 4.718037041252923 ] ] } },
{ "type": "Feature", "properties": { "edge_id": "214775029", "fuera_tolerancia": true, "longitud_m": 81.220089408566182 }, "geometry": { "type": "LineString", "coordinates": [ [ -74.011227448968327, 4.684856587590208 ], [ -74.011110474983013, 4.684824491986711 ], [ -74.011028262390795, 4.68481931028625 ], [ -74.010942847761584, 4.684783188884964 ], [ -74.010878530638678, 4.684745921426186 ], [ -74.010863127031215, 4.684736944718062 ], [ -74.010837752145463, 4.684702536416193 ], [ -74.010830123559316, 4.684613881010992 ], [ -74.01083278016381, 4.684455590819146 ], [ -74.0108238406157, 4.68440166777475 ] ] } },
{ "type": "Feature", "properties": { "edge_id": "472034170#2", "fuera_tolerancia": true, "longitud_m": 80.389018570332652 }, "geometry": { "type": "LineString", "coordinates": [ [ -74.050541159186153, 4.726882149634443 ], [ -74.050905145263101, 4.726940448774243 ], [ -74.050932156291537, 4.726768802856975 ], [ -74.050965510687618, 4.726772285813585 ], [ -74.050940786275007, 4.726919964385106 ] ] } },
{ "type": "Feature", "properties": { "edge_id": "-628606862", "fuera_tolerancia": true, "longitud_m": 80.301713938720383 }, "geometry": { "type": "LineString", "coordinates": [ [ -74.014945281084422, 4.671443736419246 ], [ -74.015162737225978, 4.671501118285218 ], [ -74.015198636404733, 4.671552275130308 ], [ -74.015214876099733, 4.671608017505264 ], [ -74.015245751027862, 4.671641800155379 ], [ -74.015294577364202, 4.671667557627627 ], [ -74.015416135879249, 4.671707889862124 ], [ -74.015466683816015, 4.671727408427286 ], [ -74.015489119586363, 4.671736033049915 ], [ -74.015537366926353, 4.671789106756497 ] ] } },
{ "type": "Feature", "properties": { "edge_id": "-887191618", "fuera_tolerancia": true, "longitud_m": 80.275544581112001 }, "geometry": { "type": "LineString", "coordinates": [ [ -74.010581631252407, 4.711364923670519 ], [ -74.010560617981625, 4.711433457601548 ], [ -74.01051714368856, 4.711510462201268 ], [ -74.010481289371739, 4.711490601827554 ], [ -74.010481311018211, 4.711347775609799 ], [ -74.010481345807349, 4.711323172277617 ], [ -74.010427179645049, 4.711182892087232 ], [ -74.010394418698667, 4.711079456982653 ], [ -74.010325547563681, 4.711009619219729 ] ] } },
{ "type": "Feature", "properties": { "edge_id": "466467190", "fuera_tolerancia": true, "longitud_m": 79.893838495941921 }, "geometry": { "type": "LineString", "coordinates": [ [ -74.034826618447823, 4.736637183191973 ], [ -74.034821352661098, 4.736598461446531 ], [ -74.034792400377242, 4.736541163531775 ], [ -74.034780515121909, 4.736529659260473 ], [ -74.034746119723579, 4.736496505017886 ], [ -74.034711520299737, 4.736480446332068 ], [ -74.034687643075657, 4.736469377592017 ], [ -74.034623457720684, 4.736462865748857 ], [ -74.034614618982985, 4.736465024311109 ], [ -74.034560775488174, 4.736477703187166 ], [ -74.034545344496649, 4.736487450697355 ], [ -74.034506360792079, 4.736512180720541 ], [ -74.03448387143483, 4.736540551937333 ], [ -74.034466349685573, 4.736562598295646 ], [ -74.034448064491343, 4.736615036194002 ], [ -74.03444516793715, 4.736623263480698 ], [ -74.034445078847924, 4.736687485828559 ], [ -74.034466182371247, 4.736748210053417 ], [ -74.03449030310334, 4.73677872679249 ] ] } },
{ "type": "Feature", "properties": { "edge_id": "-600452305", "fuera_tolerancia": true, "longitud_m": 77.209492993308388 }, "geometry": { "type": "LineString", "coordinates": [ [ -74.022933241142709, 4.676286697495408 ], [ -74.022808574371311, 4.676211356269535 ], [ -74.022718364274155, 4.67612276636365 ], [ -74.022648015306629, 4.676014304279292 ], [ -74.022630971236239, 4.675953043121266 ], [ -74.022626542355013, 4.67589623181358 ], [ -74.022628837789028, 4.675866204280222 ], [ -74.022641487829958, 4.675845507959656 ], [ -74.022693038416108, 4.675792483374421 ], [ -74.022727971001814, 4.675761054111451 ] ] } },
{ "type": "Feature", "properties": { "edge_id": "32742891", "fuera_tolerancia": true, "longitud_m": 76.798359327130925 }, "geometry": { "type": "LineString", "coordinates": [ [ -74.053982272705909, 4.697529374939449 ], [ -74.053875026638352, 4.698215482794815 ] ] } },
{ "type": "Feature", "properties": { "edge_id": "-32742891", "fuera_tolerancia": true, "longitud_m": 76.780420766269685 }, "geometry": { "type": "LineString", "coordinates": [ [ -74.054160040171382, 4.698260328074297 ], [ -74.054267276749741, 4.697574382927107 ] ] } },
{ "type": "Feature", "properties": { "edge_id": "24599951", "fuera_tolerancia": true, "longitud_m": 76.639051694917555 }, "geometry": { "type": "LineString", "coordinates": [ [ -74.04000249473485, 4.789024282309807 ], [ -74.040011101238463, 4.789059842888572 ], [ -74.040034626097167, 4.789130882450068 ], [ -74.0400670120966, 4.789184205423816 ], [ -74.040098167036803, 4.789215094027481 ], [ -74.040150530765985, 4.789232082444871 ], [ -74.040216787987092, 4.789243572647306 ], [ -74.040291922612582, 4.789225677682304 ], [ -74.040357279796069, 4.789171315945246 ], [ -74.040402722311157, 4.789108061750168 ], [ -74.040451102627046, 4.789007182719589 ] ] } },
{ "type": "Feature", "properties": { "edge_id": "466467183#1", "fuera_tolerancia": true, "longitud_m": 75.911896028731945 }, "geometry": { "type": "LineString", "coordinates": [ [ -74.036098457963362, 4.736678666522619 ], [ -74.035450598700919, 4.736457778546523 ] ] } },
{ "type": "Feature", "properties": { "edge_id": "466467185#0", "fuera_tolerancia": true, "longitud_m": 73.949385145079759 }, "geometry": { "type": "LineString", "coordinates": [ [ -74.035379453794079, 4.736463649292543 ], [ -74.035301896652626, 4.737127836815982 ] ] } },
{ "type": "Feature", "properties": { "edge_id": "1214452506#2", "fuera_tolerancia": true, "longitud_m": 72.26174379784149 }, "geometry": { "type": "LineString", "coordinates": [ [ -74.04769168144972, 4.743872295240602 ], [ -74.048101797609618, 4.743828809383014 ], [ -74.048062613880674, 4.744065293947688 ] ] } },
{ "type": "Feature", "properties": { "edge_id": "-887275716#5", "fuera_tolerancia": true, "longitud_m": 72.141900863833371 }, "geometry": { "type": "LineString", "coordinates": [ [ -74.008495598653454, 4.741104696521591 ], [ -74.008517885148237, 4.741029652115746 ], [ -74.008520577550101, 4.740911885546982 ], [ -74.008487531763635, 4.740818399679442 ], [ -74.008422402192906, 4.740715551060716 ], [ -74.00835778548462, 4.740632422033738 ], [ -74.008277688048906, 4.740530456462078 ] ] } },
{ "type": "Feature", "properties": { "edge_id": "-1022164361", "fuera_tolerancia": true, "longitud_m": 72.097977060219634 }, "geometry": { "type": "LineString", "coordinates": [ [ -74.03077733878402, 4.676088918564525 ], [ -74.030873757548846, 4.676055855273773 ], [ -74.031040913872943, 4.675980738149513 ], [ -74.031078278191103, 4.675950849480973 ], [ -74.031102940560842, 4.675913978262241 ], [ -74.031108958617992, 4.675864508111547 ], [ -74.031099222219524, 4.67579882485743 ], [ -74.03107760295859, 4.675720552025624 ], [ -74.031038476206788, 4.675655280388245 ] ] } },
{ "type": "Feature", "properties": { "edge_id": "24680572", "fuera_tolerancia": true, "longitud_m": 71.763369070316742 }, "geometry": { "type": "LineString", "coordinates": [ [ -74.054750494253028, 4.706851268822532 ], [ -74.054112141334826, 4.706746559336033 ] ] } },
{ "type": "Feature", "properties": { "edge_id": "1074061467#9", "fuera_tolerancia": true, "longitud_m": 70.707635045905647 }, "geometry": { "type": "LineString", "coordinates": [ [ -74.04232359782786, 4.683176536755153 ], [ -74.042331554741992, 4.683159361290519 ], [ -74.042530128656921, 4.683251625438722 ], [ -74.042514492061628, 4.683281001754033 ], [ -74.04245266640433, 4.68339886981384 ], [ -74.042460471403771, 4.683427102314509 ], [ -74.042438014481107, 4.683433403382507 ], [ -74.042454162941851, 4.683491678211972 ], [ -74.0424768001742, 4.683485377390701 ], [ -74.042485412745762, 4.683516415087663 ], [ -74.04255050962179, 4.683512252853824 ] ] } },
{ "type": "Feature", "properties": { "edge_id": "887275716#5", "fuera_tolerancia": true, "longitud_m": 70.216221304305918 }, "geometry": { "type": "LineString", "coordinates": [ [ -74.008263516888718, 4.740541652353627 ], [ -74.008343524162669, 4.740643617797334 ], [ -74.008407600939563, 4.740726022422781 ], [ -74.00847129155413, 4.740826336280179 ], [ -74.008502541353508, 4.740914754175849 ], [ -74.008499857202494, 4.741026731732982 ], [ -74.008478295213337, 4.741099515840637 ] ] } },
{ "type": "Feature", "properties": { "edge_id": "691552871#0", "fuera_tolerancia": true, "longitud_m": 69.946488130609566 }, "geometry": { "type": "LineString", "coordinates": [ [ -74.028178688520413, 4.7532247343805 ], [ -74.028731543238322, 4.753240981416422 ], [ -74.028741839389795, 4.753164019579407 ] ] } },
{ "type": "Feature", "properties": { "edge_id": "1298861027#3", "fuera_tolerancia": true, "longitud_m": 69.884986425985488 }, "geometry": { "type": "LineString", "coordinates": [ [ -74.052306927266812, 4.685971620904303 ], [ -74.052586885467363, 4.686017680106911 ], [ -74.052592066047794, 4.685986661136479 ], [ -74.052597154402491, 4.685957179772299 ], [ -74.052316116441631, 4.685909581383157 ] ] } },
{ "type": "Feature", "properties": { "edge_id": "1526427403#2", "fuera_tolerancia": true, "longitud_m": 69.85073308888181 }, "geometry": { "type": "LineString", "coordinates": [ [ -74.031066805965096, 4.758947034616894 ], [ -74.031059597455382, 4.758943768124242 ], [ -74.030929494470556, 4.75894168543444 ], [ -74.030921422076531, 4.75929815342517 ], [ -74.031049999183125, 4.759295349463849 ], [ -74.0310572155405, 4.759293007817925 ] ] } },
{ "type": "Feature", "properties": { "edge_id": "1015935599", "fuera_tolerancia": true, "longitud_m": 69.341366235545934 }, "geometry": { "type": "LineString", "coordinates": [ [ -74.035169799684681, 4.736550735589752 ], [ -74.035187966844845, 4.736583414904162 ], [ -74.035198162016741, 4.736643400266651 ], [ -74.03518798091072, 4.736703357200838 ], [ -74.035158244119813, 4.736756683692741 ], [ -74.035112657000823, 4.736797053115052 ], [ -74.035056093992097, 4.736820311373221 ], [ -74.034995050794777, 4.736823482541384 ], [ -74.034936470026082, 4.736806395400035 ], [ -74.034886750579346, 4.736770867965318 ], [ -74.034851747245639, 4.736720978849895 ], [ -74.034838004362754, 4.736683692540153 ] ] } },
{ "type": "Feature", "properties": { "edge_id": "889083629#1", "fuera_tolerancia": true, "longitud_m": 69.20273457515313 }, "geometry": { "type": "LineString", "coordinates": [ [ -74.008407125970862, 4.734985300798681 ], [ -74.008312650586774, 4.73497684364953 ], [ -74.008198430519442, 4.734968177273252 ], [ -74.008096832669253, 4.734959619430623 ], [ -74.008070148530408, 4.734957410285524 ], [ -74.007936428806033, 4.734903127352534 ], [ -74.007795140667184, 4.734908623291253 ] ] } },
{ "type": "Feature", "properties": { "edge_id": "-889083629#1", "fuera_tolerancia": true, "longitud_m": 68.929957255844982 }, "geometry": { "type": "LineString", "coordinates": [ [ -74.007795836164959, 4.734926714984152 ], [ -74.007933337348405, 4.734921394522265 ], [ -74.008065975933974, 4.734975133185365 ], [ -74.008095364473903, 4.734977617568938 ], [ -74.008196962197786, 4.734986265865632 ], [ -74.00831118226796, 4.734994932242766 ], [ -74.008405477464066, 4.735003298680846 ] ] } },
{ "type": "Feature", "properties": { "edge_id": "466467381#1", "fuera_tolerancia": true, "longitud_m": 68.645586730525693 }, "geometry": { "type": "LineString", "coordinates": [ [ -74.035107317823531, 4.737851741661243 ], [ -74.035147390576441, 4.737691874558024 ], [ -74.035042774556985, 4.737518056491629 ], [ -74.035209066748166, 4.737427291625075 ], [ -74.035222495789426, 4.737365801504038 ] ] } },
{ "type": "Feature", "properties": { "edge_id": "-628606860#1", "fuera_tolerancia": true, "longitud_m": 68.200651550546169 }, "geometry": { "type": "LineString", "coordinates": [ [ -74.013955392007901, 4.670233882080137 ], [ -74.014025725373614, 4.670416697661884 ], [ -74.014215075741447, 4.6705874693036 ], [ -74.014373680046177, 4.670632285983537 ] ] } },
{ "type": "Feature", "properties": { "edge_id": "600897729", "fuera_tolerancia": true, "longitud_m": 67.835896439959924 }, "geometry": { "type": "LineString", "coordinates": [ [ -74.037132460792819, 4.809479879834114 ], [ -74.036536175865066, 4.809343807872527 ] ] } },
{ "type": "Feature", "properties": { "edge_id": "73060319#0", "fuera_tolerancia": true, "longitud_m": 67.273871639808846 }, "geometry": { "type": "LineString", "coordinates": [ [ -74.051835007536894, 4.722263406093898 ], [ -74.051828811734055, 4.72231124814899 ], [ -74.051278426893646, 4.722217327256482 ] ] } },
{ "type": "Feature", "properties": { "edge_id": "-691112531", "fuera_tolerancia": true, "longitud_m": 66.994017436267995 }, "geometry": { "type": "LineString", "coordinates": [ [ -74.048181765787447, 4.684541987531021 ], [ -74.048111362736691, 4.684536464402074 ], [ -74.048033998855814, 4.684544952263072 ], [ -74.04795950094244, 4.684567464491908 ], [ -74.047890574105935, 4.684603642953786 ], [ -74.0478296547073, 4.684651862783745 ], [ -74.047778818247963, 4.684710679535688 ], [ -74.047739690072376, 4.684778195877665 ], [ -74.047723644784753, 4.684843210927122 ] ] } },
{ "type": "Feature", "properties": { "edge_id": "252262255", "fuera_tolerancia": true, "longitud_m": 66.825988300896597 }, "geometry": { "type": "LineString", "coordinates": [ [ -74.03838879030836, 4.801641091953623 ], [ -74.037789155805811, 4.801583169998026 ] ] } },
{ "type": "Feature", "properties": { "edge_id": "466467191#5", "fuera_tolerancia": true, "longitud_m": 66.694519766054512 }, "geometry": { "type": "LineString", "coordinates": [ [ -74.035901085404063, 4.737272223364211 ], [ -74.036112032372429, 4.736707449888539 ] ] } },
{ "type": "Feature", "properties": { "edge_id": "1010342566", "fuera_tolerancia": true, "longitud_m": 66.509874136136361 }, "geometry": { "type": "LineString", "coordinates": [ [ -74.037617125471854, 4.806460755046402 ], [ -74.037024385651563, 4.806370277865484 ] ] } },
{ "type": "Feature", "properties": { "edge_id": "1022164361", "fuera_tolerancia": true, "longitud_m": 66.336580809847206 }, "geometry": { "type": "LineString", "coordinates": [ [ -74.031013753772953, 4.675670261594798 ], [ -74.031050901889301, 4.675732093234696 ], [ -74.031070905858272, 4.675804936577332 ], [ -74.031079928987964, 4.675864829772624 ], [ -74.031075187731787, 4.675903628087357 ], [ -74.031056849218388, 4.675930919902585 ], [ -74.031025802543425, 4.67595575187196 ], [ -74.030863156590158, 4.676028885240988 ], [ -74.030768000587216, 4.676061498007165 ] ] } },
{ "type": "Feature", "properties": { "edge_id": "252262313", "fuera_tolerancia": true, "longitud_m": 66.301357914910369 }, "geometry": { "type": "LineString", "coordinates": [ [ -74.038520646019833, 4.797304906628782 ], [ -74.039110757369571, 4.797399990471941 ] ] } },
{ "type": "Feature", "properties": { "edge_id": "-795754243#2", "fuera_tolerancia": true, "longitud_m": 65.672660276805829 }, "geometry": { "type": "LineString", "coordinates": [ [ -74.008144187194759, 4.664868388402186 ], [ -74.008438463001028, 4.664851436972604 ], [ -74.008613459718347, 4.664841372383385 ], [ -74.008732226585451, 4.664814042162114 ] ] } },
{ "type": "Feature", "properties": { "edge_id": "-1022168857", "fuera_tolerancia": true, "longitud_m": 65.580159161711379 }, "geometry": { "type": "LineString", "coordinates": [ [ -74.0121826721319, 4.66731904750393 ], [ -74.012536472516331, 4.66767222473564 ], [ -74.012582843402399, 4.667712994191993 ], [ -74.012609507881436, 4.667727504319829 ] ] } },
{ "type": "Feature", "properties": { "edge_id": "466467191#0", "fuera_tolerancia": true, "longitud_m": 65.511525229891276 }, "geometry": { "type": "LineString", "coordinates": [ [ -74.033705877512261, 4.735889371193685 ], [ -74.034003057595243, 4.736401304682364 ] ] } },
{ "type": "Feature", "properties": { "edge_id": "628606860#1", "fuera_tolerancia": true, "longitud_m": 65.178637838762654 }, "geometry": { "type": "LineString", "coordinates": [ [ -74.014381471969998, 4.670604437160196 ], [ -74.014229356048716, 4.670561438680689 ], [ -74.014050090009263, 4.670399726602709 ], [ -74.013982271780876, 4.670223427232798 ] ] } },
{ "type": "Feature", "properties": { "edge_id": "795754243#2", "fuera_tolerancia": true, "longitud_m": 65.124999896884191 }, "geometry": { "type": "LineString", "coordinates": [ [ -74.008725775323825, 4.664785811506011 ], [ -74.008609353137629, 4.664812602315961 ], [ -74.008436790619754, 4.664822579889853 ], [ -74.008142605103259, 4.664839440995183 ] ] } },
{ "type": "Feature", "properties": { "edge_id": "-29505641#1", "fuera_tolerancia": true, "longitud_m": 64.84675110787245 }, "geometry": { "type": "LineString", "coordinates": [ [ -74.017864726510567, 4.76435527340558 ], [ -74.017958305773689, 4.764426413209115 ], [ -74.018026644491471, 4.764493808353255 ], [ -74.01809525730765, 4.764558671181637 ], [ -74.018179952003067, 4.764600491283156 ], [ -74.018260957185632, 4.764637240701504 ], [ -74.01833261666539, 4.764651906068297 ], [ -74.01835317540106, 4.764650940432502 ] ] } },
{ "type": "Feature", "properties": { "edge_id": "-212860741#1", "fuera_tolerancia": true, "longitud_m": 64.797098626724065 }, "geometry": { "type": "LineString", "coordinates": [ [ -74.010358211046253, 4.713412837055505 ], [ -74.010399147305051, 4.71334559787297 ], [ -74.010459104062591, 4.71315274571484 ], [ -74.010553188787611, 4.712925479308463 ], [ -74.010571479904556, 4.712869333658912 ] ] } },
{ "type": "Feature", "properties": { "edge_id": "1022168857", "fuera_tolerancia": true, "longitud_m": 64.673910693835637 }, "geometry": { "type": "LineString", "coordinates": [ [ -74.012623336520647, 4.667702106268695 ], [ -74.01259946457489, 4.667689137785477 ], [ -74.012556155030794, 4.667651086251774 ], [ -74.012203075091747, 4.667298452766705 ] ] } },
{ "type": "Feature", "properties": { "edge_id": "691112531", "fuera_tolerancia": true, "longitud_m": 64.176908260322278 }, "geometry": { "type": "LineString", "coordinates": [ [ -74.047741128820434, 4.684847576566138 ], [ -74.047756629754829, 4.684785093505203 ], [ -74.047793589334375, 4.684721192395163 ], [ -74.047842078114357, 4.68466508608485 ], [ -74.047900470505411, 4.684618852815372 ], [ -74.047966329899765, 4.684584298359926 ], [ -74.048037581042124, 4.684562686256685 ], [ -74.048111698886274, 4.684554555794991 ], [ -74.048180389132256, 4.684559986137812 ] ] } },
{ "type": "Feature", "properties": { "edge_id": "212860741#1", "fuera_tolerancia": true, "longitud_m": 64.044976093537599 }, "geometry": { "type": "LineString", "coordinates": [ [ -74.010544084908958, 4.712860339750198 ], [ -74.010526155824806, 4.712915490924398 ], [ -74.010431890524259, 4.713142937975699 ], [ -74.010372658087064, 4.713333620275199 ], [ -74.010333619599891, 4.71339769628254 ] ] } },
{ "type": "Feature", "properties": { "edge_id": "1014179904#0", "fuera_tolerancia": true, "longitud_m": 63.635753109696928 }, "geometry": { "type": "LineString", "coordinates": [ [ -74.044784464528618, 4.764386687397423 ], [ -74.044218723138755, 4.764291647721325 ] ] } },
{ "type": "Feature", "properties": { "edge_id": "59282496#0", "fuera_tolerancia": true, "longitud_m": 63.565789756583207 }, "geometry": { "type": "LineString", "coordinates": [ [ -74.011353940630002, 4.687354193031166 ], [ -74.011413296389136, 4.687072966019631 ], [ -74.011424913450284, 4.687017896153841 ], [ -74.011480132272851, 4.686793558645884 ] ] } },
{ "type": "Feature", "properties": { "edge_id": "29505641#1", "fuera_tolerancia": true, "longitud_m": 62.616117668030661 }, "geometry": { "type": "LineString", "coordinates": [ [ -74.018351864009858, 4.764621993380389 ], [ -74.018334821915943, 4.764622783130201 ], [ -74.018269832498987, 4.764609574547675 ], [ -74.018192251485289, 4.764574277279705 ], [ -74.018111881567833, 4.764534634244944 ], [ -74.018046690350133, 4.764473032637601 ], [ -74.017977271208125, 4.764404550508135 ], [ -74.017882160960326, 4.764332142169008 ] ] } },
{ "type": "Feature", "properties": { "edge_id": "1164694142#3", "fuera_tolerancia": true, "longitud_m": 62.108469405051956 }, "geometry": { "type": "LineString", "coordinates": [ [ -74.021619590643695, 4.674949038998498 ], [ -74.021669341742566, 4.674958425237929 ], [ -74.021765252160293, 4.674966880935206 ], [ -74.021853053649991, 4.674971888045882 ], [ -74.021896145535081, 4.674972581387748 ], [ -74.021936532979439, 4.674973180497342 ], [ -74.022027504353403, 4.674967699346679 ], [ -74.022102171343889, 4.674952697754263 ], [ -74.022169273446494, 4.674931986991649 ], [ -74.022172881792926, 4.674930363855689 ] ] } },
{ "type": "Feature", "properties": { "edge_id": "1164694142#1", "fuera_tolerancia": true, "longitud_m": 62.058510741985678 }, "geometry": { "type": "LineString", "coordinates": [ [ -74.021098178553203, 4.674473246295552 ], [ -74.021150413466586, 4.674576708182229 ], [ -74.02119025157954, 4.674648312944522 ], [ -74.021230919521159, 4.674706622128761 ], [ -74.021281235258641, 4.674763859341704 ], [ -74.021337604505248, 4.674811516885522 ], [ -74.021398034750348, 4.674856195117008 ], [ -74.021456319548193, 4.674887754518719 ] ] } },
{ "type": "Feature", "properties": { "edge_id": "466467192", "fuera_tolerancia": true, "longitud_m": 61.425430879429037 }, "geometry": { "type": "LineString", "coordinates": [ [ -74.034535413260699, 4.73617220398241 ], [ -74.034035142415604, 4.736410214007329 ] ] } },
{ "type": "Feature", "properties": { "edge_id": "238469946", "fuera_tolerancia": true, "longitud_m": 61.139256232950821 }, "geometry": { "type": "LineString", "coordinates": [ [ -74.030197320563673, 4.674956533310681 ], [ -74.029991247620416, 4.675469304369084 ] ] } },
{ "type": "Feature", "properties": { "edge_id": "-238469946", "fuera_tolerancia": true, "longitud_m": 61.126247153907549 }, "geometry": { "type": "LineString", "coordinates": [ [ -74.030018008109209, 4.675480105477251 ], [ -74.030223990762593, 4.674967424736996 ] ] } },
{ "type": "Feature", "properties": { "edge_id": "1139098579", "fuera_tolerancia": true, "longitud_m": 61.064065719169733 }, "geometry": { "type": "LineString", "coordinates": [ [ -74.036102213647794, 4.771018065874017 ], [ -74.036083011402837, 4.77101595847107 ], [ -74.036082012216468, 4.771085878120058 ], [ -74.035936323602996, 4.771525099769776 ] ] } },
{ "type": "Feature", "properties": { "edge_id": "472033185#0", "fuera_tolerancia": true, "longitud_m": 61.011340263711467 }, "geometry": { "type": "LineString", "coordinates": [ [ -74.049667912282544, 4.735314577626164 ], [ -74.049516657282922, 4.735288952070512 ], [ -74.049125629659713, 4.73522283509968 ] ] } },
{ "type": "Feature", "properties": { "edge_id": "29505641#0", "fuera_tolerancia": true, "longitud_m": 60.648918966337504 }, "geometry": { "type": "LineString", "coordinates": [ [ -74.018547356465106, 4.764037760721041 ], [ -74.018524601852874, 4.76412483514733 ], [ -74.018512536192873, 4.764176919250966 ], [ -74.018500313039553, 4.764212902372032 ], [ -74.018490711686937, 4.764243914282229 ], [ -74.018478935115056, 4.764282883011671 ], [ -74.018465006160781, 4.76431370783579 ], [ -74.018438647926757, 4.764398696675184 ], [ -74.018417785177945, 4.764486859237003 ], [ -74.018400912978009, 4.76455856492315 ], [ -74.018400542956044, 4.764565167514075 ] ] } },
{ "type": "Feature", "properties": { "edge_id": "-1164694142#3", "fuera_tolerancia": true, "longitud_m": 60.242115350405456 }, "geometry": { "type": "LineString", "coordinates": [ [ -74.022161466571731, 4.674905744430861 ], [ -74.022159572120941, 4.674906646326837 ], [ -74.022095536701514, 4.674926275921446 ], [ -74.022023935642125, 4.674940739069553 ], [ -74.021935849393742, 4.674946043340329 ], [ -74.021896633929813, 4.674945445867268 ], [ -74.021853992807493, 4.674944753155128 ], [ -74.021767273147688, 4.674939747555851 ], [ -74.021672985222423, 4.674931475033343 ], [ -74.02162458603199, 4.674922362044518 ] ] } },
{ "type": "Feature", "properties": { "edge_id": "-1164694142#1", "fuera_tolerancia": true, "longitud_m": 60.112139824700058 }, "geometry": { "type": "LineString", "coordinates": [ [ -74.021468163371196, 4.674863348482369 ], [ -74.021412490979955, 4.674833239994854 ], [ -74.021354402433019, 4.67479019320773 ], [ -74.021300194328376, 4.674744347764165 ], [ -74.021252218780944, 4.67468982744146 ], [ -74.021213170313288, 4.674633872324451 ], [ -74.021174231460293, 4.674563896991245 ], [ -74.02112226624682, 4.674460978206504 ] ] } },
{ "type": "Feature", "properties": { "edge_id": "-29505641#0", "fuera_tolerancia": true, "longitud_m": 60.029672366798422 }, "geometry": { "type": "LineString", "coordinates": [ [ -74.018429302736081, 4.764566927195013 ], [ -74.018429579129602, 4.764562766719936 ], [ -74.018445906880444, 4.764493502504831 ], [ -74.018466407560169, 4.764406334415185 ], [ -74.018492040633205, 4.764324058149644 ], [ -74.018505969843289, 4.764293052417764 ], [ -74.018518289705256, 4.76425245629667 ], [ -74.018527710216446, 4.764221805942495 ], [ -74.018540295306167, 4.764184918800399 ], [ -74.018552542831173, 4.764131749511162 ], [ -74.018575296927352, 4.764045036897327 ] ] } },
{ "type": "Feature", "properties": { "edge_id": "-1022168846", "fuera_tolerancia": true, "longitud_m": 59.33913851069493 }, "geometry": { "type": "LineString", "coordinates": [ [ -74.011074724417981, 4.664864200645111 ], [ -74.011544678253927, 4.664608064240636 ] ] } },
{ "type": "Feature", "properties": { "edge_id": "1022168846", "fuera_tolerancia": true, "longitud_m": 59.325568863365284 }, "geometry": { "type": "LineString", "coordinates": [ [ -74.011530830476318, 4.664582717693965 ], [ -74.011060966933314, 4.664838763765289 ] ] } },
{ "type": "Feature", "properties": { "edge_id": "1083171836#5", "fuera_tolerancia": true, "longitud_m": 58.925599508834317 }, "geometry": { "type": "LineString", "coordinates": [ [ -74.009972825589529, 4.714979758340917 ], [ -74.009971475506603, 4.715360204198352 ], [ -74.00997666924782, 4.715512535438247 ] ] } },
{ "type": "Feature", "properties": { "edge_id": "1083171836#0", "fuera_tolerancia": true, "longitud_m": 58.57823856722159 }, "geometry": { "type": "LineString", "coordinates": [ [ -74.010101350863735, 4.713605951442914 ], [ -74.010058478443185, 4.713576040682128 ], [ -74.010021425383187, 4.713574992905592 ], [ -74.009998255839335, 4.71357441717494 ], [ -74.009955385114068, 4.713607009841709 ], [ -74.009917009808547, 4.713648382908231 ], [ -74.00989014756054, 4.713708858083397 ], [ -74.009883469819812, 4.713776869665692 ], [ -74.009883767471024, 4.713948731904416 ] ] } },
{ "type": "Feature", "properties": { "edge_id": "-1083171836#5", "fuera_tolerancia": true, "longitud_m": 58.115122506116798 }, "geometry": { "type": "LineString", "coordinates": [ [ -74.010005348813053, 4.715505792295838 ], [ -74.010000326542425, 4.715359702596654 ], [ -74.010001675072843, 4.714980342176699 ] ] } },
{ "type": "Feature", "properties": { "edge_id": "1509635750#1", "fuera_tolerancia": true, "longitud_m": 58.108036105564636 }, "geometry": { "type": "LineString", "coordinates": [ [ -74.040538818395746, 4.687938146800083 ], [ -74.040373663284925, 4.687866189583161 ], [ -74.040420727807913, 4.687731205705962 ], [ -74.040285215640935, 4.687672405087754 ], [ -74.040305387940592, 4.68762268284035 ] ] } },
{ "type": "Feature", "properties": { "edge_id": "29505641#3", "fuera_tolerancia": true, "longitud_m": 58.059016541549497 }, "geometry": { "type": "LineString", "coordinates": [ [ -74.017532386976015, 4.764034683070505 ], [ -74.017473918702493, 4.764000860309141 ], [ -74.017330690884108, 4.763970986832567 ], [ -74.017025742776639, 4.763917545117562 ] ] } },
{ "type": "Feature", "properties": { "edge_id": "691552868", "fuera_tolerancia": true, "longitud_m": 58.005823340294626 }, "geometry": { "type": "LineString", "coordinates": [ [ -74.028722309342299, 4.753138845844568 ], [ -74.028202784854102, 4.753079680178049 ] ] } },
{ "type": "Feature", "properties": { "edge_id": "90071770", "fuera_tolerancia": true, "longitud_m": 57.360086755910359 }, "geometry": { "type": "LineString", "coordinates": [ [ -74.045563568834069, 4.756213946321615 ], [ -74.045568948119993, 4.75623611511131 ], [ -74.045588371714132, 4.756273680616562 ], [ -74.045611048289558, 4.756306094727052 ], [ -74.045643109327827, 4.756333094575786 ], [ -74.045674099990364, 4.756351680678192 ], [ -74.0457132127042, 4.756364941222317 ], [ -74.045755143147915, 4.756361742961863 ], [ -74.045793205781962, 4.756351845711725 ], [ -74.045829117444441, 4.756332538217909 ], [ -74.045860978851451, 4.756308069207698 ], [ -74.045890590654807, 4.756280340719315 ], [ -74.045916150334349, 4.756248807529341 ], [ -74.045941086337976, 4.756211846207654 ], [ -74.04594361788341, 4.756206784265948 ] ] } },
{ "type": "Feature", "properties": { "edge_id": "-29505641#3", "fuera_tolerancia": true, "longitud_m": 56.934009616540301 }, "geometry": { "type": "LineString", "coordinates": [ [ -74.017020743308777, 4.763946030871103 ], [ -74.017325240738003, 4.763999381493048 ], [ -74.017463601011528, 4.764028343479827 ], [ -74.017518015391616, 4.764059718200959 ] ] } },
{ "type": "Feature", "properties": { "edge_id": "77372779#0", "fuera_tolerancia": true, "longitud_m": 56.76867660208854 }, "geometry": { "type": "LineString", "coordinates": [ [ -74.01072649628118, 4.664202583720251 ], [ -74.010774818290955, 4.664330553379248 ], [ -74.010795929624223, 4.664383498556563 ], [ -74.010913882304436, 4.664680262528465 ] ] } },
{ "type": "Feature", "properties": { "edge_id": "-77372779#0", "fuera_tolerancia": true, "longitud_m": 56.705278470431182 }, "geometry": { "type": "LineString", "coordinates": [ [ -74.010938958350607, 4.664670167035018 ], [ -74.010821005659778, 4.66437340306536 ], [ -74.010800074372568, 4.664320639049573 ], [ -74.010751751851842, 4.664193031205669 ] ] } },
{ "type": "Feature", "properties": { "edge_id": "466467191#1", "fuera_tolerancia": true, "longitud_m": 55.088055149474052 }, "geometry": { "type": "LineString", "coordinates": [ [ -74.034025723676933, 4.736440503000356 ], [ -74.034275502405535, 4.736871051932386 ] ] } },
{ "type": "Feature", "properties": { "edge_id": "467649630#0", "fuera_tolerancia": true, "longitud_m": 54.387470483807178 }, "geometry": { "type": "LineString", "coordinates": [ [ -74.046605701156309, 4.754558535426538 ], [ -74.046124993035761, 4.754461988330352 ] ] } },
{ "type": "Feature", "properties": { "edge_id": "978327365", "fuera_tolerancia": true, "longitud_m": 54.200830179909289 }, "geometry": { "type": "LineString", "coordinates": [ [ -74.045002765633342, 4.759409646862991 ], [ -74.045020463542031, 4.759456345893104 ], [ -74.045065487302779, 4.759498560117566 ], [ -74.045110359795288, 4.759519698253116 ], [ -74.045204642527494, 4.759540543116923 ], [ -74.045279311831933, 4.759530696715721 ], [ -74.045344554706077, 4.759491258637251 ], [ -74.045395851860164, 4.759430273057611 ] ] } },
{ "type": "Feature", "properties": { "edge_id": "810567541", "fuera_tolerancia": true, "longitud_m": 51.699828742447679 }, "geometry": { "type": "LineString", "coordinates": [ [ -74.019834913464976, 4.673990988798243 ], [ -74.019824077749519, 4.674003546740904 ], [ -74.019793050740518, 4.674014086451761 ], [ -74.019724516080458, 4.674027739578535 ], [ -74.019631750255613, 4.674027157526544 ], [ -74.019599385798116, 4.674027021790841 ], [ -74.01955177495978, 4.674034553306429 ], [ -74.019520907381406, 4.674060108582271 ], [ -74.019511477003093, 4.674099352399217 ], [ -74.019518780958606, 4.674163042197632 ], [ -74.019523338354617, 4.674192084291498 ] ] } },
{ "type": "Feature", "properties": { "edge_id": "252263231", "fuera_tolerancia": true, "longitud_m": 51.242803311182044 }, "geometry": { "type": "LineString", "coordinates": [ [ -74.040019562031375, 4.791720836303351 ], [ -74.0397530258073, 4.791655968154521 ], [ -74.039571131450586, 4.791609671473856 ] ] } },
{ "type": "Feature", "properties": { "edge_id": "1050702082#0", "fuera_tolerancia": true, "longitud_m": 51.127266982636961 }, "geometry": { "type": "LineString", "coordinates": [ [ -74.047925623318477, 4.684485737791622 ], [ -74.047858683307098, 4.684519386226476 ], [ -74.047797410396527, 4.684562359202598 ], [ -74.047743067844266, 4.68461384434975 ], [ -74.047697009430152, 4.684672758057419 ], [ -74.047660048132741, 4.684737925524132 ], [ -74.047633178096888, 4.684807539012603 ], [ -74.047630389056209, 4.684819950115776 ] ] } },
{ "type": "Feature", "properties": { "edge_id": "-1083171836#0", "fuera_tolerancia": true, "longitud_m": 50.9374556382474 }, "geometry": { "type": "LineString", "coordinates": [ [ -74.009912614478253, 4.713951034349621 ], [ -74.009912317972436, 4.713778358028775 ], [ -74.009918446318679, 4.713716315599621 ], [ -74.009941329371543, 4.713664518297894 ], [ -74.009974828524719, 4.713628565498073 ], [ -74.010007590928623, 4.713603556530714 ], [ -74.010020573004354, 4.713603936840369 ], [ -74.010049061420105, 4.713604791508696 ], [ -74.010079234397125, 4.713625729273224 ] ] } },
{ "type": "Feature", "properties": { "edge_id": "466467188", "fuera_tolerancia": true, "longitud_m": 50.261901300395834 }, "geometry": { "type": "LineString", "coordinates": [ [ -74.035666527677066, 4.736852460069223 ], [ -74.035711555766582, 4.736825115232689 ], [ -74.035740113920525, 4.736776490685021 ], [ -74.035748211265698, 4.736723767165468 ], [ -74.035731970652691, 4.736667120177848 ], [ -74.035699394319423, 4.736622480822835 ], [ -74.035630280295891, 4.736594162729278 ], [ -74.035573394521265, 4.736590103413379 ], [ -74.035532883871511, 4.736610670477262 ] ] } },
{ "type": "Feature", "properties": { "edge_id": "1074061467#1", "fuera_tolerancia": true, "longitud_m": 50.116535492070078 }, "geometry": { "type": "LineString", "coordinates": [ [ -74.042590420845613, 4.683532117039441 ], [ -74.042594999379475, 4.683546324669742 ], [ -74.042243765345049, 4.683806895474609 ] ] } },
{ "type": "Feature", "properties": { "edge_id": "1509635749#2", "fuera_tolerancia": true, "longitud_m": 49.533342016374448 }, "geometry": { "type": "LineString", "coordinates": [ [ -74.040859740713486, 4.688090822333008 ], [ -74.040979849446487, 4.688140194454838 ], [ -74.041024228246826, 4.688057399067561 ], [ -74.041169013899264, 4.688125438654422 ], [ -74.041199651719367, 4.688070122556653 ] ] } },
{ "type": "Feature", "properties": { "edge_id": "-810567540#0", "fuera_tolerancia": true, "longitud_m": 49.291169054269531 }, "geometry": { "type": "LineString", "coordinates": [ [ -74.019551832692258, 4.674187601465713 ], [ -74.019547454844798, 4.674159102346707 ], [ -74.019540683752524, 4.674101202346256 ], [ -74.01954666848745, 4.674076245430983 ], [ -74.019563997670033, 4.674061887500673 ], [ -74.019601509218347, 4.674055970025362 ], [ -74.019631529723966, 4.674056102481814 ], [ -74.019727180418187, 4.674056688570475 ], [ -74.019800404244634, 4.674042137464001 ], [ -74.019840811341254, 4.674028535439515 ], [ -74.019859412701152, 4.674006942963441 ] ] } },
{ "type": "Feature", "properties": { "edge_id": "466467187#2", "fuera_tolerancia": true, "longitud_m": 49.213221299742038 }, "geometry": { "type": "LineString", "coordinates": [ [ -74.035657738614987, 4.736883835426051 ], [ -74.03587277371723, 4.737273088430286 ] ] } },
{ "type": "Feature", "properties": { "edge_id": "1343301646#0", "fuera_tolerancia": true, "longitud_m": 47.921242991948638 }, "geometry": { "type": "LineString", "coordinates": [ [ -74.050096813404792, 4.731872735863531 ], [ -74.049679578185746, 4.73198486962164 ] ] } },
{ "type": "Feature", "properties": { "edge_id": "-1022168376", "fuera_tolerancia": true, "longitud_m": 47.702107667507335 }, "geometry": { "type": "LineString", "coordinates": [ [ -74.019612767074975, 4.674258602621609 ], [ -74.019752800899781, 4.674238898672424 ], [ -74.019865516381728, 4.674220784651874 ], [ -74.020035059461918, 4.674179865239974 ] ] } },
{ "type": "Feature", "properties": { "edge_id": "1022168376", "fuera_tolerancia": true, "longitud_m": 47.388447334828214 }, "geometry": { "type": "LineString", "coordinates": [ [ -74.020028247111412, 4.674151634076973 ], [ -74.019859786114509, 4.674192374094324 ], [ -74.019748513321815, 4.674210309225285 ], [ -74.019608750084828, 4.674229923099444 ] ] } },
{ "type": "Feature", "properties": { "edge_id": "787248180#1", "fuera_tolerancia": true, "longitud_m": 47.135942494839604 }, "geometry": { "type": "LineString", "coordinates": [ [ -74.03825156429383, 4.680176907354118 ], [ -74.038251485377742, 4.680168675892621 ], [ -74.038248070038676, 4.680094950839234 ], [ -74.038398423079556, 4.679847583667557 ], [ -74.038427515277618, 4.67980158233255 ] ] } },
{ "type": "Feature", "properties": { "edge_id": "1444273198#3", "fuera_tolerancia": true, "longitud_m": 47.054377271336385 }, "geometry": { "type": "LineString", "coordinates": [ [ -74.043698388996575, 4.768722373446808 ], [ -74.04371184651005, 4.768640621450412 ], [ -74.043683787708844, 4.768653245998016 ], [ -74.043652849385623, 4.768661705635476 ], [ -74.04361948449268, 4.768664463269228 ], [ -74.043586128234026, 4.768660979563506 ], [ -74.043556926819377, 4.768652255289163 ], [ -74.043530616438872, 4.768639374139275 ], [ -74.043504313818403, 4.768620884830097 ], [ -74.0434808103157, 4.768599504878774 ], [ -74.043466623824216, 4.768686773565225 ] ] } },
{ "type": "Feature", "properties": { "edge_id": "1412111958#1", "fuera_tolerancia": true, "longitud_m": 46.910044327753283 }, "geometry": { "type": "LineString", "coordinates": [ [ -74.044840231247321, 4.683387752602084 ], [ -74.044853612684406, 4.683359277681415 ], [ -74.044531522880291, 4.683203798539005 ], [ -74.044516966243322, 4.683234623665211 ] ] } },
{ "type": "Feature", "properties": { "edge_id": "1444273197#1", "fuera_tolerancia": true, "longitud_m": 46.78974964087341 }, "geometry": { "type": "LineString", "coordinates": [ [ -74.043550882079742, 4.768133491204575 ], [ -74.043561892497323, 4.768060871693159 ], [ -74.043585389982411, 4.768086593439132 ], [ -74.043613487001593, 4.768111507498465 ], [ -74.043642046607587, 4.768127919492267 ], [ -74.043676294231375, 4.768138821687626 ], [ -74.043710107796272, 4.768137602394429 ], [ -74.043742845888502, 4.768131677976361 ], [ -74.043775679274191, 4.768122045060834 ], [ -74.043806628079125, 4.768105987261573 ], [ -74.043793907680126, 4.768176343042999 ] ] } },
{ "type": "Feature", "properties": { "edge_id": "1385347848#3", "fuera_tolerancia": true, "longitud_m": 44.597133058430195 }, "geometry": { "type": "LineString", "coordinates": [ [ -74.044680319859964, 4.762757006922741 ], [ -74.044701774311477, 4.762760383534724 ], [ -74.044661074283695, 4.762982392525765 ], [ -74.044640431303677, 4.762979017038416 ], [ -74.044619156800138, 4.762975912036374 ], [ -74.044638245338135, 4.762864317838702 ] ] } },
{ "type": "Feature", "properties": { "edge_id": "1490580642", "fuera_tolerancia": true, "longitud_m": 44.095348628397403 }, "geometry": { "type": "LineString", "coordinates": [ [ -74.040670949404344, 4.748904862715507 ], [ -74.041057528012047, 4.748997573220731 ] ] } },
{ "type": "Feature", "properties": { "edge_id": "466467189", "fuera_tolerancia": true, "longitud_m": 43.878200512249926 }, "geometry": { "type": "LineString", "coordinates": [ [ -74.035624124392356, 4.736872481771096 ], [ -74.035597784600057, 4.736881761821257 ], [ -74.035557223795863, 4.736938510499138 ], [ -74.035553110291929, 4.736979118704364 ], [ -74.035553099425712, 4.737052024786188 ], [ -74.035585568931708, 4.737108694411375 ], [ -74.035618072033103, 4.737141122352988 ], [ -74.035691271406378, 4.737149184410867 ] ] } },
{ "type": "Feature", "properties": { "edge_id": "1320388512", "fuera_tolerancia": true, "longitud_m": 42.471052208179408 }, "geometry": { "type": "LineString", "coordinates": [ [ -74.02155068887815, 4.674967304933281 ], [ -74.0215156192113, 4.675032563739066 ], [ -74.021531272441962, 4.67505655591127 ], [ -74.021559200808355, 4.675070163017772 ], [ -74.021807357658844, 4.675093756242487 ] ] } },
{ "type": "Feature", "properties": { "edge_id": "1444273197#2", "fuera_tolerancia": true, "longitud_m": 42.111064245883128 }, "geometry": { "type": "LineString", "coordinates": [ [ -74.043785911501899, 4.768220925908882 ], [ -74.043775553897362, 4.768277897733666 ], [ -74.043751151247477, 4.768254707453519 ], [ -74.043722954169297, 4.768236939152127 ], [ -74.043692949041699, 4.768222605598316 ], [ -74.043662846118863, 4.768213789622557 ], [ -74.043629759749805, 4.768210758570653 ], [ -74.043596753161211, 4.768215235339045 ], [ -74.043564554927954, 4.768221974589793 ], [ -74.043535321748479, 4.768236225677588 ], [ -74.043544057780096, 4.768178256604835 ] ] } },
{ "type": "Feature", "properties": { "edge_id": "-88603462#0", "fuera_tolerancia": true, "longitud_m": 42.092155420344817 }, "geometry": { "type": "LineString", "coordinates": [ [ -74.01846352054153, 4.769807500622375 ], [ -74.018380555645805, 4.769436069709772 ] ] } },
{ "type": "Feature", "properties": { "edge_id": "88603462#0", "fuera_tolerancia": true, "longitud_m": 42.092155087940405 }, "geometry": { "type": "LineString", "coordinates": [ [ -74.018352415384015, 4.769442361247942 ], [ -74.018435380263995, 4.769813792160909 ] ] } },
{ "type": "Feature", "properties": { "edge_id": "978326202", "fuera_tolerancia": true, "longitud_m": 41.643640881692527 }, "geometry": { "type": "LineString", "coordinates": [ [ -74.046551616592097, 4.753105942854632 ], [ -74.046533748767402, 4.75305164545745 ], [ -74.04650748696325, 4.753003758713911 ], [ -74.046468679831534, 4.75296508096794 ], [ -74.046420659049645, 4.75293878273341 ], [ -74.046367208723808, 4.752926859242271 ], [ -74.046312384814996, 4.752930311104233 ], [ -74.046276103003635, 4.752956673598358 ] ] } },
{ "type": "Feature", "properties": { "edge_id": "1022168377", "fuera_tolerancia": true, "longitud_m": 41.505283214374998 }, "geometry": { "type": "LineString", "coordinates": [ [ -74.021393591849531, 4.674354711961369 ], [ -74.021309809061847, 4.674247316502094 ], [ -74.021258006021611, 4.674287405716071 ], [ -74.021121278317977, 4.674393317242944 ] ] } },
{ "type": "Feature", "properties": { "edge_id": "741972935#0", "fuera_tolerancia": true, "longitud_m": 41.426138079691071 }, "geometry": { "type": "LineString", "coordinates": [ [ -74.016872848804297, 4.672197118790596 ], [ -74.016883015284009, 4.672211967485255 ], [ -74.016919283933021, 4.672256883475384 ], [ -74.016969069048642, 4.67230634111407 ], [ -74.017001489910612, 4.672330628220529 ], [ -74.0170254452036, 4.672348662136587 ], [ -74.017080929675572, 4.672383926502542 ], [ -74.017154540076717, 4.672415326763682 ], [ -74.017165714234793, 4.672418689225305 ] ] } },
{ "type": "Feature", "properties": { "edge_id": "818942738", "fuera_tolerancia": true, "longitud_m": 41.425730176381322 }, "geometry": { "type": "LineString", "coordinates": [ [ -74.012759273596728, 4.759374011667989 ], [ -74.012999705977151, 4.759270244458375 ], [ -74.013018147786354, 4.759236169913157 ], [ -74.013029070556598, 4.75916373227697 ] ] } },
{ "type": "Feature", "properties": { "edge_id": "-585751509#4", "fuera_tolerancia": true, "longitud_m": 41.303166025799413 }, "geometry": { "type": "LineString", "coordinates": [ [ -74.013765662049394, 4.759888778533734 ], [ -74.014088440578504, 4.759702635283807 ] ] } },
{ "type": "Feature", "properties": { "edge_id": "585751509#4", "fuera_tolerancia": true, "longitud_m": 41.303165857948876 }, "geometry": { "type": "LineString", "coordinates": [ [ -74.01407405030055, 4.759677468572366 ], [ -74.013751271782098, 4.759863611817313 ] ] } },
{ "type": "Feature", "properties": { "edge_id": "-1022261023", "fuera_tolerancia": true, "longitud_m": 41.161604506733873 }, "geometry": { "type": "LineString", "coordinates": [ [ -74.017565461968644, 4.764553391650692 ], [ -74.017595743695921, 4.764372256226935 ], [ -74.017615113435539, 4.764256141394113 ], [ -74.017602860024326, 4.764186384108902 ] ] } },
{ "type": "Feature", "properties": { "edge_id": "1184084031", "fuera_tolerancia": true, "longitud_m": 40.926966802954425 }, "geometry": { "type": "LineString", "coordinates": [ [ -74.042107353988783, 4.757046845603205 ], [ -74.042092316167754, 4.757293674565595 ], [ -74.042067523613682, 4.757291921442243 ], [ -74.042059995304356, 4.757389511195302 ] ] } },
{ "type": "Feature", "properties": { "edge_id": "1013884949", "fuera_tolerancia": true, "longitud_m": 40.917924752138482 }, "geometry": { "type": "LineString", "coordinates": [ [ -74.056969163297452, 4.686660951758939 ], [ -74.056891866348067, 4.687022757497489 ] ] } },
{ "type": "Feature", "properties": { "edge_id": "804350105#0", "fuera_tolerancia": true, "longitud_m": 40.525101578605998 }, "geometry": { "type": "LineString", "coordinates": [ [ -74.056778949613303, 4.687054716581259 ], [ -74.056818695209884, 4.686862463119375 ], [ -74.056853177365042, 4.686695891737385 ] ] } },
{ "type": "Feature", "properties": { "edge_id": "1444273203#3", "fuera_tolerancia": true, "longitud_m": 40.335721576439028 }, "geometry": { "type": "LineString", "coordinates": [ [ -74.044566405083472, 4.763306539986246 ], [ -74.044573954017764, 4.763259242830785 ], [ -74.044547066349466, 4.763272773633243 ], [ -74.044516485693165, 4.763283585672002 ], [ -74.04448347709554, 4.763289690707881 ], [ -74.044445430914891, 4.763287376484975 ], [ -74.044414968770027, 4.76327765553904 ], [ -74.0443859530004, 4.763265222970357 ], [ -74.044358389725787, 4.763245646523079 ], [ -74.044334619594409, 4.763221552627115 ], [ -74.044326615952386, 4.763271653230657 ] ] } },
{ "type": "Feature", "properties": { "edge_id": "1022261023", "fuera_tolerancia": true, "longitud_m": 40.068103573144043 }, "geometry": { "type": "LineString", "coordinates": [ [ -74.017574451292447, 4.764191408923637 ], [ -74.017585900162445, 4.764256280561206 ], [ -74.017567258662012, 4.764367511934809 ], [ -74.017536976928, 4.764548647355833 ] ] } },
{ "type": "Feature", "properties": { "edge_id": "1298861026#1", "fuera_tolerancia": true, "longitud_m": 39.218154187708251 }, "geometry": { "type": "LineString", "coordinates": [ [ -74.053604452380057, 4.686157997268541 ], [ -74.05360918117357, 4.686127701308622 ], [ -74.05331984951421, 4.686079549336972 ], [ -74.053314851584716, 4.686108849925104 ] ] } },
{ "type": "Feature", "properties": { "edge_id": "-741972935#0", "fuera_tolerancia": true, "longitud_m": 39.176653269910886 }, "geometry": { "type": "LineString", "coordinates": [ [ -74.017171701290408, 4.672392104177063 ], [ -74.017163771084469, 4.672389831710722 ], [ -74.017093584436182, 4.672359883514039 ], [ -74.017040802249724, 4.67232625110863 ], [ -74.017017657314639, 4.672308941960611 ], [ -74.016986767520493, 4.672285742448672 ], [ -74.016939323073572, 4.672238639894754 ], [ -74.016904674382772, 4.67219571616285 ], [ -74.016895227856423, 4.672181773016957 ] ] } },
{ "type": "Feature", "properties": { "edge_id": "-1083171836#6", "fuera_tolerancia": true, "longitud_m": 39.108414533030952 }, "geometry": { "type": "LineString", "coordinates": [ [ -74.010092899652733, 4.71594579286966 ], [ -74.010093857073485, 4.715842677144829 ], [ -74.010082510087457, 4.715769936288573 ], [ -74.010077863924394, 4.715740260890135 ], [ -74.010025025715265, 4.715617168704873 ], [ -74.010020534893584, 4.715605131977311 ] ] } },
{ "type": "Feature", "properties": { "edge_id": "1298861026#2", "fuera_tolerancia": true, "longitud_m": 38.922182003191686 }, "geometry": { "type": "LineString", "coordinates": [ [ -74.05331439716106, 4.686111562953823 ], [ -74.053309580635187, 4.686140049694246 ], [ -74.053599813740391, 4.686188293350398 ], [ -74.053604088111925, 4.686160710419741 ] ] } },
{ "type": "Feature", "properties": { "edge_id": "-1082016489", "fuera_tolerancia": true, "longitud_m": 38.738886066619131 }, "geometry": { "type": "LineString", "coordinates": [ [ -74.009956126843491, 4.713974704736856 ], [ -74.010084323507741, 4.713852051411238 ], [ -74.010114321525222, 4.71380551054696 ], [ -74.010128352553068, 4.713765459593456 ], [ -74.010141750304513, 4.713726945448264 ], [ -74.010147838050798, 4.713693576744181 ] ] } },
{ "type": "Feature", "properties": { "edge_id": "812637890#1", "fuera_tolerancia": true, "longitud_m": 38.08921428727291 }, "geometry": { "type": "LineString", "coordinates": [ [ -74.022717758427007, 4.675649238684343 ], [ -74.022587419585975, 4.675568552745197 ], [ -74.022423478526321, 4.675665200229263 ] ] } },
{ "type": "Feature", "properties": { "edge_id": "-818942738", "fuera_tolerancia": true, "longitud_m": 38.075868004983015 }, "geometry": { "type": "LineString", "coordinates": [ [ -74.013000585155595, 4.759159440112858 ], [ -74.012990390773808, 4.759226903846949 ], [ -74.012979181066569, 4.75924760163617 ], [ -74.01274795097703, 4.759347402083391 ] ] } },
{ "type": "Feature", "properties": { "edge_id": "1083171836#6", "fuera_tolerancia": true, "longitud_m": 37.838943786567924 }, "geometry": { "type": "LineString", "coordinates": [ [ -74.0099934735413, 4.715615133755029 ], [ -74.009998143524015, 4.715627984820304 ], [ -74.010049903685072, 4.715748361862655 ], [ -74.010054014027148, 4.715774418353891 ], [ -74.010065003711517, 4.71584480690749 ], [ -74.010064051025452, 4.715944575855442 ] ] } },
{ "type": "Feature", "properties": { "edge_id": "-887191617#2", "fuera_tolerancia": true, "longitud_m": 37.451186622709756 }, "geometry": { "type": "LineString", "coordinates": [ [ -74.008585836796897, 4.718229042493054 ], [ -74.00877887555238, 4.71815749803381 ], [ -74.008869169728925, 4.718061203469386 ] ] } },
{ "type": "Feature", "properties": { "edge_id": "1082016489", "fuera_tolerancia": true, "longitud_m": 37.353778788214072 }, "geometry": { "type": "LineString", "coordinates": [ [ -74.010130081626826, 4.713690385573905 ], [ -74.010124266270608, 4.7137223978618 ], [ -74.010111321351047, 4.713759465394084 ], [ -74.010098104550877, 4.713797527527999 ], [ -74.010070275419267, 4.713840453337709 ], [ -74.009944426036213, 4.713960848665619 ] ] } },
{ "type": "Feature", "properties": { "edge_id": "691552872", "fuera_tolerancia": true, "longitud_m": 37.11035194684753 }, "geometry": { "type": "LineString", "coordinates": [ [ -74.028629612514038, 4.752952560882008 ], [ -74.028645770195595, 4.752617361162171 ] ] } },
{ "type": "Feature", "properties": { "edge_id": "-741972937#0", "fuera_tolerancia": true, "longitud_m": 37.015998175742482 }, "geometry": { "type": "LineString", "coordinates": [ [ -74.01404576802922, 4.666327489852733 ], [ -74.014022044300305, 4.66627291287376 ], [ -74.013985690992484, 4.666224378558161 ], [ -74.013952106995418, 4.66619402934922 ], [ -74.013901486504082, 4.666162208943349 ], [ -74.013854730134284, 4.666139258437545 ], [ -74.013799667263214, 4.666125341639384 ] ] } },
{ "type": "Feature", "properties": { "edge_id": "-887191613", "fuera_tolerancia": true, "longitud_m": 36.524956722638976 }, "geometry": { "type": "LineString", "coordinates": [ [ -74.010057135905043, 4.714460855796063 ], [ -74.010073742841342, 4.714448125502425 ], [ -74.010085305468095, 4.714432222145343 ], [ -74.010131646254507, 4.714368518388942 ], [ -74.010150379544029, 4.714318524242007 ], [ -74.010052938806837, 4.714241318952825 ], [ -74.010022301579312, 4.714229878147524 ] ] } },
{ "type": "Feature", "properties": { "edge_id": "887191617#2", "fuera_tolerancia": true, "longitud_m": 36.501285474532772 }, "geometry": { "type": "LineString", "coordinates": [ [ -74.008856024196163, 4.718048883019306 ], [ -74.008768619676388, 4.71814192538032 ], [ -74.008579549904709, 4.718212028249003 ] ] } },
{ "type": "Feature", "properties": { "edge_id": "314049721", "fuera_tolerancia": true, "longitud_m": 36.128870713543208 }, "geometry": { "type": "LineString", "coordinates": [ [ -74.016233983609141, 4.670421065398312 ], [ -74.016140691139682, 4.670734085792535 ] ] } },
{ "type": "Feature", "properties": { "edge_id": "691552870#1", "fuera_tolerancia": true, "longitud_m": 35.783255256612854 }, "geometry": { "type": "LineString", "coordinates": [ [ -74.027918728352645, 4.752853868272792 ], [ -74.02796182463554, 4.752533179265835 ] ] } },
{ "type": "Feature", "properties": { "edge_id": "-1320388512", "fuera_tolerancia": true, "longitud_m": 35.740846226273248 }, "geometry": { "type": "LineString", "coordinates": [ [ -74.021810102122188, 4.675064995700934 ], [ -74.021567173608389, 4.675041771597356 ], [ -74.021550957000258, 4.675033969904633 ], [ -74.021549157846039, 4.675031163317882 ], [ -74.021576092854332, 4.674980998966813 ] ] } },
{ "type": "Feature", "properties": { "edge_id": "1073089365#0", "fuera_tolerancia": true, "longitud_m": 35.697382344820014 }, "geometry": { "type": "LineString", "coordinates": [ [ -74.04331981363103, 4.682369960131364 ], [ -74.043289255145325, 4.68243359834308 ], [ -74.043237811524619, 4.682541078443437 ], [ -74.043195680766246, 4.682628671274569 ], [ -74.043180310865679, 4.682660852069709 ] ] } },
{ "type": "Feature", "properties": { "edge_id": "1525638622", "fuera_tolerancia": true, "longitud_m": 35.675128717674419 }, "geometry": { "type": "LineString", "coordinates": [ [ -74.046510232284305, 4.752646376932869 ], [ -74.046510226689435, 4.752650447375939 ], [ -74.046506324197139, 4.752668985141951 ], [ -74.046499810834746, 4.752684715207603 ], [ -74.046490143884213, 4.752698903184442 ], [ -74.046487886579015, 4.752701251877569 ], [ -74.046477502303517, 4.752712544318973 ], [ -74.046463783616687, 4.752722656239013 ], [ -74.046448085573189, 4.752729689968558 ], [ -74.046431309802259, 4.752733646754941 ], [ -74.046414627302738, 4.752735342308439 ], [ -74.04639524489005, 4.752733415947546 ], [ -74.046381185446194, 4.752729054680731 ], [ -74.046365778781777, 4.75272089246234 ], [ -74.046352177241047, 4.752711375924477 ], [ -74.046341464768346, 4.752699059295741 ], [ -74.046331205970645, 4.752684662842127 ], [ -74.04632518420749, 4.752670724523455 ], [ -74.046321062082939, 4.752652266110409 ], [ -74.046319812113666, 4.752643309389556 ], [ -74.046320365650814, 4.75263417425527 ], [ -74.046321095161332, 4.752628205270481 ], [ -74.046337063816011, 4.752621081463587 ] ] } },
{ "type": "Feature", "properties": { "edge_id": "-1022168377", "fuera_tolerancia": true, "longitud_m": 35.140578534754511 }, "geometry": { "type": "LineString", "coordinates": [ [ -74.021138916376998, 4.674416226743687 ], [ -74.021275643958361, 4.674310405667633 ], [ -74.02130470431814, 4.674287832761122 ], [ -74.021370848663892, 4.67437259008713 ] ] } },
{ "type": "Feature", "properties": { "edge_id": "-1313831520#3", "fuera_tolerancia": true, "longitud_m": 34.869854324745241 }, "geometry": { "type": "LineString", "coordinates": [ [ -74.04329158785545, 4.682707317018123 ], [ -74.043301621841849, 4.682687521195312 ], [ -74.04334889922383, 4.682594146303519 ], [ -74.043399521251345, 4.682494172797194 ], [ -74.043433962241522, 4.682426198069965 ] ] } },
{ "type": "Feature", "properties": { "edge_id": "1313831520#0", "fuera_tolerancia": true, "longitud_m": 34.869854167573493 }, "geometry": { "type": "LineString", "coordinates": [ [ -74.043417925932687, 4.68241803522897 ], [ -74.043383484941671, 4.682486009955189 ], [ -74.043332862912933, 4.682585983460028 ], [ -74.04328558552983, 4.682679358350437 ], [ -74.043275551543189, 4.682699154172954 ] ] } },
{ "type": "Feature", "properties": { "edge_id": "-1022248716", "fuera_tolerancia": true, "longitud_m": 34.586532661070812 }, "geometry": { "type": "LineString", "coordinates": [ [ -74.018759111804769, 4.764510683515023 ], [ -74.018637019772825, 4.764517836003583 ], [ -74.018566842784537, 4.764538630633698 ], [ -74.018520298817208, 4.764552313152192 ], [ -74.018461913765066, 4.76458687356462 ] ] } },
{ "type": "Feature", "properties": { "edge_id": "1550732220", "fuera_tolerancia": true, "longitud_m": 34.392800055802141 }, "geometry": { "type": "LineString", "coordinates": [ [ -74.041621556137102, 4.681529845663057 ], [ -74.04154411732452, 4.681593690916575 ], [ -74.041506780356016, 4.681669712007094 ], [ -74.041499189516244, 4.681749120667162 ], [ -74.041516892163656, 4.681791477632808 ] ] } },
{ "type": "Feature", "properties": { "edge_id": "691552873", "fuera_tolerancia": true, "longitud_m": 34.373485210809314 }, "geometry": { "type": "LineString", "coordinates": [ [ -74.02847970098243, 4.752931906972472 ], [ -74.028504298529995, 4.752622046283598 ] ] } },
{ "type": "Feature", "properties": { "edge_id": "691552877#1", "fuera_tolerancia": true, "longitud_m": 34.264279786481062 }, "geometry": { "type": "LineString", "coordinates": [ [ -74.028068279176523, 4.752874521788925 ], [ -74.028100808780351, 4.752566390961906 ] ] } },
{ "type": "Feature", "properties": { "edge_id": "-600452304", "fuera_tolerancia": true, "longitud_m": 34.237768074869557 }, "geometry": { "type": "LineString", "coordinates": [ [ -74.022438048594324, 4.675690185872712 ], [ -74.02258701208693, 4.675602381981857 ], [ -74.022702668889153, 4.675673821127212 ] ] } },
{ "type": "Feature", "properties": { "edge_id": "741972937#0", "fuera_tolerancia": true, "longitud_m": 34.15871159283958 }, "geometry": { "type": "LineString", "coordinates": [ [ -74.013793049512032, 4.666151654400285 ], [ -74.013845318591137, 4.666164934097366 ], [ -74.013888291401983, 4.666185889304432 ], [ -74.013935669238961, 4.666215715171936 ], [ -74.0139656517443, 4.66624280298473 ], [ -74.013998585880515, 4.666286628899412 ], [ -74.014020602041711, 4.666337404419723 ] ] } },
{ "type": "Feature", "properties": { "edge_id": "466467186#1", "fuera_tolerancia": true, "longitud_m": 34.08212104909299 }, "geometry": { "type": "LineString", "coordinates": [ [ -74.035138441257757, 4.736538118704295 ], [ -74.034853284384837, 4.736652778530726 ] ] } },
{ "type": "Feature", "properties": { "edge_id": "466467186#2", "fuera_tolerancia": true, "longitud_m": 33.911366264052738 }, "geometry": { "type": "LineString", "coordinates": [ [ -74.034808899952182, 4.736671078785685 ], [ -74.034527073286597, 4.73678981354163 ] ] } },
{ "type": "Feature", "properties": { "edge_id": "691552875#2", "fuera_tolerancia": true, "longitud_m": 33.785208749520343 }, "geometry": { "type": "LineString", "coordinates": [ [ -74.028205660114168, 4.752893710850747 ], [ -74.028236290421816, 4.752589738210458 ] ] } },
{ "type": "Feature", "properties": { "edge_id": "691552874", "fuera_tolerancia": true, "longitud_m": 33.607269537503875 }, "geometry": { "type": "LineString", "coordinates": [ [ -74.02834277032413, 4.752913080412993 ], [ -74.028379979137114, 4.752611468832103 ] ] } },
{ "type": "Feature", "properties": { "edge_id": "1022248716", "fuera_tolerancia": true, "longitud_m": 33.064606974397023 }, "geometry": { "type": "LineString", "coordinates": [ [ -74.018476575162794, 4.764611769260615 ], [ -74.018531801793088, 4.764579103865966 ], [ -74.018574918258821, 4.764566320991253 ], [ -74.01864202814491, 4.764546607427272 ], [ -74.018760874032409, 4.764539631213347 ] ] } },
{ "type": "Feature", "properties": { "edge_id": "-585751511#1", "fuera_tolerancia": true, "longitud_m": 32.873098361123461 }, "geometry": { "type": "LineString", "coordinates": [ [ -74.012690772288479, 4.759231629976309 ], [ -74.012970866731166, 4.759134613222352 ] ] } },
{ "type": "Feature", "properties": { "edge_id": "847233026#0", "fuera_tolerancia": true, "longitud_m": 32.86682874657297 }, "geometry": { "type": "LineString", "coordinates": [ [ -74.009901188016499, 4.714953334249849 ], [ -74.009900103314479, 4.714955322682735 ], [ -74.009866448089625, 4.715037768382851 ], [ -74.00983496418155, 4.715114880413116 ], [ -74.009804413197315, 4.715233511963889 ] ] } },
{ "type": "Feature", "properties": { "edge_id": "585751511#1", "fuera_tolerancia": true, "longitud_m": 32.86364825502897 }, "geometry": { "type": "LineString", "coordinates": [ [ -74.01296143855518, 4.75910728272842 ], [ -74.012681434286662, 4.759204299609976 ] ] } },
{ "type": "Feature", "properties": { "edge_id": "1188665331", "fuera_tolerancia": true, "longitud_m": 32.827920686618882 }, "geometry": { "type": "LineString", "coordinates": [ [ -74.038034944843417, 4.780630266848306 ], [ -74.037818526993604, 4.78077260921143 ], [ -74.037798012361151, 4.780741554626666 ] ] } },
{ "type": "Feature", "properties": { "edge_id": "661074323#0", "fuera_tolerancia": true, "longitud_m": 32.536996530186016 }, "geometry": { "type": "LineString", "coordinates": [ [ -74.051913985418281, 4.685672768173222 ], [ -74.051903429640547, 4.685745389037617 ], [ -74.051892420040005, 4.685820270654973 ], [ -74.051877497229455, 4.685922283394603 ], [ -74.051871400814377, 4.685963884319354 ] ] } },
{ "type": "Feature", "properties": { "edge_id": "-1328854478#4", "fuera_tolerancia": true, "longitud_m": 32.135041870385393 }, "geometry": { "type": "LineString", "coordinates": [ [ -74.052075505294809, 4.685700304575902 ], [ -74.052064057127581, 4.685766140127529 ], [ -74.052049976077626, 4.685845630778775 ], [ -74.052031716720919, 4.685948272184382 ], [ -74.052024903709707, 4.6859864348589 ] ] } },
{ "type": "Feature", "properties": { "edge_id": "1328854478#1", "fuera_tolerancia": true, "longitud_m": 32.075899614602328 }, "geometry": { "type": "LineString", "coordinates": [ [ -74.052042750875884, 4.685988991798298 ], [ -74.052049382846164, 4.685951371606532 ], [ -74.052067642200569, 4.685848730199964 ], [ -74.052081723248733, 4.685769239547978 ], [ -74.052093351723272, 4.685703404240257 ] ] } },
{ "type": "Feature", "properties": { "edge_id": "-847233026#0", "fuera_tolerancia": true, "longitud_m": 32.034213877324696 }, "geometry": { "type": "LineString", "coordinates": [ [ -74.009832351640014, 4.715240788075258 ], [ -74.00986235911634, 4.715123964819319 ], [ -74.009893119204378, 4.715048660827314 ], [ -74.009926321720897, 4.71496757128395 ] ] } },
{ "type": "Feature", "properties": { "edge_id": "1022168862", "fuera_tolerancia": true, "longitud_m": 31.902996078833162 }, "geometry": { "type": "LineString", "coordinates": [ [ -74.010708709801136, 4.664865855882385 ], [ -74.010729746937955, 4.664907403788434 ], [ -74.010752624437103, 4.664922270436326 ], [ -74.010777506140073, 4.6649222150416 ], [ -74.01095312766131, 4.664852270371151 ] ] } },
{ "type": "Feature", "properties": { "edge_id": "887191613", "fuera_tolerancia": true, "longitud_m": 31.861571107272024 }, "geometry": { "type": "LineString", "coordinates": [ [ -74.010015966521834, 4.714246874395739 ], [ -74.010044080891873, 4.714257226163726 ], [ -74.010128913738782, 4.714324463596486 ], [ -74.010115610606363, 4.714359811997347 ], [ -74.010070715019737, 4.714421618286295 ], [ -74.010060778419373, 4.714435262620223 ], [ -74.010046157113294, 4.714446458031848 ] ] } },
{ "type": "Feature", "properties": { "edge_id": "-1083171836#4", "fuera_tolerancia": true, "longitud_m": 31.400989183927351 }, "geometry": { "type": "LineString", "coordinates": [ [ -74.01000546370804, 4.714787862342019 ], [ -74.010007852610016, 4.714756206990614 ], [ -74.010013047519323, 4.714716686175588 ], [ -74.010019428170125, 4.714667488516085 ], [ -74.010022080360216, 4.714577219614139 ], [ -74.010019027304466, 4.714504852392784 ] ] } },
{ "type": "Feature", "properties": { "edge_id": "-887191622#0", "fuera_tolerancia": true, "longitud_m": 31.053349503350777 }, "geometry": { "type": "LineString", "coordinates": [ [ -74.010275287419944, 4.710976170294853 ], [ -74.01015785414809, 4.710947238871507 ], [ -74.010139107092854, 4.710943322676671 ], [ -74.010002199390058, 4.710914815771415 ] ] } },
{ "type": "Feature", "properties": { "edge_id": "1083171836#4", "fuera_tolerancia": true, "longitud_m": 31.019141790625646 }, "geometry": { "type": "LineString", "coordinates": [ [ -74.009990265436471, 4.714506077758427 ], [ -74.00999322986884, 4.714577359409942 ], [ -74.00999058126061, 4.714665095615652 ], [ -74.009984382842759, 4.714712936730357 ], [ -74.009979186779418, 4.714753271625479 ], [ -74.009976706694687, 4.714785650475266 ] ] } },
{ "type": "Feature", "properties": { "edge_id": "887191622#0", "fuera_tolerancia": true, "longitud_m": 30.980541794646911 }, "geometry": { "type": "LineString", "coordinates": [ [ -74.009998568050847, 4.710932539505815 ], [ -74.010135385600165, 4.710961046284114 ], [ -74.010153772157665, 4.710964871512309 ], [ -74.010271025246851, 4.710993712226816 ] ] } },
{ "type": "Feature", "properties": { "edge_id": "1499346735", "fuera_tolerancia": true, "longitud_m": 30.378070000719482 }, "geometry": { "type": "LineString", "coordinates": [ [ -74.041579681463716, 4.751592800771672 ], [ -74.0418300903915, 4.751703955428815 ] ] } },
{ "type": "Feature", "properties": { "edge_id": "691552870#0", "fuera_tolerancia": true, "longitud_m": 30.060892445444473 }, "geometry": { "type": "LineString", "coordinates": [ [ -74.027906561909617, 4.753171615914101 ], [ -74.027914967171881, 4.752899904039567 ] ] } },
{ "type": "Feature", "properties": { "edge_id": "1490580641#0", "fuera_tolerancia": true, "longitud_m": 30.048767528868233 }, "geometry": { "type": "LineString", "coordinates": [ [ -74.040192620469213, 4.748004267384021 ], [ -74.040187810868716, 4.748026693361309 ], [ -74.04042891456362, 4.748084919514335 ] ] } },
{ "type": "Feature", "properties": { "edge_id": "407052667", "fuera_tolerancia": true, "longitud_m": 29.992889401033537 }, "geometry": { "type": "LineString", "coordinates": [ [ -74.029501511112883, 4.751258319146719 ], [ -74.029313705193786, 4.751063216804762 ] ] } },
{ "type": "Feature", "properties": { "edge_id": "1139098583", "fuera_tolerancia": true, "longitud_m": 29.703897131614809 }, "geometry": { "type": "LineString", "coordinates": [ [ -74.035870550351788, 4.771555761810021 ], [ -74.035615587373357, 4.77147372362439 ] ] } },
{ "type": "Feature", "properties": { "edge_id": "847233026#1", "fuera_tolerancia": true, "longitud_m": 29.138379278262207 }, "geometry": { "type": "LineString", "coordinates": [ [ -74.009791521994501, 4.715296268372693 ], [ -74.009784351394089, 4.715393948017534 ], [ -74.009864115650885, 4.715538877905455 ] ] } },
{ "type": "Feature", "properties": { "edge_id": "-847233026#1", "fuera_tolerancia": true, "longitud_m": 28.140873079741496 }, "geometry": { "type": "LineString", "coordinates": [ [ -74.009893336288101, 4.715532045085836 ], [ -74.009813751826812, 4.715387477270761 ], [ -74.009820279154383, 4.715298389797987 ] ] } },
{ "type": "Feature", "properties": { "edge_id": "1139098581#1", "fuera_tolerancia": true, "longitud_m": 28.112356837460517 }, "geometry": { "type": "LineString", "coordinates": [ [ -74.036159583262901, 4.771711477418683 ], [ -74.036160216816128, 4.771709759679478 ], [ -74.036125693611908, 4.771637890620187 ], [ -74.035961846681317, 4.771585197157571 ] ] } },
{ "type": "Feature", "properties": { "edge_id": "691552877#0", "fuera_tolerancia": true, "longitud_m": 27.797536563545396 }, "geometry": { "type": "LineString", "coordinates": [ [ -74.028038021069875, 4.753170173161024 ], [ -74.028063526852023, 4.752920103890845 ] ] } },
{ "type": "Feature", "properties": { "edge_id": "1444273203#2", "fuera_tolerancia": true, "longitud_m": 27.445272602741536 }, "geometry": { "type": "LineString", "coordinates": [ [ -74.044361855542391, 4.763347593424478 ], [ -74.044366182676043, 4.763348142163808 ], [ -74.044364179454959, 4.763362340717618 ], [ -74.044553308055072, 4.763388654371013 ], [ -74.044559310589847, 4.763351214595585 ] ] } },
{ "type": "Feature", "properties": { "edge_id": "-1022168864", "fuera_tolerancia": true, "longitud_m": 27.120449330344336 }, "geometry": { "type": "LineString", "coordinates": [ [ -74.010400338660048, 4.664519073983021 ], [ -74.010494759748454, 4.664430924218753 ], [ -74.010540345421362, 4.664388384753542 ], [ -74.010552408248003, 4.664336390858172 ] ] } },
{ "type": "Feature", "properties": { "edge_id": "-1022168862", "fuera_tolerancia": true, "longitud_m": 27.064397763405175 }, "geometry": { "type": "LineString", "coordinates": [ [ -74.010942437328325, 4.664825390550948 ], [ -74.010771957311817, 4.664893262028542 ], [ -74.010761139108979, 4.664893337239245 ], [ -74.01075195209981, 4.664887354348093 ], [ -74.010734421214693, 4.664852685866697 ] ] } },
{ "type": "Feature", "properties": { "edge_id": "691552871#1", "fuera_tolerancia": true, "longitud_m": 26.376929386782621 }, "geometry": { "type": "LineString", "coordinates": [ [ -74.028747222179689, 4.753118890622875 ], [ -74.028760562713202, 4.752992635648252 ], [ -74.028650223109963, 4.752978731134708 ] ] } },
{ "type": "Feature", "properties": { "edge_id": "466467187#1", "fuera_tolerancia": true, "longitud_m": 25.549490437385224 }, "geometry": { "type": "LineString", "coordinates": [ [ -74.035523555099232, 4.736641140537126 ], [ -74.03563525474749, 4.736843190127085 ] ] } },
{ "type": "Feature", "properties": { "edge_id": "-1022248715", "fuera_tolerancia": true, "longitud_m": 25.33557671494157 }, "geometry": { "type": "LineString", "coordinates": [ [ -74.017845701094359, 4.764609963772218 ], [ -74.017817441856295, 4.76438261332277 ] ] } },
{ "type": "Feature", "properties": { "edge_id": "1022248715", "fuera_tolerancia": true, "longitud_m": 25.335576511118596 }, "geometry": { "type": "LineString", "coordinates": [ [ -74.017788764679111, 4.764386190502763 ], [ -74.017817023907412, 4.764613540951449 ] ] } },
{ "type": "Feature", "properties": { "edge_id": "1490580637#1", "fuera_tolerancia": true, "longitud_m": 25.252852857169621 }, "geometry": { "type": "LineString", "coordinates": [ [ -74.040440241936224, 4.74850030148238 ], [ -74.040347622984584, 4.748516363963737 ], [ -74.040218649153275, 4.748481269166416 ] ] } },
{ "type": "Feature", "properties": { "edge_id": "982149445", "fuera_tolerancia": true, "longitud_m": 25.014412348095529 }, "geometry": { "type": "LineString", "coordinates": [ [ -74.036263649045935, 4.769890419714041 ], [ -74.036269644733878, 4.769664292752369 ] ] } },
{ "type": "Feature", "properties": { "edge_id": "1074554509#0", "fuera_tolerancia": true, "longitud_m": 24.859773235044507 }, "geometry": { "type": "LineString", "coordinates": [ [ -74.052118781247501, 4.686000153007951 ], [ -74.052125366095751, 4.685964047868287 ], [ -74.052144257252266, 4.68586086458571 ], [ -74.052159152850336, 4.68577902321083 ] ] } },
{ "type": "Feature", "properties": { "edge_id": "1022168864", "fuera_tolerancia": true, "longitud_m": 24.675564363649599 }, "geometry": { "type": "LineString", "coordinates": [ [ -74.010523292783105, 4.664334088486157 ], [ -74.01051422302929, 4.664373151715441 ], [ -74.010475136554206, 4.664409730392173 ], [ -74.010380715467306, 4.664497880153934 ] ] } },
{ "type": "Feature", "properties": { "edge_id": "1074554503#0", "fuera_tolerancia": true, "longitud_m": 24.571791958343908 }, "geometry": { "type": "LineString", "coordinates": [ [ -74.051990052788895, 4.685756813374158 ], [ -74.051977056752946, 4.685833953669793 ], [ -74.051959970003566, 4.685936144388068 ], [ -74.051953290026688, 4.685975935427491 ] ] } },
{ "type": "Feature", "properties": { "edge_id": "1022168856", "fuera_tolerancia": true, "longitud_m": 24.568672209223461 }, "geometry": { "type": "LineString", "coordinates": [ [ -74.011532413455853, 4.666029165886336 ], [ -74.011465623155374, 4.66608533405674 ], [ -74.011455934753712, 4.666115531963885 ], [ -74.011461841176356, 4.666146656372126 ], [ -74.011505575891846, 4.66620288974559 ] ] } },
{ "type": "Feature", "properties": { "edge_id": "961101735#0", "fuera_tolerancia": true, "longitud_m": 24.005045531924839 }, "geometry": { "type": "LineString", "coordinates": [ [ -74.043372879657795, 4.682727237755402 ], [ -74.043419169030074, 4.682631147869519 ], [ -74.043468346871776, 4.682532438745589 ] ] } },
{ "type": "Feature", "properties": { "edge_id": "179224656", "fuera_tolerancia": true, "longitud_m": 23.992304971027572 }, "geometry": { "type": "LineString", "coordinates": [ [ -74.051031003783791, 4.723165134503089 ], [ -74.051033070312997, 4.723170383700881 ], [ -74.051071363008617, 4.723188798394095 ], [ -74.051113921100921, 4.723186685714717 ], [ -74.051150105186295, 4.723164483377591 ], [ -74.051171162320131, 4.723127697141878 ], [ -74.051185639920917, 4.72308936417414 ] ] } },
{ "type": "Feature", "properties": { "edge_id": "-1022168861", "fuera_tolerancia": true, "longitud_m": 23.654104271603099 }, "geometry": { "type": "LineString", "coordinates": [ [ -74.008705221550855, 4.664528260864794 ], [ -74.008758480612059, 4.664735384528608 ] ] } },
{ "type": "Feature", "properties": { "edge_id": "1499342048", "fuera_tolerancia": true, "longitud_m": 23.297527832823587 }, "geometry": { "type": "LineString", "coordinates": [ [ -74.033714786097377, 4.755930946393241 ], [ -74.03372761189145, 4.755720658561118 ] ] } },
{ "type": "Feature", "properties": { "edge_id": "1073089362#0", "fuera_tolerancia": true, "longitud_m": 22.929533237822824 }, "geometry": { "type": "LineString", "coordinates": [ [ -74.043589644974972, 4.682502211881136 ], [ -74.043549604752243, 4.682577324872073 ], [ -74.043499893980723, 4.682670153728044 ], [ -74.043492030449002, 4.682684977522281 ] ] } },
{ "type": "Feature", "properties": { "edge_id": "1499342050", "fuera_tolerancia": true, "longitud_m": 22.572456809998471 }, "geometry": { "type": "LineString", "coordinates": [ [ -74.033270769396907, 4.755904543902611 ], [ -74.033284127091619, 4.755700860002146 ] ] } },
{ "type": "Feature", "properties": { "edge_id": "179224657", "fuera_tolerancia": true, "longitud_m": 22.464691360770825 }, "geometry": { "type": "LineString", "coordinates": [ [ -74.05113741253345, 4.723415206321418 ], [ -74.051133500737606, 4.723374586827888 ], [ -74.051118674143126, 4.723338022859224 ], [ -74.051088866610655, 4.723312112041053 ], [ -74.051050471943881, 4.723302380854773 ], [ -74.051011871873044, 4.723311102134923 ], [ -74.051009523552366, 4.723314174379582 ] ] } },
{ "type": "Feature", "properties": { "edge_id": "1444273199", "fuera_tolerancia": true, "longitud_m": 22.26947002766358 }, "geometry": { "type": "LineString", "coordinates": [ [ -74.04376764431602, 4.768194668721351 ], [ -74.043569960863735, 4.768159659071479 ] ] } },
{ "type": "Feature", "properties": { "edge_id": "1022168861", "fuera_tolerancia": true, "longitud_m": 22.074799945412913 }, "geometry": { "type": "LineString", "coordinates": [ [ -74.008783478574799, 4.664716695909298 ], [ -74.008733715969029, 4.66452341659522 ] ] } },
{ "type": "Feature", "properties": { "edge_id": "-887191617#0", "fuera_tolerancia": true, "longitud_m": 21.731140694195648 }, "geometry": { "type": "LineString", "coordinates": [ [ -74.009890523096374, 4.716181588246646 ], [ -74.010052691963367, 4.716071375592477 ] ] } },
{ "type": "Feature", "properties": { "edge_id": "887191617#0", "fuera_tolerancia": true, "longitud_m": 21.725520716818309 }, "geometry": { "type": "LineString", "coordinates": [ [ -74.010042615493674, 4.716056436388194 ], [ -74.009880446757649, 4.716166558587051 ] ] } },
{ "type": "Feature", "properties": { "edge_id": "-1022168863#1", "fuera_tolerancia": true, "longitud_m": 21.691697458337302 }, "geometry": { "type": "LineString", "coordinates": [ [ -74.010475730074845, 4.664822923849365 ], [ -74.01058001471587, 4.664837091149349 ], [ -74.010670258529458, 4.664835047431529 ] ] } },
{ "type": "Feature", "properties": { "edge_id": "214482735#0", "fuera_tolerancia": true, "longitud_m": 21.45387608881731 }, "geometry": { "type": "LineString", "coordinates": [ [ -74.011352117217854, 4.687368663042093 ], [ -74.011343821094385, 4.687562493566799 ] ] } },
{ "type": "Feature", "properties": { "edge_id": "1490580640#0", "fuera_tolerancia": true, "longitud_m": 21.385114428375257 }, "geometry": { "type": "LineString", "coordinates": [ [ -74.040489740501229, 4.748304989011971 ], [ -74.040481719568135, 4.748302445134887 ], [ -74.040462318343259, 4.748118524526283 ] ] } },
{ "type": "Feature", "properties": { "edge_id": "1490580640#1", "fuera_tolerancia": true, "longitud_m": 21.258159155636491 }, "geometry": { "type": "LineString", "coordinates": [ [ -74.040447067153792, 4.748063235727017 ], [ -74.040419476254286, 4.747998884333136 ], [ -74.040425956226997, 4.74787687047494 ] ] } },
{ "type": "Feature", "properties": { "edge_id": "1022168863#1", "fuera_tolerancia": true, "longitud_m": 21.191124032746202 }, "geometry": { "type": "LineString", "coordinates": [ [ -74.01066957783928, 4.664806101278479 ], [ -74.010581677945524, 4.664808148300179 ], [ -74.010479556670063, 4.664794164957822 ] ] } },
{ "type": "Feature", "properties": { "edge_id": "39763220", "fuera_tolerancia": true, "longitud_m": 20.950884097983597 }, "geometry": { "type": "LineString", "coordinates": [ [ -74.043668860100823, 4.710915082967641 ], [ -74.043741558670476, 4.711089941043306 ] ] } },
{ "type": "Feature", "properties": { "edge_id": "1139098582", "fuera_tolerancia": true, "longitud_m": 20.696877287358266 }, "geometry": { "type": "LineString", "coordinates": [ [ -74.036322270590063, 4.771755214254654 ], [ -74.036327887574018, 4.771736045860443 ], [ -74.036234425597669, 4.771707783418141 ], [ -74.0361764943016, 4.771740175124588 ], [ -74.036173880523009, 4.771739447821775 ] ] } },
{ "type": "Feature", "properties": { "edge_id": "1444273198#2", "fuera_tolerancia": true, "longitud_m": 20.365088829210219 }, "geometry": { "type": "LineString", "coordinates": [ [ -74.043516328648877, 4.768734693123242 ], [ -74.043531563389934, 4.768736975694617 ], [ -74.04369220335451, 4.76876171247679 ], [ -74.043693022596344, 4.768756105447744 ] ] } },
{ "type": "Feature", "properties": { "edge_id": "1083171836#1", "fuera_tolerancia": true, "longitud_m": 20.328953812145343 }, "geometry": { "type": "LineString", "coordinates": [ [ -74.009884460820288, 4.714032131099012 ], [ -74.009888638530228, 4.714137967748068 ], [ -74.009910260449857, 4.714212803675478 ] ] } },
{ "type": "Feature", "properties": { "edge_id": "466467186#0", "fuera_tolerancia": true, "longitud_m": 20.297399689078542 }, "geometry": { "type": "LineString", "coordinates": [ [ -74.035348548674591, 4.736449223964685 ], [ -74.035180119357321, 4.736520900099379 ] ] } },
{ "type": "Feature", "properties": { "edge_id": "-212860741#2", "fuera_tolerancia": true, "longitud_m": 20.295995861274214 }, "geometry": { "type": "LineString", "coordinates": [ [ -74.010203842578193, 4.713617856407831 ], [ -74.010212058244917, 4.713609817740205 ], [ -74.010260744949534, 4.713544760497405 ], [ -74.010314941834949, 4.713472203448105 ] ] } },
{ "type": "Feature", "properties": { "edge_id": "212860741#2", "fuera_tolerancia": true, "longitud_m": 19.804319432293024 }, "geometry": { "type": "LineString", "coordinates": [ [ -74.010291886254009, 4.713454803520858 ], [ -74.01023759921145, 4.713527360439762 ], [ -74.010190267419546, 4.713590610538832 ], [ -74.010183676752433, 4.713597113809783 ] ] } },
{ "type": "Feature", "properties": { "edge_id": "1184084032", "fuera_tolerancia": true, "longitud_m": 19.731493257202388 }, "geometry": { "type": "LineString", "coordinates": [ [ -74.042112383108773, 4.756996107716404 ], [ -74.042126063350182, 4.756818203065422 ] ] } },
{ "type": "Feature", "properties": { "edge_id": "1022168863#0", "fuera_tolerancia": true, "longitud_m": 19.624544125202398 }, "geometry": { "type": "LineString", "coordinates": [ [ -74.010897963773886, 4.6647174165892 ], [ -74.010736043155219, 4.664788827816858 ] ] } },
{ "type": "Feature", "properties": { "edge_id": "-1022168863#0", "fuera_tolerancia": true, "longitud_m": 19.615393288372278 }, "geometry": { "type": "LineString", "coordinates": [ [ -74.010747725642688, 4.66481534722149 ], [ -74.010909556116758, 4.664743935865229 ] ] } },
{ "type": "Feature", "properties": { "edge_id": "-1083171836#1", "fuera_tolerancia": true, "longitud_m": 19.553069584781447 }, "geometry": { "type": "LineString", "coordinates": [ [ -74.00993795015367, 4.71420470231021 ], [ -74.009917315091215, 4.714133305025626 ], [ -74.009913222667876, 4.71403090573366 ] ] } },
{ "type": "Feature", "properties": { "edge_id": "-1022168856", "fuera_tolerancia": true, "longitud_m": 19.533674935328769 }, "geometry": { "type": "LineString", "coordinates": [ [ -74.01152831895341, 4.666185011932917 ], [ -74.011488903630166, 4.666134392776438 ], [ -74.011485681990393, 4.666117382934266 ], [ -74.011490481241935, 4.666102193463348 ], [ -74.011550953521279, 4.666051353164579 ] ] } },
{ "type": "Feature", "properties": { "edge_id": "466467186#3", "fuera_tolerancia": true, "longitud_m": 19.069356571483819 }, "geometry": { "type": "LineString", "coordinates": [ [ -74.034482688212734, 4.73680856604209 ], [ -74.0343244529179, 4.73687591436441 ] ] } },
{ "type": "Feature", "properties": { "edge_id": "1385347840#0", "fuera_tolerancia": true, "longitud_m": 18.942690051638071 }, "geometry": { "type": "LineString", "coordinates": [ [ -74.044540411563275, 4.76332549929331 ], [ -74.044371386855232, 4.763301203572695 ] ] } },
{ "type": "Feature", "properties": { "edge_id": "-887081842", "fuera_tolerancia": true, "longitud_m": 18.915096840972147 }, "geometry": { "type": "LineString", "coordinates": [ [ -74.013172567027951, 4.699515553814576 ], [ -74.013211519085488, 4.699576122500531 ], [ -74.013271812984314, 4.699654450330117 ] ] } },
{ "type": "Feature", "properties": { "edge_id": "887081842", "fuera_tolerancia": true, "longitud_m": 18.74247404415091 }, "geometry": { "type": "LineString", "coordinates": [ [ -74.013286073146816, 4.699643344713004 ], [ -74.013226319287099, 4.69956565082511 ], [ -74.013187726958421, 4.699505715825146 ] ] } },
{ "type": "Feature", "properties": { "edge_id": "1313831512", "fuera_tolerancia": true, "longitud_m": 18.160930133871609 }, "geometry": { "type": "LineString", "coordinates": [ [ -74.040688905969418, 4.681139794019641 ], [ -74.040644885673231, 4.681158367286663 ], [ -74.040613746116406, 4.681185189571373 ], [ -74.04059511966156, 4.681225416277243 ], [ -74.040592373286287, 4.681256076582625 ] ] } },
{ "type": "Feature", "properties": { "edge_id": "741972937#3", "fuera_tolerancia": true, "longitud_m": 18.001890912231559 }, "geometry": { "type": "LineString", "coordinates": [ [ -74.012635413348647, 4.667769059058022 ], [ -74.012631695913839, 4.667784250061247 ], [ -74.012622501516816, 4.667848007034831 ], [ -74.01261616577726, 4.667930491962363 ] ] } },
{ "type": "Feature", "properties": { "edge_id": "-741972937#3", "fuera_tolerancia": true, "longitud_m": 17.504100636692904 }, "geometry": { "type": "LineString", "coordinates": [ [ -74.012643208317684, 4.667932520001601 ], [ -74.012649362487679, 4.667850939355429 ], [ -74.012658192990926, 4.667789533667134 ], [ -74.012661638328424, 4.667775518179875 ] ] } },
{ "type": "Feature", "properties": { "edge_id": "1499342052", "fuera_tolerancia": true, "longitud_m": 17.251508566646958 }, "geometry": { "type": "LineString", "coordinates": [ [ -74.033240259303753, 4.756058906236574 ], [ -74.033085103067819, 4.756048467118617 ] ] } },
{ "type": "Feature", "properties": { "edge_id": "1318921536#0", "fuera_tolerancia": true, "longitud_m": 17.238708318583427 }, "geometry": { "type": "LineString", "coordinates": [ [ -74.043672485515941, 4.768741242343679 ], [ -74.043518876793428, 4.768717691254755 ] ] } },
{ "type": "Feature", "properties": { "edge_id": "1499346736", "fuera_tolerancia": true, "longitud_m": 17.112749098614383 }, "geometry": { "type": "LineString", "coordinates": [ [ -74.041707795289426, 4.751402391577194 ], [ -74.041581804728537, 4.751491675775547 ] ] } },
{ "type": "Feature", "properties": { "edge_id": "1490580638#0", "fuera_tolerancia": true, "longitud_m": 16.314558375896976 }, "geometry": { "type": "LineString", "coordinates": [ [ -74.040465341528687, 4.748475371004912 ], [ -74.040505389469288, 4.74833341343302 ] ] } },
{ "type": "Feature", "properties": { "edge_id": "1139098581#0", "fuera_tolerancia": true, "longitud_m": 15.90874006121261 }, "geometry": { "type": "LineString", "coordinates": [ [ -74.036137725075321, 4.771868113302911 ], [ -74.036106362125793, 4.771857667040456 ], [ -74.036144286430527, 4.771753698026225 ] ] } },
{ "type": "Feature", "properties": { "edge_id": "29505641#2", "fuera_tolerancia": true, "longitud_m": 15.730746958217136 }, "geometry": { "type": "LineString", "coordinates": [ [ -74.017769320338473, 4.764237275981273 ], [ -74.017729617752494, 4.764195248759366 ], [ -74.017666492019075, 4.76413952956816 ] ] } },
{ "type": "Feature", "properties": { "edge_id": "466467187#0", "fuera_tolerancia": true, "longitud_m": 15.595114255079677 }, "geometry": { "type": "LineString", "coordinates": [ [ -74.035433620199157, 4.736478197517911 ], [ -74.035501700864998, 4.736601581565425 ] ] } },
{ "type": "Feature", "properties": { "edge_id": "-29505641#2", "fuera_tolerancia": true, "longitud_m": 15.440661515581972 }, "geometry": { "type": "LineString", "coordinates": [ [ -74.017647436678757, 4.764161211224415 ], [ -74.017709571895978, 4.764216024465634 ], [ -74.017748374129013, 4.764257145865719 ] ] } },
{ "type": "Feature", "properties": { "edge_id": "1015935598", "fuera_tolerancia": true, "longitud_m": 14.452945362957324 }, "geometry": { "type": "LineString", "coordinates": [ [ -74.034515581745765, 4.736819466471003 ], [ -74.034569603355422, 4.736938398697807 ] ] } },
{ "type": "Feature", "properties": { "edge_id": "1139096981#2", "fuera_tolerancia": true, "longitud_m": 14.11185655918398 }, "geometry": { "type": "LineString", "coordinates": [ [ -74.026806171900617, 4.754681638657858 ], [ -74.026792913296205, 4.7546849667243 ], [ -74.026758745594137, 4.754682114385387 ], [ -74.026727568876083, 4.754668140436144 ], [ -74.026702626585276, 4.75464476808416 ], [ -74.026697410738464, 4.754635082144445 ] ] } },
{ "type": "Feature", "properties": { "edge_id": "1139096981#1", "fuera_tolerancia": true, "longitud_m": 14.046973658492112 }, "geometry": { "type": "LineString", "coordinates": [ [ -74.026882269350551, 4.75455312064623 ], [ -74.026886400582654, 4.754564704585752 ], [ -74.026886623213855, 4.754598806035693 ], [ -74.026875668217627, 4.754631082618654 ], [ -74.026854712530849, 4.754658098746574 ], [ -74.026844424596703, 4.754664777806025 ] ] } },
{ "type": "Feature", "properties": { "edge_id": "1139096981#0", "fuera_tolerancia": true, "longitud_m": 14.030762212656006 }, "geometry": { "type": "LineString", "coordinates": [ [ -74.026748018587796, 4.754487713721876 ], [ -74.026759205733526, 4.754482754558523 ], [ -74.026792750285566, 4.754479907417089 ], [ -74.026825558176327, 4.754488004160029 ], [ -74.026854024045235, 4.754506225609804 ], [ -74.02686212433585, 4.754516458346454 ] ] } },
{ "type": "Feature", "properties": { "edge_id": "1069840563", "fuera_tolerancia": true, "longitud_m": 13.834540112544534 }, "geometry": { "type": "LineString", "coordinates": [ [ -74.016139966397517, 4.670736617483839 ], [ -74.016103738862782, 4.670856327566188 ] ] } },
{ "type": "Feature", "properties": { "edge_id": "628606863#1", "fuera_tolerancia": true, "longitud_m": 13.82117671383733 }, "geometry": { "type": "LineString", "coordinates": [ [ -74.016213672311878, 4.670893386992041 ], [ -74.016267109321646, 4.670780485084563 ] ] } },
{ "type": "Feature", "properties": { "edge_id": "-628606863#1", "fuera_tolerancia": true, "longitud_m": 13.816901356997628 }, "geometry": { "type": "LineString", "coordinates": [ [ -74.016240982645954, 4.670768056250398 ], [ -74.016187635785343, 4.670880958281731 ] ] } },
{ "type": "Feature", "properties": { "edge_id": "741972937#4", "fuera_tolerancia": true, "longitud_m": 13.176515411461324 }, "geometry": { "type": "LineString", "coordinates": [ [ -74.012610118310278, 4.668064716854504 ], [ -74.01260733739305, 4.6681838405625 ] ] } },
{ "type": "Feature", "properties": { "edge_id": "-741972937#4", "fuera_tolerancia": true, "longitud_m": 13.166515414833901 }, "geometry": { "type": "LineString", "coordinates": [ [ -74.012634381966123, 4.668184421346557 ], [ -74.01263716275237, 4.668065388091086 ] ] } },
{ "type": "Feature", "properties": { "edge_id": "691552875#1", "fuera_tolerancia": true, "longitud_m": 12.895290934503816 }, "geometry": { "type": "LineString", "coordinates": [ [ -74.028183345120212, 4.753054416105713 ], [ -74.02820009671629, 4.7529390204498 ] ] } },
{ "type": "Feature", "properties": { "edge_id": "-1083171836#3", "fuera_tolerancia": true, "longitud_m": 12.206877868894747 }, "geometry": { "type": "LineString", "coordinates": [ [ -74.010014618436045, 4.714434925486364 ], [ -74.010012497692273, 4.714404530058649 ], [ -74.010008115469759, 4.714379468170249 ], [ -74.009998724920251, 4.714325815811417 ] ] } },
{ "type": "Feature", "properties": { "edge_id": "1083171836#3", "fuera_tolerancia": true, "longitud_m": 11.873735156221935 }, "geometry": { "type": "LineString", "coordinates": [ [ -74.009970318309584, 4.714330840734677 ], [ -74.009979708856832, 4.714384493093441 ], [ -74.009983822656181, 4.714408107341904 ], [ -74.009985855418535, 4.714436964933082 ] ] } },
{ "type": "Feature", "properties": { "edge_id": "691552869#1", "fuera_tolerancia": true, "longitud_m": 11.834470633158528 }, "geometry": { "type": "LineString", "coordinates": [ [ -74.028605330438282, 4.752972788351092 ], [ -74.028499680560856, 4.752957985884902 ] ] } },
{ "type": "Feature", "properties": { "edge_id": "691552869#5", "fuera_tolerancia": true, "longitud_m": 11.671828894106467 }, "geometry": { "type": "LineString", "coordinates": [ [ -74.028043276679369, 4.752894115041664 ], [ -74.02793906906173, 4.752879585890249 ] ] } },
{ "type": "Feature", "properties": { "edge_id": "691552869#6", "fuera_tolerancia": true, "longitud_m": 11.422759202713882 }, "geometry": { "type": "LineString", "coordinates": [ [ -74.027893365710568, 4.752873099195536 ], [ -74.027791412037573, 4.752858663656187 ] ] } },
{ "type": "Feature", "properties": { "edge_id": "691552875#0", "fuera_tolerancia": true, "longitud_m": 11.395873677528787 }, "geometry": { "type": "LineString", "coordinates": [ [ -74.028158886740542, 4.753200464790133 ], [ -74.028176340258653, 4.75309890958534 ] ] } },
{ "type": "Feature", "properties": { "edge_id": "77372779#4", "fuera_tolerancia": true, "longitud_m": 11.346387193486112 }, "geometry": { "type": "LineString", "coordinates": [ [ -74.011595222501029, 4.666047887808427 ], [ -74.011633488895711, 4.666082042758608 ], [ -74.011673922962274, 4.666113306239575 ] ] } },
{ "type": "Feature", "properties": { "edge_id": "-77372779#4", "fuera_tolerancia": true, "longitud_m": 11.145712560748516 }, "geometry": { "type": "LineString", "coordinates": [ [ -74.011690450545217, 4.666091891971693 ], [ -74.011650827203425, 4.66606108190212 ], [ -74.011613190978608, 4.666027561016577 ] ] } },
{ "type": "Feature", "properties": { "edge_id": "628606861#0", "fuera_tolerancia": true, "longitud_m": 10.546766831480705 }, "geometry": { "type": "LineString", "coordinates": [ [ -74.015755502460891, 4.671876610556798 ], [ -74.015663943950116, 4.671850974018471 ] ] } },
{ "type": "Feature", "properties": { "edge_id": "-628606861#0", "fuera_tolerancia": true, "longitud_m": 10.537128986143598 }, "geometry": { "type": "LineString", "coordinates": [ [ -74.015656242075295, 4.671878913443152 ], [ -74.015747710437324, 4.671904549856598 ] ] } },
{ "type": "Feature", "properties": { "edge_id": "691552869#2", "fuera_tolerancia": true, "longitud_m": 10.4000920538623 }, "geometry": { "type": "LineString", "coordinates": [ [ -74.028454968598737, 4.752951771984795 ], [ -74.02836211926585, 4.752938796623223 ] ] } },
{ "type": "Feature", "properties": { "edge_id": "1139096981#3", "fuera_tolerancia": true, "longitud_m": 10.389805045519168 }, "geometry": { "type": "LineString", "coordinates": [ [ -74.026683671596004, 4.754595353457024 ], [ -74.026681526611341, 4.754581872790401 ], [ -74.026687163290234, 4.754548684159466 ], [ -74.026703343788, 4.75451921903505 ], [ -74.026712913339878, 4.75451045852214 ] ] } },
{ "type": "Feature", "properties": { "edge_id": "691552869#4", "fuera_tolerancia": true, "longitud_m": 10.329363280404955 }, "geometry": { "type": "LineString", "coordinates": [ [ -74.028180747654773, 4.752913394690053 ], [ -74.028088529349859, 4.752900510637463 ] ] } },
{ "type": "Feature", "properties": { "edge_id": "691552869#3", "fuera_tolerancia": true, "longitud_m": 10.289729568865337 }, "geometry": { "type": "LineString", "coordinates": [ [ -74.028317497470439, 4.752932582841815 ], [ -74.02822563980655, 4.75291969931501 ] ] } },
{ "type": "Feature", "properties": { "edge_id": "1499342053", "fuera_tolerancia": true, "longitud_m": 9.3979569159098322 }, "geometry": { "type": "LineString", "coordinates": [ [ -74.033700652978837, 4.756108849814168 ], [ -74.033695665900098, 4.756193688778924 ] ] } },
{ "type": "Feature", "properties": { "edge_id": "1499342049", "fuera_tolerancia": true, "longitud_m": 8.1356911474201663 }, "geometry": { "type": "LineString", "coordinates": [ [ -74.0337373272436, 4.75554256802926 ], [ -74.033741667271201, 4.755469125372117 ] ] } },
{ "type": "Feature", "properties": { "edge_id": "-889083629#0", "fuera_tolerancia": true, "longitud_m": 8.1164446675442772 }, "geometry": { "type": "LineString", "coordinates": [ [ -74.008467963592466, 4.734999498746205 ], [ -74.008537419443371, 4.73497644220014 ] ] } },
{ "type": "Feature", "properties": { "edge_id": "889083629#0", "fuera_tolerancia": true, "longitud_m": 8.1069535905844514 }, "geometry": { "type": "LineString", "coordinates": [ [ -74.008531673702024, 4.734959247800866 ], [ -74.008462308012469, 4.734982304475913 ] ] } },
{ "type": "Feature", "properties": { "edge_id": "466467382", "fuera_tolerancia": true, "longitud_m": 7.8414723969577809 }, "geometry": { "type": "LineString", "coordinates": [ [ -74.035096618158363, 4.737895506561289 ], [ -74.035080293534151, 4.737964500331829 ] ] } },
{ "type": "Feature", "properties": { "edge_id": "1490580641#1", "fuera_tolerancia": true, "longitud_m": 6.4412170061403629 }, "geometry": { "type": "LineString", "coordinates": [ [ -74.040485157115199, 4.748098475433467 ], [ -74.040541579744158, 4.748112212507529 ] ] } },
{ "type": "Feature", "properties": { "edge_id": "1069840564", "fuera_tolerancia": true, "longitud_m": 5.4797995374405426 }, "geometry": { "type": "LineString", "coordinates": [ [ -74.016108411739864, 4.670867098132756 ], [ -74.016152645512634, 4.670889140488437 ] ] } },
{ "type": "Feature", "properties": { "edge_id": "795754243#0", "fuera_tolerancia": true, "longitud_m": 4.8066334996379858 }, "geometry": { "type": "LineString", "coordinates": [ [ -74.010646603529182, 4.664216310578384 ], [ -74.010605116680892, 4.664228825191358 ] ] } },
{ "type": "Feature", "properties": { "edge_id": "-795754243#0", "fuera_tolerancia": true, "longitud_m": 4.7970594588334885 }, "geometry": { "type": "LineString", "coordinates": [ [ -74.010613461942029, 4.664256515791787 ], [ -74.010654858641459, 4.664244001051626 ] ] } },
{ "type": "Feature", "properties": { "edge_id": "1139096985", "fuera_tolerancia": true, "longitud_m": 4.570634784309485 }, "geometry": { "type": "LineString", "coordinates": [ [ -74.026717467683909, 4.754477539723281 ], [ -74.02669696088725, 4.754441690995169 ] ] } },
{ "type": "Feature", "properties": { "edge_id": "-77372779#1", "fuera_tolerancia": true, "longitud_m": 3.5959712629969816 }, "geometry": { "type": "LineString", "coordinates": [ [ -74.010982348457532, 4.66477931536739 ], [ -74.01097040069817, 4.664749086987915 ] ] } },
{ "type": "Feature", "properties": { "edge_id": "77372779#1", "fuera_tolerancia": true, "longitud_m": 3.5904023451791365 }, "geometry": { "type": "LineString", "coordinates": [ [ -74.010945234498536, 4.664759182354963 ], [ -74.010957272534014, 4.664789320408107 ] ] } },
{ "type": "Feature", "properties": { "edge_id": "1499346733#0", "fuera_tolerancia": true, "longitud_m": 2.8834231888135728 }, "geometry": { "type": "LineString", "coordinates": [ [ -74.041675195029185, 4.751374395870712 ], [ -74.041701068322681, 4.751376874102728 ] ] } },
{ "type": "Feature", "properties": { "edge_id": "1139098584", "fuera_tolerancia": true, "longitud_m": 2.6476645783435986 }, "geometry": { "type": "LineString", "coordinates": [ [ -74.035917685607998, 4.771570933844124 ], [ -74.035940396984401, 4.771578292522369 ] ] } },
{ "type": "Feature", "properties": { "edge_id": "1139098580#0", "fuera_tolerancia": true, "longitud_m": 0.7972196008109933 }, "geometry": { "type": "LineString", "coordinates": [ [ -74.035946735927538, 4.771558672876158 ], [ -74.035948547306504, 4.77155288635501 ], [ -74.035947465830432, 4.7715525230198 ] ] } },
{ "type": "Feature", "properties": { "edge_id": "1490580638#1", "fuera_tolerancia": true, "longitud_m": 0.73782322297476099 }, "geometry": { "type": "LineString", "coordinates": [ [ -74.04051771177356, 4.74828983159103 ], [ -74.040519523891675, 4.748283411854907 ] ] } },
{ "type": "Feature", "properties": { "edge_id": "1139098580#1", "fuera_tolerancia": true, "longitud_m": 0.61049291987054277 }, "geometry": { "type": "LineString", "coordinates": [ [ -74.035910784926585, 4.771540802926137 ], [ -74.035908351605542, 4.771539985421797 ], [ -74.03590744604216, 4.771542788228333 ] ] } },
{ "type": "Feature", "properties": { "edge_id": "1139096984", "fuera_tolerancia": true, "longitud_m": 0.47425229658525858 }, "geometry": { "type": "LineString", "coordinates": [ [ -74.026836446487366, 4.754695973145423 ], [ -74.026838424733455, 4.754699775005239 ] ] } },
{ "type": "Feature", "properties": { "edge_id": "466467183#2", "fuera_tolerancia": true, "longitud_m": 0.19930013137251085 }, "geometry": { "type": "LineString", "coordinates": [ [ -74.035403737302502, 4.736441793244385 ], [ -74.035402025005155, 4.7364412481308 ] ] } },
{ "type": "Feature", "properties": { "edge_id": "-1083171836#2", "fuera_tolerancia": true, "longitud_m": 0.19728043775771026 }, "geometry": { "type": "LineString", "coordinates": [ [ -74.009956563468975, 4.71423946301103 ], [ -74.009955664076401, 4.714237924018446 ] ] } },
{ "type": "Feature", "properties": { "edge_id": "1083171836#2", "fuera_tolerancia": true, "longitud_m": 0.19728043612985832 }, "geometry": { "type": "LineString", "coordinates": [ [ -74.009930850045549, 4.714252632593843 ], [ -74.009931749438081, 4.714254171586449 ] ] } },
{ "type": "Feature", "properties": { "edge_id": "1139096982", "fuera_tolerancia": true, "longitud_m": 0.19702764182790314 }, "geometry": { "type": "LineString", "coordinates": [ [ -74.026885370549664, 4.754527707469284 ], [ -74.026886994492273, 4.754526986131482 ] ] } },
{ "type": "Feature", "properties": { "edge_id": "1139096983", "fuera_tolerancia": true, "longitud_m": 0.19240312939916099 }, "geometry": { "type": "LineString", "coordinates": [ [ -74.026673084351856, 4.754622565134067 ], [ -74.026671550444561, 4.754623377052406 ] ] } }
]
}
