{
"type": "FeatureCollection",
"name": "aristas_revisar_prioritarias",
"crs": { "type": "name", "properties": { "name": "urn:ogc:def:crs:OGC:1.3:CRS84" } },
"features": [
{ "type": "Feature", "properties": { "edge_id": "405331159", "fuera_tolerancia": true, "longitud_m": 4588.6352564639919, "tipo": "highway.service" }, "geometry": { "type": "LineString", "coordinates": [ [ -74.057911610087857, 4.682171859200892 ], [ -74.057843174718428, 4.682514953050164 ], [ -74.057788003415013, 4.682849471526428 ], [ -74.05771216901266, 4.683601321182651 ], [ -74.057505897749138, 4.684811691866357 ], [ -74.057428231903515, 4.685314787860599 ], [ -74.057078923668442, 4.687436750651083 ], [ -74.056695321008121, 4.689582636945596 ], [ -74.056539765800323, 4.69048390017567 ], [ -74.056488648037714, 4.690819509161146 ], [ -74.056440410352849, 4.69122585773499 ], [ -74.056413288334525, 4.69141631904592 ], [ -74.056256269125171, 4.692332685996765 ], [ -74.056125864639554, 4.693033263501312 ], [ -74.056031363859574, 4.693583191691106 ], [ -74.055857528620905, 4.694600483162771 ], [ -74.055783358156944, 4.695049219749889 ], [ -74.055698399294954, 4.695609382069447 ], [ -74.055628455722029, 4.695998605022158 ], [ -74.055531487018882, 4.696505654005131 ], [ -74.055337860784363, 4.697556024633734 ], [ -74.055182760388234, 4.698517168367832 ], [ -74.055116330311876, 4.698907662252076 ], [ -74.055048267317318, 4.699305571192228 ], [ -74.054937477492672, 4.699965650676546 ], [ -74.054852852758287, 4.700477057871475 ], [ -74.05475092889192, 4.701113992827281 ], [ -74.054636617957172, 4.701843988901433 ], [ -74.054435729796239, 4.703061418706347 ], [ -74.054280912259401, 4.704077287130585 ], [ -74.054114529428446, 4.705044475015218 ], [ -74.054042591625659, 4.705439574192048 ], [ -74.053806206806499, 4.706902811087622 ], [ -74.053681399364763, 4.707592087582392 ], [ -74.053497955030522, 4.708640118232613 ], [ -74.053334589394964, 4.709640415917814 ], [ -74.053002776019255, 4.711597314248278 ], [ -74.052759963024172, 4.71314204063215 ], [ -74.052630204073282, 4.71389010520647 ], [ -74.052420275028425, 4.715184406802366 ], [ -74.052121547119413, 4.716871341242505 ], [ -74.052015503616047, 4.717548611698962 ], [ -74.051877867563306, 4.71858512496292 ], [ -74.051728288692217, 4.719386258686291 ], [ -74.051671403077918, 4.719648499535592 ], [ -74.051627468319296, 4.719867882550702 ], [ -74.051580849521713, 4.72013836878031 ], [ -74.051243177334413, 4.722016288781411 ], [ -74.051186911552634, 4.722286399895593 ], [ -74.051067188829521, 4.72281060176454 ], [ -74.051006688695537, 4.723078264762029 ] ] } },
{ "type": "Feature", "properties": { "edge_id": "1033331044", "fuera_tolerancia": true, "longitud_m": 4585.0327971791185, "tipo": "highway.service" }, "geometry": { "type": "LineString", "coordinates": [ [ -74.051186364759886, 4.723086741980708 ], [ -74.051319224898279, 4.722316159550853 ], [ -74.051364578317362, 4.722048294859561 ], [ -74.051442844740052, 4.721577675793444 ], [ -74.051490058174068, 4.721334236373724 ], [ -74.051678168237828, 4.720177397293447 ], [ -74.051738406047221, 4.719703949354228 ], [ -74.051935326539933, 4.718631063968711 ], [ -74.052001573990751, 4.718246541094426 ], [ -74.052100886255502, 4.717679797126885 ], [ -74.052316403196528, 4.716388579071684 ], [ -74.052537643724364, 4.715197321009122 ], [ -74.052752614067842, 4.713908453491386 ], [ -74.052801251134682, 4.713544710891412 ], [ -74.05289990902412, 4.712927039566943 ], [ -74.052970371111982, 4.712491505598412 ], [ -74.053042582416012, 4.712029108926458 ], [ -74.05314137097659, 4.711447619529729 ], [ -74.053305069810506, 4.710535154092232 ], [ -74.05342021753431, 4.709789782807663 ], [ -74.053528927558915, 4.709204507596018 ], [ -74.05363099732412, 4.708595795504911 ], [ -74.053790443236807, 4.707559853078787 ], [ -74.054033083152817, 4.706138414874642 ], [ -74.054159017387448, 4.705415219155804 ], [ -74.054221972205426, 4.705062621497056 ], [ -74.054389552080977, 4.704076801497266 ], [ -74.054597104841861, 4.702731387321057 ], [ -74.054743607434204, 4.701863672325213 ], [ -74.054881831639946, 4.700983644121068 ], [ -74.055072920175107, 4.699878183620791 ], [ -74.05517204523801, 4.699310623556187 ], [ -74.055300215800699, 4.698530714865963 ], [ -74.055373265690974, 4.698111555720787 ], [ -74.055462095643023, 4.697556283397791 ], [ -74.055490675136511, 4.697288304435797 ], [ -74.05555471048288, 4.696935074575828 ], [ -74.055612088297181, 4.696638369953473 ], [ -74.0557414983423, 4.696008255830773 ], [ -74.055805423314368, 4.695602742834842 ], [ -74.055824532024232, 4.695471880534415 ], [ -74.05588295174698, 4.695070520977996 ], [ -74.055920423857657, 4.694826614952462 ], [ -74.055963278271832, 4.694602797178663 ], [ -74.056114898279148, 4.693612883424907 ], [ -74.05620929741653, 4.69313857534152 ], [ -74.056338722528992, 4.692361652576316 ], [ -74.056413655807077, 4.691948375109848 ], [ -74.056511080255291, 4.691369052855197 ], [ -74.05660009075973, 4.690811518803508 ], [ -74.056699710329099, 4.690275617751929 ], [ -74.05687709062498, 4.689234088364659 ], [ -74.056984852766149, 4.688541892094491 ], [ -74.057034872612377, 4.688150561271244 ], [ -74.05713609233203, 4.687428958219641 ], [ -74.057518262563178, 4.685340055716345 ], [ -74.057620848403118, 4.684809042720609 ], [ -74.057826013168082, 4.683616942368216 ], [ -74.057900055612393, 4.682924066879227 ], [ -74.05799938630328, 4.682197304793287 ] ] } },
{ "type": "Feature", "properties": { "edge_id": "586430316#5", "fuera_tolerancia": true, "longitud_m": 1988.036439400496, "tipo": "highway.unclassified" }, "geometry": { "type": "LineString", "coordinates": [ [ -74.003461669673129, 4.677193466793366 ], [ -74.003214080977742, 4.677470263912587 ], [ -74.002850790518877, 4.677772675374563 ], [ -74.002764413253942, 4.677844462871803 ], [ -74.002614577859092, 4.678100956414743 ], [ -74.002456150838242, 4.678249164850101 ], [ -74.0023380803988, 4.678356003058734 ], [ -74.002266636629201, 4.678577512238542 ], [ -74.002234448561609, 4.678834806474416 ], [ -74.002183914870017, 4.679059963570087 ], [ -74.00207955038266, 4.679292008823762 ], [ -74.002022855392909, 4.679475277151068 ], [ -74.001987371263311, 4.679640846835528 ], [ -74.001998365077853, 4.679835156539562 ], [ -74.002065308169762, 4.679990831948266 ], [ -74.002217058291691, 4.680101582454933 ], [ -74.002380052067352, 4.680102990725688 ], [ -74.002523304663768, 4.680102833111742 ], [ -74.002645617845715, 4.680183330125549 ], [ -74.002788548936266, 4.680282942188835 ], [ -74.002946572904222, 4.680356163319435 ], [ -74.003069588812323, 4.680386097781173 ], [ -74.00325347335513, 4.680404993148221 ], [ -74.003409520015751, 4.680410280799189 ], [ -74.003542594528213, 4.680467456012055 ], [ -74.003656979493798, 4.680544413909808 ], [ -74.003944586962902, 4.6807211172529 ], [ -74.004270598534603, 4.680898598789305 ], [ -74.004439189892494, 4.681022036386247 ], [ -74.004474756926953, 4.681052660283764 ], [ -74.004549420019643, 4.681168456571086 ], [ -74.004627832470291, 4.681310489711906 ], [ -74.004669473559758, 4.681444781987053 ], [ -74.004694124198821, 4.681672398129994 ], [ -74.004753368081253, 4.681790433815388 ], [ -74.004870452871941, 4.681871013567772 ], [ -74.005029218635542, 4.681930124649929 ], [ -74.005167755989035, 4.682013448482582 ], [ -74.005256477604462, 4.682133154232973 ], [ -74.005311680202411, 4.68224023927212 ], [ -74.005356072613012, 4.682405380112789 ], [ -74.005346582955298, 4.6825497304718 ], [ -74.005313850932339, 4.682618157254935 ], [ -74.005202767337593, 4.682692713894171 ], [ -74.00506573940946, 4.682753303760565 ], [ -74.004919101422374, 4.682788191119972 ], [ -74.004730487146389, 4.682798324901635 ], [ -74.004629435369807, 4.682855257269058 ], [ -74.004596532160889, 4.68298094083513 ], [ -74.004609668245266, 4.683063272234888 ], [ -74.004623640003999, 4.683128418655289 ], [ -74.004676001258289, 4.683204655042725 ], [ -74.004735792137652, 4.683254670480129 ], [ -74.004883350196749, 4.683334298657237 ], [ -74.005091006621981, 4.683437801592448 ], [ -74.005278764768747, 4.68352327592063 ], [ -74.005475972665266, 4.683620341700685 ], [ -74.005593587936986, 4.683644750512345 ], [ -74.005675883216938, 4.683654998331153 ], [ -74.005754403918829, 4.683720688800373 ], [ -74.005829628798253, 4.683822013277476 ], [ -74.005921477573509, 4.68396189459831 ], [ -74.00602473789678, 4.684064796631775 ], [ -74.006166359112896, 4.684135280353884 ], [ -74.006316632366563, 4.68420767587402 ], [ -74.006496367300656, 4.684293138545729 ], [ -74.006684296508524, 4.684385487293422 ], [ -74.006831066002647, 4.684385424431426 ], [ -74.006955488346861, 4.684313781016444 ], [ -74.007137412648376, 4.684189394334412 ], [ -74.007216862577437, 4.684171687790548 ], [ -74.007291492894737, 4.684247322499832 ], [ -74.007320175252303, 4.684365495612137 ], [ -74.007395643528099, 4.684614078775715 ], [ -74.007500263053942, 4.684840180381284 ], [ -74.007588927756288, 4.684936820237582 ], [ -74.00773267961344, 4.685031005578809 ], [ -74.007894695495082, 4.68508758811892 ], [ -74.008026863194743, 4.685149465035893 ], [ -74.008162767889459, 4.68524644323622 ], [ -74.008286791780549, 4.685329655613256 ], [ -74.008482090174411, 4.685439019718212 ], [ -74.008594476733492, 4.685527642765503 ], [ -74.008667606654399, 4.685644612565013 ], [ -74.00872464446374, 4.685793399216472 ], [ -74.008814585366792, 4.685880271793684 ], [ -74.008929911600973, 4.685930094370804 ], [ -74.009079077183756, 4.685957351499883 ], [ -74.009246950495438, 4.685951981354236 ], [ -74.009416446699632, 4.685946523014113 ], [ -74.009620255156037, 4.685966802088637 ], [ -74.009742981570426, 4.686011298266795 ], [ -74.009829794015147, 4.686079171045145 ], [ -74.009905790623804, 4.686145219421232 ], [ -74.009977607609585, 4.686234418007998 ], [ -74.010029769526781, 4.686324764647728 ], [ -74.010049227461238, 4.686463729031281 ], [ -74.010038878228059, 4.686578771426414 ], [ -74.01002432856383, 4.686667666762606 ], [ -74.009999463373092, 4.686847634317338 ], [ -74.009993730014742, 4.686949838827738 ], [ -74.01002604089723, 4.687052459050761 ], [ -74.010082253430454, 4.687211375310815 ], [ -74.01015252149341, 4.687312240232476 ], [ -74.010277725554289, 4.687454158477344 ], [ -74.010397615187799, 4.687592812850833 ], [ -74.010516227631868, 4.687806270588923 ], [ -74.010675580399536, 4.68802629867754 ], [ -74.010759736089213, 4.688124469626795 ] ] } },
{ "type": "Feature", "properties": { "edge_id": "-586430316#5", "fuera_tolerancia": true, "longitud_m": 1983.4452052165332, "tipo": "highway.unclassified" }, "geometry": { "type": "LineString", "coordinates": [ [ -74.010781579979991, 4.68810550528509 ], [ -74.010698144244756, 4.688008239894469 ], [ -74.010540590979929, 4.687790747061471 ], [ -74.010421439389717, 4.687576022211488 ], [ -74.010299389377806, 4.687435012986333 ], [ -74.010175265374116, 4.687294362626305 ], [ -74.010108056162039, 4.687198024722837 ], [ -74.010053460529505, 4.687043271622705 ], [ -74.010022764766987, 4.686946080907765 ], [ -74.010028128342341, 4.68685038853577 ], [ -74.0100528109283, 4.68667204888571 ], [ -74.010067541914282, 4.68658243017576 ], [ -74.010078257865729, 4.686463046522967 ], [ -74.01005755025119, 4.686315215910176 ], [ -74.010001431256569, 4.686217989188617 ], [ -74.009926554401332, 4.686124987215829 ], [ -74.009848036554231, 4.686056764382536 ], [ -74.009757081640515, 4.685985629406168 ], [ -74.009626605865037, 4.685938408641316 ], [ -74.009417388983024, 4.68591757918344 ], [ -74.009246089720179, 4.685923034969458 ], [ -74.009081281626948, 4.685928409461999 ], [ -74.00893824494338, 4.685902246468547 ], [ -74.008830847612415, 4.685855691467934 ], [ -74.008749189339852, 4.685776971465455 ], [ -74.008693589134822, 4.685631624091675 ], [ -74.00861632159247, 4.685507954857842 ], [ -74.008498171600365, 4.685414800958207 ], [ -74.008301792135697, 4.685304892603208 ], [ -74.008179209421769, 4.685222586810195 ], [ -74.008041503450087, 4.685124339707017 ], [ -74.007905551871445, 4.685060648351519 ], [ -74.007745518342603, 4.685004792257487 ], [ -74.00760771098065, 4.684914595316299 ], [ -74.007524627350293, 4.684823933322694 ], [ -74.00742270424486, 4.684603624577614 ], [ -74.007347953101302, 4.684357936948178 ], [ -74.007317657934962, 4.684232706166171 ], [ -74.007226103091227, 4.684139861247406 ], [ -74.007125730780501, 4.684162422577522 ], [ -74.006940197047101, 4.684289155924299 ], [ -74.00682335368657, 4.684356468331342 ], [ -74.006691008680576, 4.684356551685625 ], [ -74.006508845184456, 4.684267105647889 ], [ -74.006329110509526, 4.684181462073654 ], [ -74.006179017309563, 4.684109247720099 ], [ -74.006041720372579, 4.684040941033722 ], [ -74.005943861561036, 4.683943473895094 ], [ -74.005853272368284, 4.683805403438507 ], [ -74.005775528059502, 4.683700638146543 ], [ -74.005687822494039, 4.683627336521816 ], [ -74.005598316263573, 4.683616173915561 ], [ -74.005485387667989, 4.68359267630634 ], [ -74.005291062623201, 4.683497061887466 ], [ -74.005103304480556, 4.683411587563699 ], [ -74.00489654882081, 4.68330862863621 ], [ -74.004752053658379, 4.683230632984927 ], [ -74.004697485503883, 4.683184966751008 ], [ -74.004650702467757, 4.683116698213893 ], [ -74.004637983893772, 4.683057885323585 ], [ -74.004625919920386, 4.682982429917128 ], [ -74.004654290423119, 4.68287446878832 ], [ -74.004738740796, 4.682826919960434 ], [ -74.004923207797177, 4.682816961184737 ], [ -74.005074896134829, 4.682780814660442 ], [ -74.005216795129044, 4.682718241743512 ], [ -74.005336361519767, 4.6826377272323 ], [ -74.005375060744839, 4.682557188158637 ], [ -74.005385105879029, 4.682402526883972 ], [ -74.005338740834347, 4.682229785141125 ], [ -74.005281020856785, 4.682117812032404 ], [ -74.005187440194078, 4.681991586719685 ], [ -74.005041696763243, 4.681903910872472 ], [ -74.004883832018592, 4.681845162889964 ], [ -74.004775753799933, 4.681770746793382 ], [ -74.004722263574592, 4.681664116439413 ], [ -74.004697789907567, 4.681438852339016 ], [ -74.004654533736144, 4.681299130555164 ], [ -74.00457414278209, 4.681153657367603 ], [ -74.004496781502226, 4.681033334567203 ], [ -74.004457072309648, 4.680999267543279 ], [ -74.004285959239638, 4.680874017292161 ], [ -74.003959046915369, 4.680695991761133 ], [ -74.00367252025606, 4.680520013592179 ], [ -74.003556333778519, 4.680441967690109 ], [ -74.003415871377626, 4.68038152563329 ], [ -74.003255497663417, 4.680376050914711 ], [ -74.003074497492591, 4.680357521472911 ], [ -74.002956167976976, 4.680328679132008 ], [ -74.002803009168659, 4.680257635820957 ], [ -74.002661699029545, 4.680159292419996 ], [ -74.002531819967217, 4.680073900138135 ], [ -74.002380093055919, 4.680074045674589 ], [ -74.002226475130271, 4.680072650773104 ], [ -74.002088594119428, 4.679972050833399 ], [ -74.002026862943495, 4.679828322714699 ], [ -74.002016397222008, 4.679643059108299 ], [ -74.00205079234378, 4.67948255326195 ], [ -74.002106581449866, 4.679302359057174 ], [ -74.00221148838169, 4.679069229129626 ], [ -74.002262929735394, 4.678839731557596 ], [ -74.002294935440233, 4.678583884313875 ], [ -74.002363119641259, 4.67837232036623 ], [ -74.002475593480398, 4.678270539573385 ], [ -74.00263727033159, 4.678119260345256 ], [ -74.002786744092404, 4.677863489909456 ], [ -74.002869150060832, 4.677794953079266 ], [ -74.003234065310551, 4.677491096665733 ], [ -74.003483098486697, 4.677212854339066 ] ] } },
{ "type": "Feature", "properties": { "edge_id": "-124004076#1", "fuera_tolerancia": true, "longitud_m": 1248.445852729797, "tipo": "highway.unclassified" }, "geometry": { "type": "LineString", "coordinates": [ [ -73.999364863226091, 4.8046573031745 ], [ -73.999123478475894, 4.804721441918107 ], [ -73.999050362224679, 4.804776058685768 ], [ -73.99899113731118, 4.80482698726258 ], [ -73.99895224967571, 4.804905895687298 ], [ -73.998856537122904, 4.805306552634706 ], [ -73.99874413464795, 4.805774843908157 ], [ -73.998750752061596, 4.805874351982343 ], [ -73.998769917032647, 4.805964200010663 ], [ -73.998919966794531, 4.806081647549486 ], [ -73.999010326825982, 4.806135961630959 ], [ -73.999091899469093, 4.806218393700751 ], [ -73.99912167783495, 4.806264658940674 ], [ -73.999141048008013, 4.806337502096169 ], [ -73.999165063965819, 4.806563398649761 ], [ -73.999162930971991, 4.806665697927087 ], [ -73.999184213569507, 4.806725609104714 ], [ -73.999241290146188, 4.806911212143542 ], [ -73.999449320891443, 4.807212635844587 ], [ -73.999547692669964, 4.80727618786859 ], [ -73.999633571385161, 4.807312042903225 ], [ -73.999680895609487, 4.807321971756967 ], [ -73.999849601788782, 4.807321948021565 ], [ -73.999904148360898, 4.807325827104325 ], [ -73.999957407113413, 4.80734716173715 ], [ -73.999999475838621, 4.807374721208254 ], [ -74.00007608352216, 4.807461216315214 ], [ -74.000223396746577, 4.807786159037828 ], [ -74.000338813827952, 4.808218603678365 ], [ -74.000357131795752, 4.808271093345055 ], [ -74.00040013996265, 4.808334654513255 ], [ -74.00044805813971, 4.808370182426077 ], [ -74.001147462043861, 4.808767664132446 ], [ -74.001211096324354, 4.80878494352014 ], [ -74.001276211264184, 4.808776174577243 ], [ -74.001563651382909, 4.808665609927641 ], [ -74.001641479879837, 4.808657040484913 ], [ -74.001721011972862, 4.808655076607205 ], [ -74.001808734038349, 4.808663707735708 ], [ -74.001873625306047, 4.808684697482948 ], [ -74.001950752307323, 4.808724428947995 ], [ -74.002074876452141, 4.808813073942123 ], [ -74.002105586437949, 4.808838988522889 ], [ -74.002130255100099, 4.808864894253571 ], [ -74.002294542427293, 4.8090514683429 ], [ -74.002450998029374, 4.80922916653332 ], [ -74.002504487531496, 4.809277999106293 ], [ -74.002530062653619, 4.809300649842755 ], [ -74.002571775154067, 4.809325314177384 ], [ -74.002809967136301, 4.809411593406076 ], [ -74.002851523003017, 4.809419975930235 ], [ -74.003055005156014, 4.809440625734686 ], [ -74.00310972020128, 4.809452826536328 ], [ -74.003152693659274, 4.809478487671685 ], [ -74.003789627193115, 4.809990479951272 ], [ -74.003847888336992, 4.810044475260193 ], [ -74.004163847749723, 4.810412900872993 ], [ -74.004740114987214, 4.810913768572678 ], [ -74.004750367891305, 4.810931964651093 ], [ -74.004759961102081, 4.810969788109777 ], [ -74.004757111987232, 4.811006869757762 ], [ -74.004726296249643, 4.811177781264318 ], [ -74.004777903341349, 4.811715781872749 ], [ -74.004782529086967, 4.811759206169937 ], [ -74.004795183597636, 4.811800109513655 ], [ -74.004829377323261, 4.811848823316999 ], [ -74.004875317265657, 4.811880910899593 ], [ -74.005052533457317, 4.8119825679489 ] ] } },
{ "type": "Feature", "properties": { "edge_id": "124004076#1", "fuera_tolerancia": true, "longitud_m": 1240.7139637889391, "tipo": "highway.unclassified" }, "geometry": { "type": "LineString", "coordinates": [ [ -74.005066816762422, 4.811957442831386 ], [ -74.004890681556745, 4.811856510992239 ], [ -74.004849966191003, 4.811828049175515 ], [ -74.004821351674309, 4.811787122503451 ], [ -74.004810850981727, 4.811753277657771 ], [ -74.00480658144501, 4.811712929289869 ], [ -74.004755329227095, 4.811178909138446 ], [ -74.004785780601807, 4.8110105297862 ], [ -74.004789179664726, 4.810967298123856 ], [ -74.004777434735686, 4.81092096891961 ], [ -74.004762684396738, 4.810895168199536 ], [ -74.004184255717021, 4.810392488294288 ], [ -74.00386865644964, 4.810024425029879 ], [ -74.003808414211349, 4.809968617761543 ], [ -74.003169139172698, 4.809454632104352 ], [ -74.003120580226877, 4.809425525575833 ], [ -74.003059555185004, 4.809412049196118 ], [ -74.002855892701618, 4.809391399130758 ], [ -74.002817762473995, 4.80938356434099 ], [ -74.002584076585947, 4.809298919871403 ], [ -74.002547048668262, 4.809277156897966 ], [ -74.002523815047311, 4.809256499560058 ], [ -74.002471586332746, 4.809208754272615 ], [ -74.002316120876358, 4.80903223342761 ], [ -74.002151563433586, 4.808845387588069 ], [ -74.00212545443631, 4.808817851591951 ], [ -74.002092583026794, 4.808790124783372 ], [ -74.001965756445557, 4.808699666771221 ], [ -74.001884664906171, 4.808657939531095 ], [ -74.001814726809826, 4.808635133328378 ], [ -74.001722136148345, 4.808626133254938 ], [ -74.001639538312617, 4.808628092640865 ], [ -74.001556839902648, 4.808637197665688 ], [ -74.001269038856719, 4.808747942691843 ], [ -74.001212942665262, 4.808755458513426 ], [ -74.001158501935478, 4.808740725292785 ], [ -74.000463783138954, 4.808345783161706 ], [ -74.000421269295416, 4.808314243114875 ], [ -74.000383119698569, 4.808257925323165 ], [ -74.00036641791155, 4.808210141588576 ], [ -74.000250641983044, 4.807776430079604 ], [ -74.000100632650131, 4.807445332594877 ], [ -74.000018443468505, 4.807352678490523 ], [ -73.99997078981886, 4.807321311795629 ], [ -73.999910682197708, 4.807297253520738 ], [ -73.999850545691217, 4.807293004422625 ], [ -73.99968382323199, 4.807293031071628 ], [ -73.999642087889811, 4.807284195859557 ], [ -73.999561075123339, 4.807250518843748 ], [ -73.999469729910615, 4.807191499791683 ], [ -73.999267638151508, 4.806898406498489 ], [ -73.999211638312246, 4.806716423164029 ], [ -73.999191972148935, 4.806661037013386 ], [ -73.999193919785483, 4.80656217467915 ], [ -73.999169549214628, 4.806332116763159 ], [ -73.999148385168851, 4.806252758353538 ], [ -73.999114468284205, 4.806200155323416 ], [ -73.999028213736196, 4.806113012821884 ], [ -73.998936231990939, 4.806057791830872 ], [ -73.998795909609555, 4.805947775733705 ], [ -73.998779431472656, 4.805870414172778 ], [ -73.998773165487449, 4.80577723832769 ], [ -73.998884659923732, 4.805313287458638 ], [ -73.998979466027421, 4.804915885483383 ], [ -73.99901437437326, 4.804845111989825 ], [ -73.999068362920852, 4.804798698376864 ], [ -73.999136243599807, 4.804748053856867 ], [ -73.999372216143811, 4.804685354416878 ] ] } },
{ "type": "Feature", "properties": { "edge_id": "1422333187", "fuera_tolerancia": true, "longitud_m": 1194.3636922068265, "tipo": "highway.service" }, "geometry": { "type": "LineString", "coordinates": [ [ -74.044944507386731, 4.759484009999013 ], [ -74.044869814794993, 4.759903072044581 ], [ -74.044592278943909, 4.761152947410586 ], [ -74.044556401705478, 4.761343123169829 ], [ -74.044543046874352, 4.76141610131485 ], [ -74.043615422979784, 4.767168071337942 ], [ -74.043337253048477, 4.769000922234025 ], [ -74.043272786669192, 4.769390600178027 ], [ -74.043261850938762, 4.769474345658971 ], [ -74.04325284385024, 4.769532676157753 ], [ -74.043262861827515, 4.769590852249976 ], [ -74.043290650703113, 4.769642992656943 ], [ -74.043333603206861, 4.769683666485233 ], [ -74.043387216722024, 4.769708797015393 ], [ -74.043450503187003, 4.769715669238131 ], [ -74.043512377180008, 4.769700739992063 ], [ -74.043565442533904, 4.769665898517673 ], [ -74.04360374272072, 4.769615206967114 ], [ -74.043622581024024, 4.769554538335153 ], [ -74.043633020836324, 4.769503355713578 ] ] } },
{ "type": "Feature", "properties": { "edge_id": "-741972930#0", "fuera_tolerancia": true, "longitud_m": 653.46139499738831, "tipo": "highway.primary" }, "geometry": { "type": "LineString", "coordinates": [ [ -74.029921036179203, 4.675522122860437 ], [ -74.029094730006918, 4.675432513857866 ], [ -74.027947985309851, 4.675304016330411 ], [ -74.027806020049553, 4.675285818945992 ], [ -74.027703257012462, 4.675277897266066 ], [ -74.027646727204896, 4.675280894245065 ], [ -74.027587485341826, 4.675289314704306 ], [ -74.027502346159295, 4.675314795042725 ], [ -74.027427102032945, 4.675356028130317 ], [ -74.027363833325737, 4.675408041879654 ], [ -74.027312998409016, 4.675465319227134 ], [ -74.027122645852884, 4.675690647525841 ], [ -74.027068670036002, 4.675737427803701 ], [ -74.027018866562159, 4.675765851680592 ], [ -74.026948322650256, 4.675798136269372 ], [ -74.026854350825488, 4.675821885612263 ], [ -74.026772392246329, 4.675829008071994 ], [ -74.026680799964154, 4.675826981267693 ], [ -74.026592740612784, 4.675812657599372 ], [ -74.026501364108213, 4.675784942099441 ], [ -74.025623063967132, 4.67548287052379 ], [ -74.024779975315781, 4.675209068693032 ], [ -74.024660017214671, 4.675183845908976 ], [ -74.024573116628417, 4.675179202211361 ], [ -74.024507297425359, 4.67518489962363 ], [ -74.024455355298755, 4.675195229512079 ], [ -74.024398443656978, 4.675213602888217 ], [ -74.024353606668242, 4.67523615396308 ] ] } },
{ "type": "Feature", "properties": { "edge_id": "331285192", "fuera_tolerancia": true, "longitud_m": 653.08513811988382, "tipo": "highway.unclassified" }, "geometry": { "type": "LineString", "coordinates": [ [ -73.999518532191857, 4.804704292915069 ], [ -73.99968599932987, 4.804749674713612 ], [ -74.000266697583413, 4.804803170120838 ], [ -74.00060541175958, 4.80483713433601 ], [ -74.000967910465462, 4.804884882114185 ], [ -74.001025959087528, 4.804898625589449 ], [ -74.001069646558307, 4.804929081845636 ], [ -74.001104767366925, 4.804959977814402 ], [ -74.001132098789583, 4.805014832445972 ], [ -74.001183530722685, 4.805114134866326 ], [ -74.001290585641783, 4.805406907541566 ], [ -74.001341325998979, 4.805547726929204 ], [ -74.001382915917944, 4.805656422053993 ], [ -74.001465288527797, 4.805746995841095 ], [ -74.001548963163117, 4.805748384747239 ], [ -74.001714100084399, 4.805722395193457 ], [ -74.00179486233661, 4.805680362299994 ], [ -74.001902936853341, 4.805644429744397 ], [ -74.001979527250697, 4.805618943640845 ], [ -74.002087448690148, 4.80562624742936 ], [ -74.002192973914134, 4.805669186232663 ], [ -74.002301812371797, 4.805727959172177 ], [ -74.002455865331953, 4.805883311776974 ], [ -74.00254347915407, 4.805904153757322 ], [ -74.002748623886163, 4.805958906711303 ], [ -74.002900827251239, 4.806084135637076 ], [ -74.003051614022993, 4.806129401869056 ], [ -74.003176870985385, 4.806120901553909 ], [ -74.003271026708504, 4.80610756171921 ], [ -74.003306275316106, 4.806112678638983 ], [ -74.003401870993471, 4.806163291286275 ], [ -74.003633071566242, 4.806282303858864 ], [ -74.003817650773513, 4.806404142732977 ], [ -74.003846281747187, 4.806433581864022 ], [ -74.003889059340139, 4.8065940178857 ], [ -74.00393790899642, 4.806733296736165 ], [ -74.00401766820444, 4.806761091974429 ], [ -74.004367420123089, 4.806708416520139 ] ] } },
{ "type": "Feature", "properties": { "edge_id": "741972932", "fuera_tolerancia": true, "longitud_m": 651.73811781872973, "tipo": "highway.primary" }, "geometry": { "type": "LineString", "coordinates": [ [ -74.024365833847867, 4.67526041268354 ], [ -74.024408686235603, 4.675238763385066 ], [ -74.024462170589572, 4.67522147068471 ], [ -74.024511046538166, 4.675211860159172 ], [ -74.024573620009861, 4.675206339135912 ], [ -74.024656554147086, 4.675210796403621 ], [ -74.024773087464212, 4.675235290788825 ], [ -74.025614554147239, 4.675508547652863 ], [ -74.026493034367306, 4.6758108004034 ], [ -74.026586573534601, 4.675839242543536 ], [ -74.026678418543369, 4.675854114198555 ], [ -74.026773256317881, 4.675856145513328 ], [ -74.026858821498422, 4.675848666248324 ], [ -74.026957302448267, 4.675823837719825 ], [ -74.027031274153515, 4.675790110625724 ], [ -74.027084325863342, 4.675759701268754 ], [ -74.027141912022856, 4.675709850563208 ], [ -74.027333348405818, 4.675483076497684 ], [ -74.027382558083914, 4.675427605975186 ], [ -74.027442216453764, 4.675378662653144 ], [ -74.027512769163664, 4.675339955767898 ], [ -74.027593218427754, 4.675315916185212 ], [ -74.027649394611927, 4.675307853287338 ], [ -74.027702858989855, 4.675305032962235 ], [ -74.027803278317108, 4.675312770482082 ], [ -74.027944702667881, 4.67533096711758 ], [ -74.029091808015991, 4.675459465159144 ], [ -74.029918114218063, 4.675549074171603 ] ] } },
{ "type": "Feature", "properties": { "edge_id": "-331285192", "fuera_tolerancia": true, "longitud_m": 651.42764191540107, "tipo": "highway.unclassified" }, "geometry": { "type": "LineString", "coordinates": [ [ -74.004363133513081, 4.806679827046685 ], [ -74.004020416353654, 4.806731427343808 ], [ -74.003960484303803, 4.806710535525387 ], [ -74.003916663340121, 4.806585555628917 ], [ -74.003872271898189, 4.806418785525945 ], [ -74.003836077782225, 4.806381737274486 ], [ -74.003647715430262, 4.806257179280339 ], [ -74.003415253287869, 4.806137622150301 ], [ -74.003315332668379, 4.806084832305309 ], [ -74.003271069293845, 4.806078254953637 ], [ -74.003173847050022, 4.806092133023705 ], [ -74.003054902691403, 4.806100099853134 ], [ -74.002914570760936, 4.806058105230173 ], [ -74.002762007248791, 4.805932513968536 ], [ -74.002550553083168, 4.805876123630899 ], [ -74.002470510800748, 4.805857101795157 ], [ -74.002319339291063, 4.805704467005645 ], [ -74.00220527500133, 4.805642972826018 ], [ -74.002093982409448, 4.805597673801081 ], [ -74.001975782805161, 4.805589631342098 ], [ -74.001893869831036, 4.805616918715633 ], [ -74.001783540050454, 4.805653571593265 ], [ -74.001704943427711, 4.805694522219807 ], [ -74.001547021582653, 4.805719436903031 ], [ -74.001478134340317, 4.805718250564112 ], [ -74.001407825099832, 4.805640900606008 ], [ -74.001368391322828, 4.80553763582789 ], [ -74.00131765069662, 4.805396997347082 ], [ -74.001210057388221, 4.805102414822831 ], [ -74.001157725873242, 4.80500166383603 ], [ -74.001128057178633, 4.804941921312597 ], [ -74.001087352770597, 4.804906313602388 ], [ -74.001037900574616, 4.804871688057879 ], [ -74.000973181856892, 4.804856306654591 ], [ -74.00060869972188, 4.804808375068756 ], [ -74.000269444548394, 4.804774410064854 ], [ -73.999691090433572, 4.804721099010181 ], [ -73.999526056925745, 4.804676353956698 ] ] } },
{ "type": "Feature", "properties": { "edge_id": "1364874480", "fuera_tolerancia": true, "longitud_m": 628.6425230894904, "tipo": "highway.primary" }, "geometry": { "type": "LineString", "coordinates": [ [ -74.038144416930677, 4.679813676023833 ], [ -74.037923231486317, 4.680040322143574 ], [ -74.037866063272432, 4.68011432571916 ], [ -74.037815656791906, 4.680188157675599 ], [ -74.037743091814619, 4.680313879991577 ], [ -74.037627463054051, 4.680549897453328 ], [ -74.037188580430268, 4.681484411292205 ], [ -74.035969505915588, 4.68413078398441 ], [ -74.035627074321823, 4.68487420834805 ], [ -74.035623366982108, 4.684882253670988 ] ] } },
{ "type": "Feature", "properties": { "edge_id": "1157067603", "fuera_tolerancia": true, "longitud_m": 568.09981018416443, "tipo": "highway.primary" }, "geometry": { "type": "LineString", "coordinates": [ [ -74.044269554993633, 4.687304922345435 ], [ -74.044604501404223, 4.687089465316503 ], [ -74.045072580180829, 4.686826520451743 ], [ -74.045859557653898, 4.68641403691089 ], [ -74.04621910323992, 4.68620756750658 ], [ -74.047428103385343, 4.685520675501845 ], [ -74.048711588589569, 4.684752563501484 ] ] } },
{ "type": "Feature", "properties": { "edge_id": "1022270077", "fuera_tolerancia": true, "longitud_m": 499.53990488888735, "tipo": "highway.service" }, "geometry": { "type": "LineString", "coordinates": [ [ -74.013096992510853, 4.759016661729087 ], [ -74.012829973712257, 4.758669389452479 ], [ -74.012563085474639, 4.758357213287561 ], [ -74.012362902755086, 4.758245487358149 ], [ -74.012141022920162, 4.75823775181602 ], [ -74.011750676885626, 4.758259443143633 ], [ -74.011462451987057, 4.758178163884039 ], [ -74.011236426436056, 4.758042882652919 ], [ -74.011197509475281, 4.758019489753179 ], [ -74.010984252531244, 4.757908468337809 ], [ -74.010623718370056, 4.757637042103688 ], [ -74.010510676176807, 4.75749541039205 ], [ -74.010314329534708, 4.757097132845201 ], [ -74.01020381501624, 4.756700878180518 ], [ -74.010123935885488, 4.756571143521025 ], [ -74.01000853187405, 4.756505127496302 ], [ -74.009816814185228, 4.756464419164701 ] ] } },
{ "type": "Feature", "properties": { "edge_id": "-1022270077", "fuera_tolerancia": true, "longitud_m": 497.20002074378982, "tipo": "highway.service" }, "geometry": { "type": "LineString", "coordinates": [ [ -74.009810913183188, 4.756492722618458 ], [ -74.009998214341508, 4.756532429615921 ], [ -74.010103167781622, 4.756592641598227 ], [ -74.010177110139395, 4.756712598750041 ], [ -74.010287265800628, 4.757107586551479 ], [ -74.010486129487632, 4.757511114023232 ], [ -74.010603491990153, 4.757657998249413 ], [ -74.010968889767895, 4.757933049621693 ], [ -74.011183407959606, 4.758044796482397 ], [ -74.011221694427817, 4.758067736210021 ], [ -74.011450872965554, 4.758204921498354 ], [ -74.011747569811007, 4.75828856471828 ], [ -74.012141342302485, 4.758266697405638 ], [ -74.012354927435283, 4.758274240142513 ], [ -74.012544479466854, 4.758379980892864 ], [ -74.012807587309098, 4.758687628965726 ], [ -74.013074065896049, 4.759034357754054 ] ] } },
{ "type": "Feature", "properties": { "edge_id": "152824359#1", "fuera_tolerancia": true, "longitud_m": 479.47202777994067, "tipo": "highway.unclassified" }, "geometry": { "type": "LineString", "coordinates": [ [ -74.016820136386471, 4.76146505270505 ], [ -74.016795870142886, 4.761473701576002 ], [ -74.016738854730491, 4.761496323956274 ], [ -74.016670291867811, 4.761523542961895 ], [ -74.016091242547773, 4.76179127189048 ], [ -74.015705115908091, 4.761951003334433 ], [ -74.015281903582121, 4.76213067168315 ], [ -74.01536994899179, 4.762161823308094 ], [ -74.015416635569963, 4.762174553641099 ], [ -74.015482339918421, 4.762192014779226 ], [ -74.01552593985447, 4.76221957508091 ], [ -74.015549943870596, 4.762268544842471 ], [ -74.015582989043338, 4.762363477981163 ], [ -74.01562460861318, 4.762515590078122 ], [ -74.015686449099192, 4.762714043367883 ], [ -74.015718516265778, 4.762799296570051 ], [ -74.015749497233188, 4.762887533187183 ], [ -74.015817762908597, 4.763069442659815 ], [ -74.015856440203322, 4.763198303967306 ], [ -74.015898559281482, 4.763316225311873 ], [ -74.015928217539681, 4.763383565249071 ], [ -74.015965158981984, 4.76346502637351 ], [ -74.016018518032141, 4.763540993318515 ], [ -74.016101455995397, 4.763613293985039 ], [ -74.016208547127121, 4.763693136851908 ], [ -74.016305739582023, 4.763759397501464 ], [ -74.016393306156161, 4.763810448160993 ], [ -74.016494143754699, 4.76384957791338 ], [ -74.016587803887319, 4.763863641729735 ], [ -74.016791879172743, 4.763902647721908 ], [ -74.016891302085128, 4.763922146958643 ] ] } },
{ "type": "Feature", "properties": { "edge_id": "1205550166#2", "fuera_tolerancia": true, "longitud_m": 469.90484553671109, "tipo": "highway.primary" }, "geometry": { "type": "LineString", "coordinates": [ [ -74.031240688352426, 4.82041495553447 ], [ -74.031247979835172, 4.820487374264725 ], [ -74.031254682944422, 4.82059321486772 ], [ -74.031247152772892, 4.820752945697914 ], [ -74.031208106409508, 4.821390861285074 ], [ -74.031199661008486, 4.821560088459985 ], [ -74.031203526285424, 4.821759544783426 ], [ -74.031211304819266, 4.821933679599016 ], [ -74.031224589198132, 4.8221040232024 ], [ -74.031276776139819, 4.822533527426973 ], [ -74.031326913243973, 4.822946023402241 ], [ -74.031374621825577, 4.823449648205075 ], [ -74.031390797130072, 4.823679785951435 ], [ -74.031405606647795, 4.823919238500107 ], [ -74.031412667148814, 4.824154609572116 ], [ -74.03141348141753, 4.824407157971796 ], [ -74.031408986808188, 4.824651738855623 ] ] } },
{ "type": "Feature", "properties": { "edge_id": "29505641#4", "fuera_tolerancia": true, "longitud_m": 462.33116905598661, "tipo": "highway.unclassified" }, "geometry": { "type": "LineString", "coordinates": [ [ -74.016896842410645, 4.763893752434012 ], [ -74.016797329338289, 4.763874253069955 ], [ -74.016592713336038, 4.763835065400439 ], [ -74.016501577271995, 4.763821367010203 ], [ -74.016405786006374, 4.763784234457968 ], [ -74.016321102352578, 4.763734816089971 ], [ -74.01622535122921, 4.76366946204129 ], [ -74.016119520844086, 4.763590706424725 ], [ -74.016040004721049, 4.763521486080012 ], [ -74.015990245006762, 4.763450589689854 ], [ -74.015954562249291, 4.763371663068892 ], [ -74.015925443426056, 4.763305409347791 ], [ -74.015883862751721, 4.763189297846954 ], [ -74.015845185966171, 4.763060074726261 ], [ -74.01577656040152, 4.76287762201826 ], [ -74.015745579430572, 4.762789385401699 ], [ -74.01571369181562, 4.762704675178855 ], [ -74.015652210174295, 4.762507488754277 ], [ -74.015610591369907, 4.762354833937188 ], [ -74.015576648161584, 4.762257366812571 ], [ -74.01554814884085, 4.76219934525629 ], [ -74.015493918896695, 4.762165257081572 ], [ -74.015424068839451, 4.762146523660459 ], [ -74.015378463707748, 4.76213415669076 ], [ -74.015361791860656, 4.762128253341479 ], [ -74.01571625808964, 4.761977793549709 ], [ -74.016102745654436, 4.761817881711122 ], [ -74.016681614669892, 4.761550152519002 ], [ -74.016749455715399, 4.761523294295682 ], [ -74.016806110220145, 4.76150085230645 ], [ -74.016829835356759, 4.761492293115665 ] ] } },
{ "type": "Feature", "properties": { "edge_id": "89480629#0", "fuera_tolerancia": true, "longitud_m": 442.5770532994992, "tipo": "highway.secondary" }, "geometry": { "type": "LineString", "coordinates": [ [ -74.043267113468318, 4.682672368082706 ], [ -74.043268559861886, 4.682669475515429 ], [ -74.043306981775075, 4.682591103970464 ], [ -74.043313852511261, 4.682577092911936 ], [ -74.043363846660341, 4.682474766731645 ], [ -74.04339684384054, 4.682407785032237 ], [ -74.043701587320086, 4.681793201130456 ], [ -74.043750763201487, 4.681695848780238 ], [ -74.044002060798761, 4.681202310241844 ], [ -74.04427099426691, 4.680667276968141 ], [ -74.044299647066921, 4.680612681532619 ], [ -74.044568004746552, 4.680102974544335 ], [ -74.044602803386937, 4.680036990197625 ], [ -74.044639593737202, 4.679964857654048 ], [ -74.045024581481627, 4.679209815759658 ], [ -74.045077371661634, 4.679106136343516 ] ] } },
{ "type": "Feature", "properties": { "edge_id": "344770359", "fuera_tolerancia": true, "longitud_m": 431.37501395592557, "tipo": "highway.primary" }, "geometry": { "type": "LineString", "coordinates": [ [ -74.050111863836733, 4.685489140711923 ], [ -74.049867887786348, 4.685435712213666 ], [ -74.049603731764819, 4.685371492090775 ], [ -74.049381857434483, 4.685307872105063 ], [ -74.049178915675569, 4.68524418735357 ], [ -74.048979402759528, 4.685178336302386 ], [ -74.048790708277593, 4.68511259037673 ], [ -74.048576791078858, 4.685031704147896 ], [ -74.048428299845099, 4.684970173767782 ], [ -74.048285217772317, 4.684908741179632 ], [ -74.048058165860255, 4.684807394179025 ], [ -74.047771569364429, 4.684671050518508 ], [ -74.046511689815659, 4.684052251910885 ] ] } },
{ "type": "Feature", "properties": { "edge_id": "217980395", "fuera_tolerancia": true, "longitud_m": 422.49896014115933, "tipo": "highway.residential" }, "geometry": { "type": "LineString", "coordinates": [ [ -74.014124814512016, 4.666403582099778 ], [ -74.014170425324735, 4.666407626135181 ], [ -74.014249110422512, 4.666419676558098 ], [ -74.014275241193246, 4.666429030002464 ], [ -74.014525645351924, 4.666519202298628 ], [ -74.014597652746019, 4.666535946909081 ], [ -74.014677718269098, 4.666527828021437 ], [ -74.014885970417609, 4.666396329116571 ], [ -74.015022149160416, 4.666295392845022 ], [ -74.015056734714719, 4.666254013519215 ], [ -74.015073203207763, 4.66621025696782 ], [ -74.015086907279041, 4.666144787613165 ], [ -74.0151852823046, 4.665548111145347 ], [ -74.015164292463339, 4.665343022818442 ], [ -74.015137083757637, 4.665201514825156 ], [ -74.01507972663083, 4.665087281599835 ], [ -74.014951225707179, 4.66504829661038 ], [ -74.01483689637513, 4.664996487041098 ], [ -74.014796841825415, 4.664951565727829 ], [ -74.014744850315012, 4.664868546594641 ], [ -74.014712807470858, 4.664767374233599 ], [ -74.014636915709701, 4.664627064276773 ], [ -74.014534750794198, 4.664450264546964 ], [ -74.014411167523562, 4.664246569960364 ], [ -74.014308957680441, 4.664102062173956 ], [ -74.014217648910332, 4.663962725552388 ], [ -74.014153218634718, 4.663878332133748 ] ] } },
{ "type": "Feature", "properties": { "edge_id": "-511816106", "fuera_tolerancia": true, "longitud_m": 416.52582508654376, "tipo": "highway.service" }, "geometry": { "type": "LineString", "coordinates": [ [ -74.001987332995185, 4.674892130395614 ], [ -74.002016629260439, 4.674958022255153 ], [ -74.002009700166923, 4.675012827187236 ], [ -74.001723367079904, 4.675275186539631 ], [ -74.00173490151667, 4.675342409898487 ], [ -74.001827629119987, 4.675433447764152 ], [ -74.001846591107451, 4.675539576697005 ], [ -74.001840869453062, 4.675696686210435 ], [ -74.001855511581851, 4.67579756268738 ], [ -74.001728122376761, 4.675928086395224 ], [ -74.00170858683407, 4.676036059982647 ], [ -74.001736630954497, 4.676158573937403 ], [ -74.001772729972686, 4.676195259039318 ], [ -74.001820644391643, 4.676228071480531 ], [ -74.002062892860735, 4.676157320261458 ], [ -74.002214204289302, 4.676195345387859 ], [ -74.002277486487955, 4.676325959900693 ], [ -74.002306801238618, 4.676569954681137 ], [ -74.002357096686254, 4.676831436873002 ], [ -74.00235736779662, 4.677085792429444 ], [ -74.002439850393074, 4.677217881557536 ], [ -74.00257659704981, 4.67729161503244 ], [ -74.003087334419433, 4.677401248360198 ] ] } },
{ "type": "Feature", "properties": { "edge_id": "-217980395", "fuera_tolerancia": true, "longitud_m": 414.91142197637566, "tipo": "highway.residential" }, "geometry": { "type": "LineString", "coordinates": [ [ -74.014130295659228, 4.66389602890209 ], [ -74.01419418629051, 4.663979517026687 ], [ -74.014285135211054, 4.664118310422596 ], [ -74.014386984952097, 4.664262455891081 ], [ -74.014510028825867, 4.664465064277871 ], [ -74.014611834141746, 4.664641139874964 ], [ -74.014686106967972, 4.664778733946524 ], [ -74.014718509150271, 4.664880811350746 ], [ -74.014773738771822, 4.664969081352336 ], [ -74.014819554143443, 4.665020342519841 ], [ -74.014941091000395, 4.665075418543982 ], [ -74.015059499326128, 4.66511131394582 ], [ -74.015109484505501, 4.665210883306496 ], [ -74.015135798756162, 4.665347324629261 ], [ -74.015156254994977, 4.665547165883339 ], [ -74.015058607205333, 4.666139501577867 ], [ -74.01504544807203, 4.666202077173107 ], [ -74.015031513134176, 4.666239143694449 ], [ -74.01500216515997, 4.666274198600195 ], [ -74.014869776542568, 4.666372426572846 ], [ -74.014668021070818, 4.666499773718412 ], [ -74.014599496638297, 4.666506642456165 ], [ -74.014533797794329, 4.666491353965832 ], [ -74.014284925325484, 4.666401817002332 ], [ -74.014256181566893, 4.666391464896527 ], [ -74.014173891192343, 4.666378866688117 ], [ -74.014127288847504, 4.666374730806726 ] ] } },
{ "type": "Feature", "properties": { "edge_id": "511816106", "fuera_tolerancia": true, "longitud_m": 413.37770976799311, "tipo": "highway.service" }, "geometry": { "type": "LineString", "coordinates": [ [ -74.003093324620849, 4.677372854491645 ], [ -74.002586552676718, 4.677264131355532 ], [ -74.002460255716699, 4.677196020885302 ], [ -74.002386228200947, 4.677077511825925 ], [ -74.002385949399596, 4.6768285834648 ], [ -74.002335295637181, 4.67656547259977 ], [ -74.002305625644595, 4.676317678266443 ], [ -74.00223425307081, 4.676170589697715 ], [ -74.002062394452864, 4.67612728899979 ], [ -74.001825737713347, 4.676196420027803 ], [ -74.001791333008242, 4.676172853094617 ], [ -74.001762975777339, 4.676144138932124 ], [ -74.001737977348526, 4.676035378244277 ], [ -74.0017549678916, 4.675942054488585 ], [ -74.001886149104351, 4.675807556226438 ], [ -74.001869720324081, 4.675695099159853 ], [ -74.001875623043659, 4.67553744718202 ], [ -74.001854334262333, 4.675419194169342 ], [ -74.001761786703668, 4.67532833747033 ], [ -74.001754544464163, 4.67528590447638 ], [ -74.002036906009394, 4.67502697668415 ], [ -74.002046205411176, 4.674953541712852 ], [ -74.002013673922292, 4.674880408967788 ] ] } },
{ "type": "Feature", "properties": { "edge_id": "741972929#1", "fuera_tolerancia": true, "longitud_m": 411.69005445927331, "tipo": "highway.primary" }, "geometry": { "type": "LineString", "coordinates": [ [ -74.030702377079521, 4.67612146880961 ], [ -74.030628161898818, 4.676529043345509 ], [ -74.030598255413977, 4.676708101336828 ], [ -74.03059698616606, 4.676778834791891 ], [ -74.030601052219382, 4.676837726127459 ], [ -74.03061602289398, 4.676899436639255 ], [ -74.030633441872581, 4.676950838757376 ], [ -74.030672205779666, 4.677017738096171 ], [ -74.030723967481677, 4.67707316773717 ], [ -74.030784935839534, 4.677120559691508 ], [ -74.030879796416087, 4.677171797626696 ], [ -74.031315783942063, 4.677362807084472 ], [ -74.031425449669612, 4.677399502306388 ], [ -74.031535583449994, 4.677423625018884 ], [ -74.031673577564234, 4.677445524887941 ], [ -74.032793562925818, 4.677631870948778 ], [ -74.032899203585245, 4.677645494558902 ], [ -74.032986550913918, 4.677653484722917 ], [ -74.033083731361856, 4.677656784832097 ], [ -74.033170106372339, 4.677650662760203 ], [ -74.033244590012757, 4.67763810200321 ], [ -74.033340997918614, 4.677613088812102 ] ] } },
{ "type": "Feature", "properties": { "edge_id": "1313521662", "fuera_tolerancia": true, "longitud_m": 409.57382601397683, "tipo": "highway.primary" }, "geometry": { "type": "LineString", "coordinates": [ [ -74.031488119934153, 4.82467853562291 ], [ -74.031505910540119, 4.824214351665089 ], [ -74.031502392915954, 4.824024122128942 ], [ -74.031496981858126, 4.823897388519438 ], [ -74.031484464217442, 4.823695025327534 ], [ -74.031469621974452, 4.823478638468631 ], [ -74.031423961573495, 4.82305678689143 ], [ -74.031378422238376, 4.822613136103642 ], [ -74.031331347809399, 4.822171020846332 ], [ -74.031315922485376, 4.821984302034048 ], [ -74.031305753766134, 4.821778776308434 ], [ -74.031305802278069, 4.821489957119931 ], [ -74.03131771380292, 4.821229105091467 ], [ -74.031338122089977, 4.820985496636443 ] ] } },
{ "type": "Feature", "properties": { "edge_id": "-741972928", "fuera_tolerancia": true, "longitud_m": 405.66455335285201, "tipo": "highway.primary" }, "geometry": { "type": "LineString", "coordinates": [ [ -74.033334182274686, 4.677586847653901 ], [ -74.033239037008954, 4.677611500770922 ], [ -74.033166897842278, 4.677623702948009 ], [ -74.033083227669351, 4.677629647846842 ], [ -74.032988210893834, 4.67762635072658 ], [ -74.032902125460225, 4.677618543214983 ], [ -74.032797566390599, 4.67760510200875 ], [ -74.031677941678922, 4.677418756461487 ], [ -74.031540668791791, 4.677396857591845 ], [ -74.031432697936268, 4.677373280598327 ], [ -74.031325555246752, 4.677337493411129 ], [ -74.030891549848008, 4.677147391247562 ], [ -74.030799752227722, 4.677097785730058 ], [ -74.030742205942943, 4.677053112140918 ], [ -74.030694045125571, 4.677001486563483 ], [ -74.030658159387272, 4.676939475738387 ], [ -74.030641997320956, 4.676891874438311 ], [ -74.030627923444698, 4.676833602428955 ], [ -74.030624032968191, 4.676778148597077 ], [ -74.03062529773598, 4.676710671487701 ], [ -74.030654840619022, 4.676533783892278 ], [ -74.030728965508999, 4.676126299679807 ] ] } },
{ "type": "Feature", "properties": { "edge_id": "741972936#0", "fuera_tolerancia": true, "longitud_m": 390.25187713083085, "tipo": "highway.primary" }, "geometry": { "type": "LineString", "coordinates": [ [ -74.012607643232641, 4.668287501018789 ], [ -74.012608132671943, 4.668324316393884 ], [ -74.012619013252191, 4.668408634625372 ], [ -74.012622045511989, 4.66843215687447 ], [ -74.01264527882357, 4.668515045231417 ], [ -74.012685004363547, 4.668601846312121 ], [ -74.012718814328892, 4.668664035639806 ], [ -74.012764516921067, 4.668731488022895 ], [ -74.01282582301063, 4.668793716043725 ], [ -74.012899743577918, 4.668860755862479 ], [ -74.013281593642475, 4.669141157113298 ], [ -74.014253600616073, 4.669855661649896 ], [ -74.014313321090299, 4.669891474843833 ], [ -74.014366736404739, 4.669923389658571 ], [ -74.014432233524857, 4.669954236003111 ], [ -74.014521975693341, 4.669989186833902 ], [ -74.014623619750623, 4.67002279757054 ], [ -74.014742753823569, 4.6700559805971 ], [ -74.015365928678534, 4.67021614503333 ] ] } },
{ "type": "Feature", "properties": { "edge_id": "-741972936#0", "fuera_tolerancia": true, "longitud_m": 386.33167424561191, "tipo": "highway.primary" }, "geometry": { "type": "LineString", "coordinates": [ [ -74.015372636595629, 4.670189832382813 ], [ -74.014749641936461, 4.670029758663979 ], [ -74.014631409128526, 4.669996757813386 ], [ -74.014531026436003, 4.669963691573924 ], [ -74.014442906237008, 4.669929285747102 ], [ -74.014379391185784, 4.669899346727643 ], [ -74.014327236981075, 4.669868157317044 ], [ -74.014268597313674, 4.669833069274136 ], [ -74.013297490848132, 4.669119289658293 ], [ -74.012916901890733, 4.668839613821925 ], [ -74.012844602021616, 4.66877402354621 ], [ -74.012785456272098, 4.668714150365452 ], [ -74.012741912754336, 4.66864995735801 ], [ -74.012709181819147, 4.668589759532791 ], [ -74.012670714598755, 4.668505673837157 ], [ -74.012648557533751, 4.668426766961281 ], [ -74.012645793070931, 4.668405144618292 ], [ -74.012635180791023, 4.668322364478328 ], [ -74.012634689200624, 4.668287086814108 ] ] } },
{ "type": "Feature", "properties": { "edge_id": "90071638", "fuera_tolerancia": true, "longitud_m": 334.69290121714528, "tipo": "highway.service" }, "geometry": { "type": "LineString", "coordinates": [ [ -74.045961793500922, 4.756168456761449 ], [ -74.045912052640546, 4.755950573570606 ], [ -74.04589605508491, 4.755847614259561 ], [ -74.045890282239426, 4.755783835883943 ], [ -74.045884010866075, 4.755689211854358 ], [ -74.045889151974251, 4.755556884132056 ], [ -74.045914201599302, 4.755437338059907 ], [ -74.046047685681188, 4.754751335519827 ], [ -74.046056045153549, 4.754704491692378 ], [ -74.046068402041499, 4.754635672969161 ], [ -74.046080395162235, 4.754569115102589 ], [ -74.0460861194898, 4.754537102154331 ], [ -74.046098203639431, 4.75446991123149 ], [ -74.046227404349636, 4.753816737600686 ], [ -74.046238389461095, 4.753761937407545 ], [ -74.046289096693741, 4.753604978658637 ], [ -74.046316316856277, 4.753546040026303 ], [ -74.046370808524856, 4.753456384616887 ], [ -74.046434749632297, 4.753379586808736 ], [ -74.046526687256133, 4.753269359576808 ] ] } },
{ "type": "Feature", "properties": { "edge_id": "741972935#1", "fuera_tolerancia": true, "longitud_m": 334.44892616873091, "tipo": "highway.primary" }, "geometry": { "type": "LineString", "coordinates": [ [ -74.017398039354177, 4.672480885401869 ], [ -74.017442835219271, 4.672487822692405 ], [ -74.018045027459735, 4.672569080091412 ], [ -74.018111172711258, 4.672587987166803 ], [ -74.018170815331388, 4.672615297342062 ], [ -74.018219276739131, 4.672644310476124 ], [ -74.018252953628306, 4.672673031537931 ], [ -74.018274014548822, 4.672697935863856 ], [ -74.018306220446448, 4.672747187902897 ], [ -74.018338572296557, 4.672821134065306 ], [ -74.018418479264881, 4.673057149799523 ], [ -74.018441038429216, 4.67310675014226 ], [ -74.018467567299822, 4.673154185150364 ], [ -74.018507782024273, 4.673214031511939 ], [ -74.018558620085145, 4.6732843854046 ], [ -74.018600565703025, 4.673331299276734 ], [ -74.018653498915967, 4.673386098024939 ], [ -74.018703021586731, 4.673429947070141 ], [ -74.018772277601855, 4.673480969603476 ], [ -74.018846142321948, 4.673524129092644 ], [ -74.019171636252125, 4.673686497280275 ], [ -74.019379473176826, 4.673790177006236 ], [ -74.019558301209457, 4.673879433917767 ], [ -74.019617677451052, 4.673903939558327 ], [ -74.019661832963166, 4.673917659880579 ], [ -74.019717347759325, 4.673931305637566 ], [ -74.019793509762906, 4.673943261647949 ], [ -74.019816316594301, 4.67394446945212 ] ] } },
{ "type": "Feature", "properties": { "edge_id": "-741972935#1", "fuera_tolerancia": true, "longitud_m": 334.06600447092012, "tipo": "highway.primary" }, "geometry": { "type": "LineString", "coordinates": [ [ -74.01981698536386, 4.673917334201198 ], [ -74.019796251778729, 4.673916310205261 ], [ -74.019722613531883, 4.673904719542141 ], [ -74.019669081579281, 4.673891438375787 ], [ -74.019626908407346, 4.673878444459308 ], [ -74.019569514505932, 4.673854665225046 ], [ -74.019391587242509, 4.673765952301497 ], [ -74.019183750321673, 4.673662272580187 ], [ -74.018858977110014, 4.673500267224594 ], [ -74.018787094224223, 4.673458195959081 ], [ -74.018719999591553, 4.673408804624504 ], [ -74.018672097642423, 4.67336640511282 ], [ -74.018620424794321, 4.673312874485858 ], [ -74.018579739541011, 4.673267228734748 ], [ -74.018529981036551, 4.673198504525836 ], [ -74.018490666067862, 4.673139925780269 ], [ -74.018465216250192, 4.673094482270258 ], [ -74.018443735886748, 4.67304705433295 ], [ -74.018363828658153, 4.672811219507491 ], [ -74.018330038654511, 4.672734195898331 ], [ -74.018295673641802, 4.672681684495064 ], [ -74.01827209249663, 4.672653882114499 ], [ -74.018235174420468, 4.672622081080664 ], [ -74.018183289761154, 4.672591254074512 ], [ -74.018120583994275, 4.672562492347112 ], [ -74.018050473575414, 4.672542494271274 ], [ -74.017446658875159, 4.672461053699442 ], [ -74.017402133466973, 4.672454116788627 ] ] } },
{ "type": "Feature", "properties": { "edge_id": "810560680", "fuera_tolerancia": true, "longitud_m": 329.2152675993276, "tipo": "highway.residential" }, "geometry": { "type": "LineString", "coordinates": [ [ -74.017161685698539, 4.672463096435271 ], [ -74.016837278161844, 4.672492400815717 ], [ -74.016283788811904, 4.672590490329431 ], [ -74.016131567605314, 4.672622568705981 ], [ -74.016027931888161, 4.672659237946884 ], [ -74.015989749377596, 4.672693828170385 ], [ -74.015962925104247, 4.672729067514419 ], [ -74.015910905867742, 4.672924103439896 ], [ -74.015883877077272, 4.673235226736438 ], [ -74.015975075588372, 4.673648367083437 ], [ -74.016045228372377, 4.673961164560575 ], [ -74.016072421783434, 4.674178382447582 ], [ -74.016082763838867, 4.674261252699917 ], [ -74.016135376898816, 4.674416183578121 ] ] } },
{ "type": "Feature", "properties": { "edge_id": "-810560679#0", "fuera_tolerancia": true, "longitud_m": 323.37269361138812, "tipo": "highway.residential" }, "geometry": { "type": "LineString", "coordinates": [ [ -74.016162706075448, 4.674406814752362 ], [ -74.016111080643682, 4.674254779785212 ], [ -74.016101005003321, 4.674174804430028 ], [ -74.016073723449821, 4.673956139156862 ], [ -74.016003211811352, 4.673642074822157 ], [ -74.01591308904915, 4.673233277770861 ], [ -74.015939386772274, 4.672929208844533 ], [ -74.015989231258786, 4.672742129801462 ], [ -74.016010997697904, 4.672713576941027 ], [ -74.016043042068048, 4.672684586238682 ], [ -74.016139281812201, 4.672650439322761 ], [ -74.016289338625938, 4.672618900631317 ], [ -74.016841024459538, 4.67252117040366 ], [ -74.0171642599108, 4.672491954834683 ] ] } },
{ "type": "Feature", "properties": { "edge_id": "24075281", "fuera_tolerancia": true, "longitud_m": 321.17242459338672, "tipo": "highway.primary" }, "geometry": { "type": "LineString", "coordinates": [ [ -74.055633373825259, 4.686702656749465 ], [ -74.05794536092796, 4.687198666071461 ], [ -74.058072350450701, 4.687227601929537 ], [ -74.058183471539337, 4.68725742092799 ], [ -74.058452908967766, 4.68735140489447 ] ] } },
{ "type": "Feature", "properties": { "edge_id": "24075285", "fuera_tolerancia": true, "longitud_m": 315.30156484522831, "tipo": "highway.primary" }, "geometry": { "type": "LineString", "coordinates": [ [ -74.058552087242887, 4.687076103235498 ], [ -74.058404070587315, 4.687062878292064 ], [ -74.058326816935534, 4.687056080525816 ], [ -74.058171326659206, 4.687035970888722 ], [ -74.05799295587353, 4.687001809861689 ], [ -74.056172416013652, 4.686630478332441 ], [ -74.056029928035684, 4.686595641664693 ], [ -74.055768313228469, 4.686517768420574 ] ] } },
{ "type": "Feature", "properties": { "edge_id": "24234035", "fuera_tolerancia": true, "longitud_m": 298.56673549610798, "tipo": "highway.primary" }, "geometry": { "type": "LineString", "coordinates": [ [ -74.055839280777235, 4.699587505452813 ], [ -74.054410263902312, 4.699347762399707 ], [ -74.053818512595285, 4.699254876346639 ], [ -74.053192622838282, 4.699105951945929 ] ] } },
{ "type": "Feature", "properties": { "edge_id": "-124004076#0", "fuera_tolerancia": true, "longitud_m": 296.61374187062393, "tipo": "highway.unclassified" }, "geometry": { "type": "LineString", "coordinates": [ [ -74.005125958055416, 4.812026454601876 ], [ -74.005565862596754, 4.812298095149711 ], [ -74.005737645631342, 4.812353612982061 ], [ -74.005804124784873, 4.812337066680047 ], [ -74.005871722725516, 4.812295195101039 ], [ -74.005912213736906, 4.812229766092036 ], [ -74.005955966592055, 4.81209134608513 ], [ -74.00581528778963, 4.811603869128414 ], [ -74.005794928908344, 4.811466169588654 ], [ -74.005837079397025, 4.811375596999545 ], [ -74.005942700911305, 4.811290815623566 ], [ -74.006034439216492, 4.811266165360637 ], [ -74.006143650058647, 4.811255560838845 ], [ -74.006467043374485, 4.811286786891157 ], [ -74.006662210483441, 4.811321443874037 ] ] } },
{ "type": "Feature", "properties": { "edge_id": "124004076#0", "fuera_tolerancia": true, "longitud_m": 295.38234387092541, "tipo": "highway.unclassified" }, "geometry": { "type": "LineString", "coordinates": [ [ -74.006667301412577, 4.81129286807353 ], [ -74.006470872200481, 4.811258028345648 ], [ -74.006143692304562, 4.811226434958086 ], [ -74.006029250850858, 4.811237574564813 ], [ -74.005929394148254, 4.811264383853217 ], [ -74.005813842183244, 4.811357291518699 ], [ -74.005765179277248, 4.811461784393398 ], [ -74.005786965638876, 4.811609978591553 ], [ -74.005925850478818, 4.812090940298147 ], [ -74.005885721465432, 4.812217606674068 ], [ -74.005850833831929, 4.81227417944779 ], [ -74.005792802534572, 4.812310095083594 ], [ -74.005738590913026, 4.812323583892469 ], [ -74.005577983662292, 4.812271700515591 ], [ -74.005141052228524, 4.812001782933449 ] ] } },
{ "type": "Feature", "properties": { "edge_id": "1342997228", "fuera_tolerancia": true, "longitud_m": 287.41715617783439, "tipo": "highway.service" }, "geometry": { "type": "LineString", "coordinates": [ [ -74.034264690705129, 4.825068366754202 ], [ -74.034214827995953, 4.825385517846483 ], [ -74.034125366992825, 4.825775337562667 ], [ -74.034120467258589, 4.825796858631621 ], [ -74.03401578721342, 4.826172364929013 ], [ -74.033911115868463, 4.826477859844361 ], [ -74.033803445431957, 4.82679981306983 ], [ -74.033565061324538, 4.827478239986993 ], [ -74.033532669783995, 4.827555803330287 ] ] } },
{ "type": "Feature", "properties": { "edge_id": "1164366505#1", "fuera_tolerancia": true, "longitud_m": 286.56081555090032, "tipo": "highway.service" }, "geometry": { "type": "LineString", "coordinates": [ [ -74.034234673512358, 4.825061178196862 ], [ -74.034196092203786, 4.825179979813602 ], [ -74.034006459350024, 4.825881904034613 ], [ -74.03396748692397, 4.826022142646827 ], [ -74.033832351625918, 4.8265087734393 ], [ -74.033532932138215, 4.827434143168461 ], [ -74.033503648237883, 4.827545902520905 ] ] } },
{ "type": "Feature", "properties": { "edge_id": "-331675702", "fuera_tolerancia": true, "longitud_m": 280.12826675195191, "tipo": "highway.service" }, "geometry": { "type": "LineString", "coordinates": [ [ -74.00354275572505, 4.812710045522386 ], [ -74.003677717332195, 4.813035512658996 ], [ -74.004111830743639, 4.813258934133811 ], [ -74.004229226538953, 4.81326263357001 ], [ -74.004453932705744, 4.813198650066694 ], [ -74.004521446149056, 4.813152979499903 ], [ -74.004556827499258, 4.813129061151018 ], [ -74.004792949573115, 4.812655160329316 ], [ -74.005088070558315, 4.812037615432359 ] ] } },
{ "type": "Feature", "properties": { "edge_id": "331675702", "fuera_tolerancia": true, "longitud_m": 272.59218168171793, "tipo": "highway.service" }, "geometry": { "type": "LineString", "coordinates": [ [ -74.005062029687991, 4.812025094833643 ], [ -74.004766999121827, 4.812642458941602 ], [ -74.004534494078982, 4.813109309692957 ], [ -74.004505340615765, 4.813128985849684 ], [ -74.004441708283323, 4.813172038949613 ], [ -74.004225662096829, 4.813233502431201 ], [ -74.004119266480913, 4.813230180903347 ], [ -74.003700290265897, 4.813014560565412 ], [ -74.003569462239824, 4.812698868424199 ] ] } },
{ "type": "Feature", "properties": { "edge_id": "89480581", "fuera_tolerancia": true, "longitud_m": 253.25591615249897, "tipo": "highway.primary" }, "geometry": { "type": "LineString", "coordinates": [ [ -74.048579714423724, 4.68453646871024 ], [ -74.047293630034204, 4.685293541513693 ], [ -74.046599375319971, 4.685674946736818 ] ] } },
{ "type": "Feature", "properties": { "edge_id": "915043389", "fuera_tolerancia": true, "longitud_m": 244.86072946090201, "tipo": "highway.service" }, "geometry": { "type": "LineString", "coordinates": [ [ -74.012667617246322, 4.668270761021756 ], [ -74.012807462506885, 4.668385020030989 ], [ -74.012943311469726, 4.668585023585102 ], [ -74.013012271316541, 4.668653775032092 ], [ -74.013081373786392, 4.668684988354307 ], [ -74.013198962688975, 4.668726943425338 ], [ -74.013300647926044, 4.668730885517491 ], [ -74.013443879475474, 4.668744474127386 ], [ -74.013577464857562, 4.668758049145135 ], [ -74.013758372056728, 4.668777117898684 ], [ -74.01384577847513, 4.668741511525399 ], [ -74.013929976321776, 4.668679488116891 ], [ -74.013983981838038, 4.668611452307512 ], [ -74.01400488733411, 4.668553772158957 ], [ -74.014020298781119, 4.668492375681031 ], [ -74.014030716183655, 4.66839198659009 ], [ -74.014001255714575, 4.668249209069807 ], [ -74.013909747433857, 4.667994272073862 ] ] } },
{ "type": "Feature", "properties": { "edge_id": "1164366505#2", "fuera_tolerancia": true, "longitud_m": 242.7825536212836, "tipo": "highway.service" }, "geometry": { "type": "LineString", "coordinates": [ [ -74.033443542474302, 4.827772946727771 ], [ -74.033198586436711, 4.828570582260472 ], [ -74.033110587518863, 4.828818481499362 ], [ -74.033085962332564, 4.828887824557311 ], [ -74.032903373367304, 4.829453082147962 ], [ -74.03280440215012, 4.829871380809731 ] ] } },
{ "type": "Feature", "properties": { "edge_id": "-810514342", "fuera_tolerancia": true, "longitud_m": 241.02320383855152, "tipo": "highway.residential" }, "geometry": { "type": "LineString", "coordinates": [ [ -74.015405323561964, 4.666078208046822 ], [ -74.015320518176367, 4.666123677822046 ], [ -74.014587780415496, 4.666827375294773 ], [ -74.014064881024908, 4.667360408844798 ], [ -74.013918808309498, 4.667509452379608 ], [ -74.013868820421038, 4.667605624983891 ] ] } },
{ "type": "Feature", "properties": { "edge_id": "810514342", "fuera_tolerancia": true, "longitud_m": 239.10066119971975, "tipo": "highway.residential" }, "geometry": { "type": "LineString", "coordinates": [ [ -74.013894404635664, 4.667619048103685 ], [ -74.01394240389601, 4.667526671762636 ], [ -74.014085407184155, 4.667380699339828 ], [ -74.014608125774103, 4.666848027336161 ], [ -74.015337613826219, 4.666147400714915 ], [ -74.015418990958764, 4.666103735206169 ] ] } },
{ "type": "Feature", "properties": { "edge_id": "-915043389", "fuera_tolerancia": true, "longitud_m": 236.46809552170174, "tipo": "highway.service" }, "geometry": { "type": "LineString", "coordinates": [ [ -74.013882688460257, 4.668004003054376 ], [ -74.013973478047333, 4.668257129965671 ], [ -74.014001505183913, 4.668393392797029 ], [ -74.013991818079148, 4.668487270238659 ], [ -74.013977312940781, 4.668545230744495 ], [ -74.013958398851955, 4.668597124647042 ], [ -74.01390981175328, 4.668658474488831 ], [ -74.013831570203422, 4.66871598357812 ], [ -74.013754266281666, 4.668747624186072 ], [ -74.013580389873184, 4.668729288949861 ], [ -74.013446624193861, 4.668715713680238 ], [ -74.013302491390832, 4.66870194289688 ], [ -74.013204411952543, 4.668698186785658 ], [ -74.013092229596552, 4.668658048398282 ], [ -74.013028893011167, 4.668629556803221 ], [ -74.01296551469855, 4.668566421345687 ], [ -74.012828946039022, 4.668365331337143 ], [ -74.012685859256891, 4.668248263703397 ] ] } },
{ "type": "Feature", "properties": { "edge_id": "77372779#5", "fuera_tolerancia": true, "longitud_m": 236.45242549387396, "tipo": "highway.primary" }, "geometry": { "type": "LineString", "coordinates": [ [ -74.011742188461326, 4.666162609203735 ], [ -74.011789113777084, 4.666193610458469 ], [ -74.011809022183328, 4.666204312031676 ], [ -74.011888025518289, 4.666246574710202 ], [ -74.011992261615106, 4.666295656934304 ], [ -74.012090564339758, 4.666332881351059 ], [ -74.012199693021003, 4.666364512859262 ], [ -74.012308472491611, 4.666388003021676 ], [ -74.012373277185191, 4.666397953677443 ], [ -74.01246648256793, 4.666405682944918 ], [ -74.012594221430092, 4.666409390365258 ], [ -74.012693753057405, 4.666405912234609 ], [ -74.012765346127964, 4.666396515295316 ], [ -74.012818189331142, 4.666386006530698 ], [ -74.012947152732224, 4.666352086832731 ], [ -74.013593616707865, 4.666165032677555 ], [ -74.013636812361327, 4.666155505278436 ], [ -74.013709303892171, 4.666148280388783 ], [ -74.013752217224351, 4.666147255243515 ], [ -74.013791066697706, 4.66615128979902 ] ] } },
{ "type": "Feature", "properties": { "edge_id": "1014383913", "fuera_tolerancia": true, "longitud_m": 235.54623265359049, "tipo": "highway.primary" }, "geometry": { "type": "LineString", "coordinates": [ [ -74.045605239151314, 4.751436766108926 ], [ -74.045648117048813, 4.751449195111649 ], [ -74.046318779421213, 4.751623614847356 ], [ -74.046993069016494, 4.751783294931671 ], [ -74.047670715061429, 4.75192841588089 ] ] } },
{ "type": "Feature", "properties": { "edge_id": "-77372779#5", "fuera_tolerancia": true, "longitud_m": 235.01567146358238, "tipo": "highway.primary" }, "geometry": { "type": "LineString", "coordinates": [ [ -74.013793898995885, 4.66612433854265 ], [ -74.013753336909829, 4.666120120673547 ], [ -74.013707719053144, 4.666121142018858 ], [ -74.01363252249395, 4.666128724922787 ], [ -74.013586982161925, 4.666138791749685 ], [ -74.012939977306033, 4.666325845142912 ], [ -74.012812095973246, 4.666359585454924 ], [ -74.012761056295204, 4.666369734941227 ], [ -74.012691447052362, 4.666378772856212 ], [ -74.012594079049975, 4.666382254031259 ], [ -74.012467962908346, 4.666378548895155 ], [ -74.012376379991835, 4.66637100281925 ], [ -74.01231337806496, 4.666361235608764 ], [ -74.012206220807613, 4.666338109546104 ], [ -74.012099074689615, 4.666307023552832 ], [ -74.012002754021395, 4.666270706465622 ], [ -74.011900139629972, 4.666222350156788 ], [ -74.011821766972716, 4.666180359729223 ], [ -74.011803029642024, 4.666170292981562 ], [ -74.011757095100293, 4.666139926299228 ] ] } },
{ "type": "Feature", "properties": { "edge_id": "212860731", "fuera_tolerancia": true, "longitud_m": 221.20276312894305, "tipo": "highway.residential" }, "geometry": { "type": "LineString", "coordinates": [ [ -74.010828205428183, 4.693667386560505 ], [ -74.011088741730958, 4.693802712708243 ], [ -74.011125583149578, 4.693825287883229 ], [ -74.011153841443488, 4.693860966675755 ], [ -74.011162263744197, 4.693898064616528 ], [ -74.011182720505545, 4.694032055494125 ], [ -74.011203462123618, 4.694091784311254 ], [ -74.011241802059445, 4.69413860319185 ], [ -74.011302607252347, 4.694173514020308 ], [ -74.011374267520864, 4.694182480020428 ], [ -74.011455069542862, 4.694165770120916 ], [ -74.011535631141683, 4.694127712801923 ], [ -74.011702904416239, 4.694037676973809 ], [ -74.011773077111428, 4.69401462021872 ], [ -74.011834651541406, 4.69401543105281 ], [ -74.011891322260595, 4.694041381063311 ], [ -74.011956732176046, 4.694135545529291 ], [ -74.012108405491418, 4.694432357961272 ], [ -74.012162575419524, 4.694505702154887 ], [ -74.012237383905529, 4.694519828393992 ] ] } },
{ "type": "Feature", "properties": { "edge_id": "-212860731", "fuera_tolerancia": true, "longitud_m": 219.46580249562717, "tipo": "highway.residential" }, "geometry": { "type": "LineString", "coordinates": [ [ -74.012236163469936, 4.694490157852866 ], [ -74.012179020680904, 4.694479312959539 ], [ -74.01213294913093, 4.69441701558465 ], [ -74.011981455605877, 4.694120565225758 ], [ -74.011910467567247, 4.69401825203029 ], [ -74.011841003069833, 4.693986494867175 ], [ -74.011768610116093, 4.693985668712112 ], [ -74.011691582636061, 4.694010886646677 ], [ -74.011522685315683, 4.694101824709241 ], [ -74.011445912750531, 4.694138078321973 ], [ -74.011373046610402, 4.694153171299326 ], [ -74.011311842471827, 4.694145486467471 ], [ -74.011260766059635, 4.694116197554239 ], [ -74.011229086341999, 4.694077348035993 ], [ -74.011210858602738, 4.694025039982789 ], [ -74.011190579852453, 4.693892677523266 ], [ -74.011180545213278, 4.693848160096587 ], [ -74.011144907250269, 4.693803244572576 ], [ -74.011102841464435, 4.693777405662731 ], [ -74.01084140413252, 4.693641716429688 ] ] } },
{ "type": "Feature", "properties": { "edge_id": "41012758", "fuera_tolerancia": true, "longitud_m": 211.23441014248007, "tipo": "highway.primary" }, "geometry": { "type": "LineString", "coordinates": [ [ -74.045801978333571, 4.760391552681219 ], [ -74.044436959389628, 4.760410101186834 ], [ -74.044207676850021, 4.760406797758387 ], [ -74.044123196826718, 4.760404147688399 ], [ -74.044040974148331, 4.760399148930316 ], [ -74.043898985963637, 4.760384569415452 ] ] } },
{ "type": "Feature", "properties": { "edge_id": "41012752", "fuera_tolerancia": true, "longitud_m": 210.79089506490982, "tipo": "highway.primary" }, "geometry": { "type": "LineString", "coordinates": [ [ -74.043906847832275, 4.760502442389005 ], [ -74.044062718277843, 4.760519212098022 ], [ -74.044150803244619, 4.760523043092808 ], [ -74.044246014155419, 4.760524713069089 ], [ -74.044414262041258, 4.760523409015412 ], [ -74.045805871574046, 4.76051068655647 ] ] } },
{ "type": "Feature", "properties": { "edge_id": "-1164694142#4", "fuera_tolerancia": true, "longitud_m": 205.15969874752733, "tipo": "highway.primary" }, "geometry": { "type": "LineString", "coordinates": [ [ -74.023599432860692, 4.675596557601727 ], [ -74.023530761570214, 4.675578551975759 ], [ -74.023467605986497, 4.675548704552769 ], [ -74.023396360750311, 4.675501478669968 ], [ -74.023341888867975, 4.675450658006026 ], [ -74.023298869469826, 4.675397591956231 ], [ -74.023264239880248, 4.675340467171077 ], [ -74.023049907080846, 4.674914039319744 ], [ -74.022984048081298, 4.674818337560307 ], [ -74.022927516435217, 4.674757654518043 ], [ -74.02286240755609, 4.674706185822171 ], [ -74.022814486303616, 4.674677445056942 ], [ -74.022763763193467, 4.674653856260986 ], [ -74.022726093733255, 4.674643582412696 ], [ -74.02268679489211, 4.67463810035334 ], [ -74.022655871307705, 4.674639052211151 ], [ -74.02262701671178, 4.674643263298842 ], [ -74.02259878716454, 4.674651817050558 ], [ -74.022554680800852, 4.674667584973335 ], [ -74.022491433585827, 4.674703949705253 ], [ -74.022347134892541, 4.674808584572339 ], [ -74.02231816844602, 4.674828444034738 ], [ -74.022279645988135, 4.674848199705647 ] ] } },
{ "type": "Feature", "properties": { "edge_id": "1164694142#4", "fuera_tolerancia": true, "longitud_m": 203.06452602637663, "tipo": "highway.primary" }, "geometry": { "type": "LineString", "coordinates": [ [ -74.022291151490947, 4.674872728801226 ], [ -74.022332019537927, 4.674851800500895 ], [ -74.022362610229806, 4.674830857856342 ], [ -74.022506186956861, 4.674726764703466 ], [ -74.022566005632072, 4.674692385175922 ], [ -74.022607225873259, 4.674677517766735 ], [ -74.022632929906365, 4.674669865032068 ], [ -74.022658177663132, 4.674666191637121 ], [ -74.022685314856048, 4.674665234497725 ], [ -74.022720647753445, 4.674670168301295 ], [ -74.022754532325933, 4.674679351422498 ], [ -74.022801831658285, 4.674701488179521 ], [ -74.022847050600632, 4.674728597004273 ], [ -74.022909097562376, 4.674777709626547 ], [ -74.022962928650472, 4.674835494374952 ], [ -74.023026628504667, 4.67492793677973 ], [ -74.023240601684009, 4.6753536405022 ], [ -74.023276670201085, 4.675413300007761 ], [ -74.023322029549618, 4.675469263850667 ], [ -74.023379562852668, 4.675522802405718 ], [ -74.023454230621454, 4.675572384867009 ], [ -74.023521530458723, 4.675604228057746 ], [ -74.023592544960877, 4.675622779675632 ] ] } },
{ "type": "Feature", "properties": { "edge_id": "-795754243#1", "fuera_tolerancia": true, "longitud_m": 192.61291599534593, "tipo": "highway.residential" }, "geometry": { "type": "LineString", "coordinates": [ [ -74.0088218673298, 4.664792007567585 ], [ -74.008959850970655, 4.664754211805863 ], [ -74.009432178182763, 4.664605991573716 ], [ -74.009872036740163, 4.664467946465055 ], [ -74.009926241170348, 4.664450927148597 ], [ -74.010272458100985, 4.664359333369245 ], [ -74.010485393844633, 4.664295139975452 ] ] } },
{ "type": "Feature", "properties": { "edge_id": "795754243#1", "fuera_tolerancia": true, "longitud_m": 192.52072679612891, "tipo": "highway.residential" }, "geometry": { "type": "LineString", "coordinates": [ [ -74.010477048588697, 4.6642674493745 ], [ -74.010264563859749, 4.664331462495707 ], [ -74.009918166642223, 4.66442305601969 ], [ -74.009863421057531, 4.664440255480248 ], [ -74.009423562517981, 4.664578300586935 ], [ -74.008951776482078, 4.664726340673464 ], [ -74.008814333750266, 4.664764137198324 ] ] } },
{ "type": "Feature", "properties": { "edge_id": "-124004076#2", "fuera_tolerancia": true, "longitud_m": 192.25379990749735, "tipo": "highway.unclassified" }, "geometry": { "type": "LineString", "coordinates": [ [ -74.001172345895867, 4.804187697637555 ], [ -74.001081829985893, 4.804178519734829 ], [ -74.000807178048817, 4.804239354097397 ], [ -74.00034012747831, 4.804409445005353 ], [ -74.000229973203162, 4.804449535130608 ], [ -74.00006968541156, 4.804489461264374 ], [ -73.999718912498722, 4.804501157938997 ], [ -73.999509579626817, 4.804598359229598 ] ] } },
{ "type": "Feature", "properties": { "edge_id": "124004076#2", "fuera_tolerancia": true, "longitud_m": 190.5187901561182, "tipo": "highway.unclassified" }, "geometry": { "type": "LineString", "coordinates": [ [ -73.999521714114536, 4.804624608426211 ], [ -73.999725723366041, 4.804529932009786 ], [ -74.00007361090492, 4.804518231103356 ], [ -74.000238408705926, 4.804477226145633 ], [ -74.000349916302511, 4.804436595285328 ], [ -74.000815252638475, 4.804267225487107 ], [ -74.001083590692048, 4.804207829124165 ], [ -74.001169508807038, 4.80421645757398 ] ] } },
{ "type": "Feature", "properties": { "edge_id": "24576914", "fuera_tolerancia": true, "longitud_m": 180.94386022562279, "tipo": "highway.primary" }, "geometry": { "type": "LineString", "coordinates": [ [ -74.039106326388492, 4.680362970437489 ], [ -74.039596793490858, 4.680670284377569 ], [ -74.040069545576941, 4.68094473878056 ], [ -74.040413118793211, 4.681144978782954 ], [ -74.040447620292355, 4.681165061769195 ], [ -74.040490007922841, 4.681219935318822 ] ] } },
{ "type": "Feature", "properties": { "edge_id": "810567540#1", "fuera_tolerancia": true, "longitud_m": 180.63915755698901, "tipo": "highway.residential" }, "geometry": { "type": "LineString", "coordinates": [ [ -74.019537589429987, 4.67431674977098 ], [ -74.019541480682889, 4.674371027583815 ], [ -74.019515105728757, 4.674407353162175 ], [ -74.019480181789135, 4.674432540940072 ], [ -74.019390986162037, 4.6744577432148 ], [ -74.019007013379067, 4.674403204716283 ], [ -74.018934903115152, 4.674459727910999 ], [ -74.018921007501632, 4.674598102965509 ], [ -74.018960026890497, 4.674739627548766 ], [ -74.019074911310994, 4.674977049072999 ], [ -74.019089440097773, 4.675031613136945 ], [ -74.019096250344717, 4.675126147031827 ], [ -74.019158618640816, 4.67533292159498 ] ] } },
{ "type": "Feature", "properties": { "edge_id": "-795754240", "fuera_tolerancia": true, "longitud_m": 179.75584805374393, "tipo": "highway.residential" }, "geometry": { "type": "LineString", "coordinates": [ [ -74.019186217038651, 4.67532445756678 ], [ -74.019124745978473, 4.675120759694485 ], [ -74.019117934972726, 4.675026768521617 ], [ -74.019102151350197, 4.674966956372772 ], [ -74.018987086867909, 4.674729353691378 ], [ -74.018950220303793, 4.674595611160994 ], [ -74.018962288211512, 4.674474962515926 ], [ -74.019015084796834, 4.674433608538155 ], [ -74.01939292851246, 4.674487233918321 ], [ -74.019492946669985, 4.674458971355404 ], [ -74.019535631486207, 4.674428186292688 ], [ -74.019571038748282, 4.674379571615622 ], [ -74.019566350960204, 4.674314619122165 ] ] } },
{ "type": "Feature", "properties": { "edge_id": "1012545846", "fuera_tolerancia": true, "longitud_m": 174.46195783934959, "tipo": "highway.primary" }, "geometry": { "type": "LineString", "coordinates": [ [ -74.053190002025573, 4.706687504726102 ], [ -74.054740442690473, 4.706950755440222 ] ] } },
{ "type": "Feature", "properties": { "edge_id": "-1164694142#0", "fuera_tolerancia": true, "longitud_m": 160.06080282275906, "tipo": "highway.primary" }, "geometry": { "type": "LineString", "coordinates": [ [ -74.021083607406851, 4.674384128759951 ], [ -74.020920792508974, 4.674059261920493 ], [ -74.020893718628201, 4.674014630276791 ], [ -74.020858080429477, 4.673969896211601 ], [ -74.020816939945945, 4.673927325352309 ], [ -74.020765519747371, 4.673886458752039 ], [ -74.020705619360754, 4.673849831635099 ], [ -74.02064525742135, 4.673820982911276 ], [ -74.020569194716444, 4.673802423991816 ], [ -74.020489870970252, 4.673795076799313 ], [ -74.020389241955598, 4.673808866043974 ], [ -74.020261276145604, 4.673837541957806 ], [ -74.020039868214738, 4.673898198332692 ], [ -74.019954467595241, 4.673917255135958 ], [ -74.01995275445519, 4.673917433647867 ] ] } },
{ "type": "Feature", "properties": { "edge_id": "1164694132#1", "fuera_tolerancia": true, "longitud_m": 159.69518218012863, "tipo": "highway.primary" }, "geometry": { "type": "LineString", "coordinates": [ [ -74.016303438248286, 4.670782073766431 ], [ -74.016565384155868, 4.671454242121116 ], [ -74.016786906468923, 4.67202278408339 ], [ -74.016817729707185, 4.672093743155134 ], [ -74.016832110254185, 4.672125150820272 ] ] } },
{ "type": "Feature", "properties": { "edge_id": "29979599", "fuera_tolerancia": true, "longitud_m": 159.65740229007199, "tipo": "highway.primary" }, "geometry": { "type": "LineString", "coordinates": [ [ -74.054404567055499, 4.699427264442084 ], [ -74.055824121689412, 4.699664009709758 ] ] } },
{ "type": "Feature", "properties": { "edge_id": "907608656", "fuera_tolerancia": true, "longitud_m": 159.61334470682746, "tipo": "highway.primary" }, "geometry": { "type": "LineString", "coordinates": [ [ -74.049394018259434, 4.737812466285568 ], [ -74.047998646181966, 4.737460849049875 ] ] } },
{ "type": "Feature", "properties": { "edge_id": "-1164694132#1", "fuera_tolerancia": true, "longitud_m": 159.52000510057735, "tipo": "highway.primary" }, "geometry": { "type": "LineString", "coordinates": [ [ -74.01685664727502, 4.672113878498725 ], [ -74.016842446652319, 4.672082742447881 ], [ -74.016811983010285, 4.672012507512153 ], [ -74.016590550324352, 4.671444327495296 ], [ -74.016328604266477, 4.670772249599229 ] ] } },
{ "type": "Feature", "properties": { "edge_id": "741972935#2", "fuera_tolerancia": true, "longitud_m": 156.49826298054484, "tipo": "highway.primary" }, "geometry": { "type": "LineString", "coordinates": [ [ -74.019954970681795, 4.673944482481045 ], [ -74.019958577140457, 4.673944216163194 ], [ -74.02004632247035, 4.673924619915359 ], [ -74.020267730409856, 4.673863963540108 ], [ -74.020394072985724, 4.673835647172744 ], [ -74.020490554256924, 4.673822394854272 ], [ -74.020564649941221, 4.67382919201621 ], [ -74.020636206553192, 4.67384665919126 ], [ -74.020692784619257, 4.673873693548566 ], [ -74.020749982705155, 4.673908688718861 ], [ -74.020798701104312, 4.673947561557301 ], [ -74.020837861506322, 4.673987777847234 ], [ -74.020871519622858, 4.674030157342981 ], [ -74.020897154333397, 4.674072435172828 ], [ -74.021059519841273, 4.674396306394296 ] ] } },
{ "type": "Feature", "properties": { "edge_id": "181376559", "fuera_tolerancia": true, "longitud_m": 153.60064108128387, "tipo": "highway.primary" }, "geometry": { "type": "LineString", "coordinates": [ [ -74.05250866666799, 4.719015012916204 ], [ -74.051135426707916, 4.718838378576815 ] ] } },
{ "type": "Feature", "properties": { "edge_id": "24445846", "fuera_tolerancia": true, "longitud_m": 152.14779637573474, "tipo": "highway.primary" }, "geometry": { "type": "LineString", "coordinates": [ [ -74.051135741021014, 4.718938874143126 ], [ -74.052496000650507, 4.719113772162155 ] ] } },
{ "type": "Feature", "properties": { "edge_id": "1132923235", "fuera_tolerancia": true, "longitud_m": 151.97113390338407, "tipo": "highway.primary" }, "geometry": { "type": "LineString", "coordinates": [ [ -74.048034834215883, 4.737650627274095 ], [ -74.049365482915036, 4.737976963920714 ] ] } },
{ "type": "Feature", "properties": { "edge_id": "-812637890#0", "fuera_tolerancia": true, "longitud_m": 144.34755786105325, "tipo": "highway.residential" }, "geometry": { "type": "LineString", "coordinates": [ [ -74.022808484696071, 4.675755648742878 ], [ -74.022985392056512, 4.675930562260425 ], [ -74.023030785491756, 4.675961922673371 ], [ -74.023094771502173, 4.675978022283837 ], [ -74.023146966977109, 4.675980085069358 ], [ -74.023206321707391, 4.675955292985199 ], [ -74.02329512900819, 4.675885134035766 ], [ -74.023333477847373, 4.675860584009014 ], [ -74.023400830568519, 4.675854255682109 ], [ -74.023519178722523, 4.675870250138396 ], [ -74.023618806877238, 4.675863333606141 ], [ -74.023685017427894, 4.675835475594571 ], [ -74.023734015381635, 4.675802889974632 ], [ -74.023759226878639, 4.67576032125291 ], [ -74.023788446274907, 4.675687998730652 ], [ -74.023840151290628, 4.675588480869652 ] ] } },
{ "type": "Feature", "properties": { "edge_id": "600452303", "fuera_tolerancia": true, "longitud_m": 138.3175524494963, "tipo": "highway.residential" }, "geometry": { "type": "LineString", "coordinates": [ [ -74.023814566553568, 4.675575058015029 ], [ -74.023762318868677, 4.675675841474099 ], [ -74.023733280777307, 4.675747440615095 ], [ -74.023712587418174, 4.675782417492464 ], [ -74.023671349834089, 4.675809767592829 ], [ -74.023611994874756, 4.675834740630256 ], [ -74.023520120580514, 4.675841125247644 ], [ -74.023401411821709, 4.675825130289746 ], [ -74.02332378047997, 4.675832348825709 ], [ -74.02327839324181, 4.675861592647877 ], [ -74.023191571551152, 4.675930126191874 ], [ -74.023141778489375, 4.675950951632736 ], [ -74.023098958363136, 4.67594926373944 ], [ -74.023042903007209, 4.675935165180314 ], [ -74.023003814223102, 4.675908155356062 ], [ -74.022828797553942, 4.675735053561485 ] ] } },
{ "type": "Feature", "properties": { "edge_id": "30039245", "fuera_tolerancia": true, "longitud_m": 136.35113268625335, "tipo": "highway.primary" }, "geometry": { "type": "LineString", "coordinates": [ [ -74.047758288060109, 4.751779015575446 ], [ -74.047077047658533, 4.751625115684263 ], [ -74.046560945431366, 4.751500841286206 ] ] } },
{ "type": "Feature", "properties": { "edge_id": "77372779#3", "fuera_tolerancia": true, "longitud_m": 129.65266537249153, "tipo": "highway.primary" }, "geometry": { "type": "LineString", "coordinates": [ [ -74.011019527581695, 4.664946164436644 ], [ -74.01127636452496, 4.665592546843651 ], [ -74.011332182231385, 4.665711210322571 ], [ -74.011372470179751, 4.665782454164527 ], [ -74.011420690391148, 4.665854432807357 ], [ -74.011450834212368, 4.665894998540148 ], [ -74.011469280578353, 4.665919718392377 ], [ -74.011519414598823, 4.665976955766112 ], [ -74.011533099046176, 4.665990181285046 ] ] } },
{ "type": "Feature", "properties": { "edge_id": "-77372779#3", "fuera_tolerancia": true, "longitud_m": 128.3647794861748, "tipo": "highway.primary" }, "geometry": { "type": "LineString", "coordinates": [ [ -74.011551787717536, 4.665970579139029 ], [ -74.011538913488408, 4.665958168845202 ], [ -74.011490219602024, 4.665902561668406 ], [ -74.011472493176413, 4.665878747368051 ], [ -74.011442709198107, 4.665838724865333 ], [ -74.011395568769373, 4.665768195004454 ], [ -74.011356179795555, 4.665698761504556 ], [ -74.011301261314742, 4.66558172746081 ], [ -74.011044603510825, 4.664936159394747 ] ] } },
{ "type": "Feature", "properties": { "edge_id": "742416164", "fuera_tolerancia": true, "longitud_m": 126.15134305110149, "tipo": "highway.residential" }, "geometry": { "type": "LineString", "coordinates": [ [ -74.022280343369601, 4.674149986104189 ], [ -74.02217991001109, 4.674152650031593 ], [ -74.022114910076795, 4.674152740229418 ], [ -74.022062009589561, 4.674139098297912 ], [ -74.02200800219795, 4.674143545620465 ], [ -74.021987869931678, 4.674163960127561 ], [ -74.021977111227926, 4.674186015889673 ], [ -74.021948323578229, 4.674271997471905 ], [ -74.02190162342373, 4.674467946121826 ], [ -74.021849436660005, 4.674589714816136 ], [ -74.021800274449888, 4.674675758392946 ], [ -74.021779328030803, 4.674698161740714 ], [ -74.021750346021605, 4.674729237452127 ], [ -74.021570149979738, 4.674845852392121 ] ] } },
{ "type": "Feature", "properties": { "edge_id": "-810557488", "fuera_tolerancia": true, "longitud_m": 124.37500874321023, "tipo": "highway.service" }, "geometry": { "type": "LineString", "coordinates": [ [ -74.015808246819603, 4.671937288688133 ], [ -74.015825505105227, 4.671973765819854 ], [ -74.015886448486839, 4.672037892705231 ], [ -74.015982809766683, 4.672110481514279 ], [ -74.016065148388932, 4.672153653127569 ], [ -74.016184652227778, 4.672180595199537 ], [ -74.016283721018482, 4.672186432825796 ], [ -74.016751661056119, 4.672214044598141 ], [ -74.016790792201533, 4.672210300422209 ], [ -74.016820920397706, 4.672197769590607 ], [ -74.016834906518255, 4.67218874381902 ] ] } },
{ "type": "Feature", "properties": { "edge_id": "-742416164", "fuera_tolerancia": true, "longitud_m": 124.0289708101525, "tipo": "highway.residential" }, "geometry": { "type": "LineString", "coordinates": [ [ -74.021587697660777, 4.674868942668464 ], [ -74.021769066564104, 4.674751696184239 ], [ -74.021800396294239, 4.674717910129822 ], [ -74.021823690182913, 4.674692977346696 ], [ -74.021875202369827, 4.674602595256273 ], [ -74.021929017137836, 4.674477029763559 ], [ -74.021976079399806, 4.674279996167695 ], [ -74.022003780957363, 4.674197088504211 ], [ -74.022011646515537, 4.674180998668319 ], [ -74.022020945227084, 4.674171604429526 ], [ -74.022059625003848, 4.674168402070442 ], [ -74.022111263864844, 4.674181680425773 ], [ -74.02218023049555, 4.6741815957644 ], [ -74.022281024466736, 4.674178932341 ] ] } },
{ "type": "Feature", "properties": { "edge_id": "810557488", "fuera_tolerancia": true, "longitud_m": 118.89984682242525, "tipo": "highway.service" }, "geometry": { "type": "LineString", "coordinates": [ [ -74.016819254016639, 4.672164389772237 ], [ -74.016807433428312, 4.672172061772733 ], [ -74.016783799938565, 4.672181888097213 ], [ -74.016751160475479, 4.672185098655478 ], [ -74.016285383971919, 4.672157580376804 ], [ -74.016188659003504, 4.672151836494934 ], [ -74.016075103415801, 4.672126169127671 ], [ -74.015998169861319, 4.672085899626613 ], [ -74.015905590916731, 4.672016210653053 ], [ -74.015849508661134, 4.671957156009539 ], [ -74.015834408085851, 4.671924933238479 ] ] } },
{ "type": "Feature", "properties": { "edge_id": "1022143810", "fuera_tolerancia": true, "longitud_m": 118.74737036181557, "tipo": "highway.residential" }, "geometry": { "type": "LineString", "coordinates": [ [ -74.013478956398259, 4.667125038639083 ], [ -74.013494133560826, 4.667166849631514 ], [ -74.013494180892209, 4.667197513536703 ], [ -74.013482159861852, 4.667219657818436 ], [ -74.013368830273166, 4.667291047439751 ], [ -74.013041746628488, 4.667689036413232 ], [ -74.013048129067343, 4.66776665474084 ], [ -74.013098558689023, 4.667806073072845 ], [ -74.013274657277861, 4.667846844044382 ] ] } },
{ "type": "Feature", "properties": { "edge_id": "-628606859", "fuera_tolerancia": true, "longitud_m": 115.6456375997048, "tipo": "highway.residential" }, "geometry": { "type": "LineString", "coordinates": [ [ -74.013392307195005, 4.670942066925488 ], [ -74.013696128019504, 4.67087058359147 ], [ -74.014136494064829, 4.670823805087882 ], [ -74.014390819160226, 4.670689476886135 ] ] } },
{ "type": "Feature", "properties": { "edge_id": "-1022143810", "fuera_tolerancia": true, "longitud_m": 115.32166994531157, "tipo": "highway.residential" }, "geometry": { "type": "LineString", "coordinates": [ [ -74.013281187578897, 4.667818631644369 ], [ -74.013111217246589, 4.667779316556128 ], [ -74.013075916574479, 4.667751678497973 ], [ -74.01307148358579, 4.667698304527356 ], [ -74.013388091765734, 4.667313145248386 ], [ -74.013503947859022, 4.667240131007725 ], [ -74.013523019108888, 4.667204790381581 ], [ -74.013522988954136, 4.667161824783193 ], [ -74.013506105741527, 4.66711512688742 ] ] } },
{ "type": "Feature", "properties": { "edge_id": "749418257", "fuera_tolerancia": true, "longitud_m": 114.82939379705584, "tipo": "highway.service" }, "geometry": { "type": "LineString", "coordinates": [ [ -74.011677655021373, 4.666152116155463 ], [ -74.011509359297008, 4.666333872103888 ], [ -74.011681755422742, 4.666443202111321 ], [ -74.012093921023578, 4.666704651050506 ], [ -74.012031974291716, 4.666778374117914 ] ] } },
{ "type": "Feature", "properties": { "edge_id": "-749418257", "fuera_tolerancia": true, "longitud_m": 114.4478627797655, "tipo": "highway.service" }, "geometry": { "type": "LineString", "coordinates": [ [ -74.012054125359811, 4.666797038776601 ], [ -74.012137203069059, 4.666697837489688 ], [ -74.011697205506735, 4.666418710900095 ], [ -74.011554082465125, 4.666327965142542 ], [ -74.011698812884376, 4.666171864866099 ] ] } },
{ "type": "Feature", "properties": { "edge_id": "628606859", "fuera_tolerancia": true, "longitud_m": 113.49001397601417, "tipo": "highway.residential" }, "geometry": { "type": "LineString", "coordinates": [ [ -74.014366776627909, 4.670669452798595 ], [ -74.014127878937003, 4.67079557138656 ], [ -74.013691299777719, 4.670841993399915 ], [ -74.013385675430868, 4.670913836011838 ] ] } },
{ "type": "Feature", "properties": { "edge_id": "-628606863#0", "fuera_tolerancia": true, "longitud_m": 111.97539321336998, "tipo": "highway.service" }, "geometry": { "type": "LineString", "coordinates": [ [ -74.016168286370601, 4.670921816279357 ], [ -74.015828854777823, 4.671640448075118 ], [ -74.015804605843584, 4.671703731730405 ], [ -74.015784766261646, 4.671772810620702 ], [ -74.015781429600068, 4.671838204070921 ], [ -74.015783847043721, 4.671850147373255 ] ] } },
{ "type": "Feature", "properties": { "edge_id": "-628606860#0", "fuera_tolerancia": true, "longitud_m": 110.77482489649542, "tipo": "highway.residential" }, "geometry": { "type": "LineString", "coordinates": [ [ -74.014502040078327, 4.670643682666992 ], [ -74.015104536077985, 4.67050550161566 ], [ -74.015202577541004, 4.670472080934631 ], [ -74.0152766534693, 4.670428043485424 ], [ -74.015345617123813, 4.670365093994865 ], [ -74.015383709735602, 4.67033023229663 ], [ -74.015410897171805, 4.670293093938482 ] ] } },
{ "type": "Feature", "properties": { "edge_id": "628606863#0", "fuera_tolerancia": true, "longitud_m": 109.91578085484335, "tipo": "highway.service" }, "geometry": { "type": "LineString", "coordinates": [ [ -74.015812162612036, 4.67184448853338 ], [ -74.015810461461641, 4.671836073936881 ], [ -74.015813427927341, 4.67177755445903 ], [ -74.015831999077108, 4.67171299647936 ], [ -74.015855343466086, 4.671651882445405 ], [ -74.016194322898016, 4.67093424499062 ] ] } },
{ "type": "Feature", "properties": { "edge_id": "628606860#0", "fuera_tolerancia": true, "longitud_m": 108.48108542385384, "tipo": "highway.residential" }, "geometry": { "type": "LineString", "coordinates": [ [ -74.015387661940466, 4.670275965538975 ], [ -74.015362100384138, 4.670310844832899 ], [ -74.015326174183315, 4.670343719587392 ], [ -74.015259376940833, 4.670404682133855 ], [ -74.015190534089783, 4.670445651500227 ], [ -74.015096641617077, 4.670477630746187 ], [ -74.014495678722312, 4.670615452134887 ] ] } },
{ "type": "Feature", "properties": { "edge_id": "741972937#2", "fuera_tolerancia": true, "longitud_m": 108.45163453517534, "tipo": "highway.primary" }, "geometry": { "type": "LineString", "coordinates": [ [ -74.013401309276546, 4.667079793031288 ], [ -74.013017481593081, 4.667312171801991 ], [ -74.012920302384941, 4.667373995952559 ], [ -74.012844225577737, 4.667430784361632 ], [ -74.01278609336309, 4.667484341670392 ], [ -74.012738951979941, 4.667543341663349 ], [ -74.012697942628776, 4.66760108392673 ], [ -74.012665485481875, 4.667667521783051 ], [ -74.012659057322224, 4.667687141207422 ] ] } },
{ "type": "Feature", "properties": { "edge_id": "-741972929#0", "fuera_tolerancia": true, "longitud_m": 106.33291444704794, "tipo": "highway.primary" }, "geometry": { "type": "LineString", "coordinates": [ [ -74.030737651364419, 4.676038028360971 ], [ -74.030738392230958, 4.676023737616156 ], [ -74.030733178667703, 4.675947025205262 ], [ -74.030715965485697, 4.675877080257287 ], [ -74.030684244705341, 4.675802049795942 ], [ -74.030633944669901, 4.675732692240027 ], [ -74.030572624520119, 4.675678968014162 ], [ -74.030506423831199, 4.67563419199925 ], [ -74.030427228998462, 4.675598262508991 ], [ -74.030323411962854, 4.675569987537306 ], [ -74.030223632894234, 4.675555467184901 ], [ -74.030052278705085, 4.675536505912339 ] ] } },
{ "type": "Feature", "properties": { "edge_id": "-741972937#2", "fuera_tolerancia": true, "longitud_m": 106.29809405622007, "tipo": "highway.primary" }, "geometry": { "type": "LineString", "coordinates": [ [ -74.012684828889292, 4.667695499219142 ], [ -74.012690533311499, 4.667677687851596 ], [ -74.012721182126526, 4.667615046508069 ], [ -74.01276056547178, 4.667559653753676 ], [ -74.012805900547704, 4.667503003016197 ], [ -74.012861505248111, 4.667451793948509 ], [ -74.012935596712424, 4.667396450005623 ], [ -74.013031693352829, 4.667335167053422 ], [ -74.013415250215417, 4.66710305925739 ] ] } },
{ "type": "Feature", "properties": { "edge_id": "-126562809", "fuera_tolerancia": true, "longitud_m": 104.44093251035446, "tipo": "highway.tertiary" }, "geometry": { "type": "LineString", "coordinates": [ [ -74.016337092440224, 4.670632872094313 ], [ -74.016361108035113, 4.670607578699107 ], [ -74.016402443179715, 4.670574801925399 ], [ -74.016541667814607, 4.670488251932764 ], [ -74.016646579159143, 4.670441634403308 ], [ -74.016724611865001, 4.670404657732586 ], [ -74.016765765294579, 4.670372875669129 ], [ -74.016795660365631, 4.670333479691651 ], [ -74.016817724472659, 4.670285298706495 ], [ -74.016841896700726, 4.670212245857341 ], [ -74.016869350399659, 4.670113327795301 ], [ -74.016889623554533, 4.670056460721394 ], [ -74.016904729733312, 4.670019938527521 ], [ -74.016930402648214, 4.66996977260802 ] ] } },
{ "type": "Feature", "properties": { "edge_id": "126562809", "fuera_tolerancia": true, "longitud_m": 103.56206980023165, "tipo": "highway.tertiary" }, "geometry": { "type": "LineString", "coordinates": [ [ -74.016904818024898, 4.669956530477013 ], [ -74.016878602688863, 4.670007781081559 ], [ -74.016862772778424, 4.670046111337777 ], [ -74.016841776142996, 4.670104605566194 ], [ -74.016814321937133, 4.670203885441259 ], [ -74.016790874194072, 4.670274587503751 ], [ -74.016770799465604, 4.670318429490701 ], [ -74.016745059173843, 4.670352223151887 ], [ -74.016709500933231, 4.670379852181228 ], [ -74.016634535396932, 4.670415385889756 ], [ -74.016528180876122, 4.670462544117343 ], [ -74.016385888321807, 4.670551079789891 ], [ -74.016341665052806, 4.670586204312019 ], [ -74.01631593418459, 4.670613213923882 ] ] } },
{ "type": "Feature", "properties": { "edge_id": "741972930#1", "fuera_tolerancia": true, "longitud_m": 101.78678643931789, "tipo": "highway.primary" }, "geometry": { "type": "LineString", "coordinates": [ [ -74.030049266596151, 4.67556345710024 ], [ -74.030220170028826, 4.67558241775082 ], [ -74.030317966242819, 4.675596573542688 ], [ -74.030417998118835, 4.675623938734302 ], [ -74.030493228728801, 4.675658053654613 ], [ -74.030556187159917, 4.675700473373616 ], [ -74.030613905435175, 4.675751117172195 ], [ -74.030660606081099, 4.67581558521934 ], [ -74.030690169911622, 4.675885728167469 ], [ -74.030706307228357, 4.675951329823206 ], [ -74.030711345954487, 4.676024062005179 ], [ -74.030710697602544, 4.676036634247317 ] ] } },
{ "type": "Feature", "properties": { "edge_id": "-741972936#1", "fuera_tolerancia": true, "longitud_m": 95.641724796990303, "tipo": "highway.primary" }, "geometry": { "type": "LineString", "coordinates": [ [ -74.016248330379838, 4.67060606368346 ], [ -74.016227281187483, 4.670572837584051 ], [ -74.01619407351923, 4.67053100130933 ], [ -74.016158785058835, 4.670494408438631 ], [ -74.016117005190409, 4.670458168274595 ], [ -74.016071165736037, 4.670423912397898 ], [ -74.016007932345971, 4.670385833050223 ], [ -74.015939288109962, 4.6703490124594 ], [ -74.01587216233473, 4.670322324826322 ], [ -74.015729600474671, 4.670280696881168 ], [ -74.01550267895577, 4.670223121062869 ] ] } },
{ "type": "Feature", "properties": { "edge_id": "-741972937#1", "fuera_tolerancia": true, "longitud_m": 95.15160340030647, "tipo": "highway.primary" }, "geometry": { "type": "LineString", "coordinates": [ [ -74.013527132804157, 4.66703492392367 ], [ -74.01387748932936, 4.666820317174889 ], [ -74.013937587314558, 4.66677924513411 ], [ -74.013996620144852, 4.66672623168645 ], [ -74.014036172029819, 4.666679160815495 ], [ -74.014066198328649, 4.666610277189149 ], [ -74.014082078496614, 4.666535946458896 ], [ -74.014082033658042, 4.66650347347494 ], [ -74.014081907377204, 4.666464759063042 ], [ -74.014079940843686, 4.666452725942605 ] ] } },
{ "type": "Feature", "properties": { "edge_id": "628606861#1", "fuera_tolerancia": true, "longitud_m": 94.940702900112726, "tipo": "highway.residential" }, "geometry": { "type": "LineString", "coordinates": [ [ -74.015522349641955, 4.671826443105724 ], [ -74.015481968390688, 4.671821592343188 ], [ -74.015242757167314, 4.671784532105147 ], [ -74.015127435654236, 4.671732359149764 ], [ -74.015038264316118, 4.671675790681437 ], [ -74.014899041807624, 4.671631363144646 ], [ -74.014780017569862, 4.671648472569607 ], [ -74.014718205000946, 4.671690446728642 ] ] } },
{ "type": "Feature", "properties": { "edge_id": "24680572-AddedOffRampEdge", "fuera_tolerancia": true, "longitud_m": 94.899803607823202, "tipo": "highway.primary" }, "geometry": { "type": "LineString", "coordinates": [ [ -74.054043296202849, 4.706720595689792 ], [ -74.05319913762888, 4.706582137368362 ] ] } },
{ "type": "Feature", "properties": { "edge_id": "741972936#1", "fuera_tolerancia": true, "longitud_m": 93.308511413843732, "tipo": "highway.primary" }, "geometry": { "type": "LineString", "coordinates": [ [ -74.015496061194114, 4.670249433842128 ], [ -74.015722532088844, 4.670306918577855 ], [ -74.015863471983238, 4.67034800152607 ], [ -74.015927894728975, 4.670373599920949 ], [ -74.015994556894469, 4.670409513193372 ], [ -74.016056169071504, 4.670446504821398 ], [ -74.016100027210371, 4.67047931065745 ], [ -74.016140186368744, 4.670514101286817 ], [ -74.016173674319859, 4.670548882555022 ], [ -74.016205262285482, 4.670588545665447 ], [ -74.016225231927791, 4.670620142081238 ] ] } },
{ "type": "Feature", "properties": { "edge_id": "-628606861#1", "fuera_tolerancia": true, "longitud_m": 92.606713154649455, "tipo": "highway.residential" }, "geometry": { "type": "LineString", "coordinates": [ [ -74.014734398954189, 4.671714349297066 ], [ -74.014790616821756, 4.671676166335282 ], [ -74.014896656454781, 4.671661028648482 ], [ -74.015025966834713, 4.671702185922721 ], [ -74.015113697010619, 4.671757847830087 ], [ -74.01523442409038, 4.671812561089076 ], [ -74.015477961591714, 4.671850351038322 ], [ -74.015518973906083, 4.671855202687637 ] ] } },
{ "type": "Feature", "properties": { "edge_id": "741972937#1", "fuera_tolerancia": true, "longitud_m": 91.589925866318367, "tipo": "highway.primary" }, "geometry": { "type": "LineString", "coordinates": [ [ -74.014053250111488, 4.666457030231254 ], [ -74.014054859070129, 4.666466891957709 ], [ -74.014054988126333, 4.6665036163892 ], [ -74.014055037255204, 4.666533013949107 ], [ -74.014040246469534, 4.666601918979555 ], [ -74.01401293328118, 4.66666465555653 ], [ -74.013977174047923, 4.66670720906389 ], [ -74.013920849029546, 4.666757874515509 ], [ -74.013862736387011, 4.666797502083814 ], [ -74.013513011433744, 4.667011747899416 ] ] } },
{ "type": "Feature", "properties": { "edge_id": "600452305", "fuera_tolerancia": true, "longitud_m": 83.203444381765777, "tipo": "highway.residential" }, "geometry": { "type": "LineString", "coordinates": [ [ -74.022708437527882, 4.675739679707761 ], [ -74.022673053428832, 4.67577165106399 ], [ -74.022618613955984, 4.675827566145542 ], [ -74.022600542486387, 4.675857119395002 ], [ -74.022597693348303, 4.675896372465858 ], [ -74.022602476066027, 4.675958068784302 ], [ -74.022621493706424, 4.676026388110397 ], [ -74.022695980904075, 4.676141187752902 ], [ -74.022790872406006, 4.676234487802711 ], [ -74.022918421799673, 4.676311461226216 ] ] } },
{ "type": "Feature", "properties": { "edge_id": "628606862", "fuera_tolerancia": true, "longitud_m": 82.882196437692343, "tipo": "highway.residential" }, "geometry": { "type": "LineString", "coordinates": [ [ -74.015562540558577, 4.671773855406817 ], [ -74.015505922111188, 4.671711453200323 ], [ -74.015477088982166, 4.671700377340569 ], [ -74.015425910363874, 4.67168058652923 ], [ -74.015305973824255, 4.671640799298467 ], [ -74.01526363360955, 4.671618488183665 ], [ -74.015240679907038, 4.671593400229233 ], [ -74.015224978595413, 4.671539467687476 ], [ -74.015180261975686, 4.671475815828319 ], [ -74.014952532345703, 4.671415705920025 ] ] } },
{ "type": "Feature", "properties": { "edge_id": "-628606862", "fuera_tolerancia": true, "longitud_m": 80.301713938720383, "tipo": "highway.residential" }, "geometry": { "type": "LineString", "coordinates": [ [ -74.014945281084422, 4.671443736419246 ], [ -74.015162737225978, 4.671501118285218 ], [ -74.015198636404733, 4.671552275130308 ], [ -74.015214876099733, 4.671608017505264 ], [ -74.015245751027862, 4.671641800155379 ], [ -74.015294577364202, 4.671667557627627 ], [ -74.015416135879249, 4.671707889862124 ], [ -74.015466683816015, 4.671727408427286 ], [ -74.015489119586363, 4.671736033049915 ], [ -74.015537366926353, 4.671789106756497 ] ] } },
{ "type": "Feature", "properties": { "edge_id": "-600452305", "fuera_tolerancia": true, "longitud_m": 77.209492993308388, "tipo": "highway.residential" }, "geometry": { "type": "LineString", "coordinates": [ [ -74.022933241142709, 4.676286697495408 ], [ -74.022808574371311, 4.676211356269535 ], [ -74.022718364274155, 4.67612276636365 ], [ -74.022648015306629, 4.676014304279292 ], [ -74.022630971236239, 4.675953043121266 ], [ -74.022626542355013, 4.67589623181358 ], [ -74.022628837789028, 4.675866204280222 ], [ -74.022641487829958, 4.675845507959656 ], [ -74.022693038416108, 4.675792483374421 ], [ -74.022727971001814, 4.675761054111451 ] ] } },
{ "type": "Feature", "properties": { "edge_id": "32742891", "fuera_tolerancia": true, "longitud_m": 76.798359327130925, "tipo": "highway.residential" }, "geometry": { "type": "LineString", "coordinates": [ [ -74.053982272705909, 4.697529374939449 ], [ -74.053875026638352, 4.698215482794815 ] ] } },
{ "type": "Feature", "properties": { "edge_id": "-32742891", "fuera_tolerancia": true, "longitud_m": 76.780420766269685, "tipo": "highway.residential" }, "geometry": { "type": "LineString", "coordinates": [ [ -74.054160040171382, 4.698260328074297 ], [ -74.054267276749741, 4.697574382927107 ] ] } },
{ "type": "Feature", "properties": { "edge_id": "-1022164361", "fuera_tolerancia": true, "longitud_m": 72.097977060219634, "tipo": "highway.service" }, "geometry": { "type": "LineString", "coordinates": [ [ -74.03077733878402, 4.676088918564525 ], [ -74.030873757548846, 4.676055855273773 ], [ -74.031040913872943, 4.675980738149513 ], [ -74.031078278191103, 4.675950849480973 ], [ -74.031102940560842, 4.675913978262241 ], [ -74.031108958617992, 4.675864508111547 ], [ -74.031099222219524, 4.67579882485743 ], [ -74.03107760295859, 4.675720552025624 ], [ -74.031038476206788, 4.675655280388245 ] ] } },
{ "type": "Feature", "properties": { "edge_id": "24680572", "fuera_tolerancia": true, "longitud_m": 71.763369070316742, "tipo": "highway.primary" }, "geometry": { "type": "LineString", "coordinates": [ [ -74.054750494253028, 4.706851268822532 ], [ -74.054112141334826, 4.706746559336033 ] ] } },
{ "type": "Feature", "properties": { "edge_id": "-628606860#1", "fuera_tolerancia": true, "longitud_m": 68.200651550546169, "tipo": "highway.residential" }, "geometry": { "type": "LineString", "coordinates": [ [ -74.013955392007901, 4.670233882080137 ], [ -74.014025725373614, 4.670416697661884 ], [ -74.014215075741447, 4.6705874693036 ], [ -74.014373680046177, 4.670632285983537 ] ] } },
{ "type": "Feature", "properties": { "edge_id": "1022164361", "fuera_tolerancia": true, "longitud_m": 66.336580809847206, "tipo": "highway.service" }, "geometry": { "type": "LineString", "coordinates": [ [ -74.031013753772953, 4.675670261594798 ], [ -74.031050901889301, 4.675732093234696 ], [ -74.031070905858272, 4.675804936577332 ], [ -74.031079928987964, 4.675864829772624 ], [ -74.031075187731787, 4.675903628087357 ], [ -74.031056849218388, 4.675930919902585 ], [ -74.031025802543425, 4.67595575187196 ], [ -74.030863156590158, 4.676028885240988 ], [ -74.030768000587216, 4.676061498007165 ] ] } },
{ "type": "Feature", "properties": { "edge_id": "-795754243#2", "fuera_tolerancia": true, "longitud_m": 65.672660276805829, "tipo": "highway.residential" }, "geometry": { "type": "LineString", "coordinates": [ [ -74.008144187194759, 4.664868388402186 ], [ -74.008438463001028, 4.664851436972604 ], [ -74.008613459718347, 4.664841372383385 ], [ -74.008732226585451, 4.664814042162114 ] ] } },
{ "type": "Feature", "properties": { "edge_id": "-1022168857", "fuera_tolerancia": true, "longitud_m": 65.580159161711379, "tipo": "highway.service" }, "geometry": { "type": "LineString", "coordinates": [ [ -74.0121826721319, 4.66731904750393 ], [ -74.012536472516331, 4.66767222473564 ], [ -74.012582843402399, 4.667712994191993 ], [ -74.012609507881436, 4.667727504319829 ] ] } },
{ "type": "Feature", "properties": { "edge_id": "628606860#1", "fuera_tolerancia": true, "longitud_m": 65.178637838762654, "tipo": "highway.residential" }, "geometry": { "type": "LineString", "coordinates": [ [ -74.014381471969998, 4.670604437160196 ], [ -74.014229356048716, 4.670561438680689 ], [ -74.014050090009263, 4.670399726602709 ], [ -74.013982271780876, 4.670223427232798 ] ] } },
{ "type": "Feature", "properties": { "edge_id": "795754243#2", "fuera_tolerancia": true, "longitud_m": 65.124999896884191, "tipo": "highway.residential" }, "geometry": { "type": "LineString", "coordinates": [ [ -74.008725775323825, 4.664785811506011 ], [ -74.008609353137629, 4.664812602315961 ], [ -74.008436790619754, 4.664822579889853 ], [ -74.008142605103259, 4.664839440995183 ] ] } },
{ "type": "Feature", "properties": { "edge_id": "-29505641#1", "fuera_tolerancia": true, "longitud_m": 64.84675110787245, "tipo": "highway.unclassified" }, "geometry": { "type": "LineString", "coordinates": [ [ -74.017864726510567, 4.76435527340558 ], [ -74.017958305773689, 4.764426413209115 ], [ -74.018026644491471, 4.764493808353255 ], [ -74.01809525730765, 4.764558671181637 ], [ -74.018179952003067, 4.764600491283156 ], [ -74.018260957185632, 4.764637240701504 ], [ -74.01833261666539, 4.764651906068297 ], [ -74.01835317540106, 4.764650940432502 ] ] } },
{ "type": "Feature", "properties": { "edge_id": "1022168857", "fuera_tolerancia": true, "longitud_m": 64.673910693835637, "tipo": "highway.service" }, "geometry": { "type": "LineString", "coordinates": [ [ -74.012623336520647, 4.667702106268695 ], [ -74.01259946457489, 4.667689137785477 ], [ -74.012556155030794, 4.667651086251774 ], [ -74.012203075091747, 4.667298452766705 ] ] } },
{ "type": "Feature", "properties": { "edge_id": "29505641#1", "fuera_tolerancia": true, "longitud_m": 62.616117668030661, "tipo": "highway.unclassified" }, "geometry": { "type": "LineString", "coordinates": [ [ -74.018351864009858, 4.764621993380389 ], [ -74.018334821915943, 4.764622783130201 ], [ -74.018269832498987, 4.764609574547675 ], [ -74.018192251485289, 4.764574277279705 ], [ -74.018111881567833, 4.764534634244944 ], [ -74.018046690350133, 4.764473032637601 ], [ -74.017977271208125, 4.764404550508135 ], [ -74.017882160960326, 4.764332142169008 ] ] } },
{ "type": "Feature", "properties": { "edge_id": "1164694142#3", "fuera_tolerancia": true, "longitud_m": 62.108469405051956, "tipo": "highway.primary" }, "geometry": { "type": "LineString", "coordinates": [ [ -74.021619590643695, 4.674949038998498 ], [ -74.021669341742566, 4.674958425237929 ], [ -74.021765252160293, 4.674966880935206 ], [ -74.021853053649991, 4.674971888045882 ], [ -74.021896145535081, 4.674972581387748 ], [ -74.021936532979439, 4.674973180497342 ], [ -74.022027504353403, 4.674967699346679 ], [ -74.022102171343889, 4.674952697754263 ], [ -74.022169273446494, 4.674931986991649 ], [ -74.022172881792926, 4.674930363855689 ] ] } },
{ "type": "Feature", "properties": { "edge_id": "1164694142#1", "fuera_tolerancia": true, "longitud_m": 62.058510741985678, "tipo": "highway.primary" }, "geometry": { "type": "LineString", "coordinates": [ [ -74.021098178553203, 4.674473246295552 ], [ -74.021150413466586, 4.674576708182229 ], [ -74.02119025157954, 4.674648312944522 ], [ -74.021230919521159, 4.674706622128761 ], [ -74.021281235258641, 4.674763859341704 ], [ -74.021337604505248, 4.674811516885522 ], [ -74.021398034750348, 4.674856195117008 ], [ -74.021456319548193, 4.674887754518719 ] ] } },
{ "type": "Feature", "properties": { "edge_id": "238469946", "fuera_tolerancia": true, "longitud_m": 61.139256232950821, "tipo": "highway.residential" }, "geometry": { "type": "LineString", "coordinates": [ [ -74.030197320563673, 4.674956533310681 ], [ -74.029991247620416, 4.675469304369084 ] ] } },
{ "type": "Feature", "properties": { "edge_id": "-238469946", "fuera_tolerancia": true, "longitud_m": 61.126247153907549, "tipo": "highway.residential" }, "geometry": { "type": "LineString", "coordinates": [ [ -74.030018008109209, 4.675480105477251 ], [ -74.030223990762593, 4.674967424736996 ] ] } },
{ "type": "Feature", "properties": { "edge_id": "29505641#0", "fuera_tolerancia": true, "longitud_m": 60.648918966337504, "tipo": "highway.unclassified" }, "geometry": { "type": "LineString", "coordinates": [ [ -74.018547356465106, 4.764037760721041 ], [ -74.018524601852874, 4.76412483514733 ], [ -74.018512536192873, 4.764176919250966 ], [ -74.018500313039553, 4.764212902372032 ], [ -74.018490711686937, 4.764243914282229 ], [ -74.018478935115056, 4.764282883011671 ], [ -74.018465006160781, 4.76431370783579 ], [ -74.018438647926757, 4.764398696675184 ], [ -74.018417785177945, 4.764486859237003 ], [ -74.018400912978009, 4.76455856492315 ], [ -74.018400542956044, 4.764565167514075 ] ] } },
{ "type": "Feature", "properties": { "edge_id": "-1164694142#3", "fuera_tolerancia": true, "longitud_m": 60.242115350405456, "tipo": "highway.primary" }, "geometry": { "type": "LineString", "coordinates": [ [ -74.022161466571731, 4.674905744430861 ], [ -74.022159572120941, 4.674906646326837 ], [ -74.022095536701514, 4.674926275921446 ], [ -74.022023935642125, 4.674940739069553 ], [ -74.021935849393742, 4.674946043340329 ], [ -74.021896633929813, 4.674945445867268 ], [ -74.021853992807493, 4.674944753155128 ], [ -74.021767273147688, 4.674939747555851 ], [ -74.021672985222423, 4.674931475033343 ], [ -74.02162458603199, 4.674922362044518 ] ] } },
{ "type": "Feature", "properties": { "edge_id": "-1164694142#1", "fuera_tolerancia": true, "longitud_m": 60.112139824700058, "tipo": "highway.primary" }, "geometry": { "type": "LineString", "coordinates": [ [ -74.021468163371196, 4.674863348482369 ], [ -74.021412490979955, 4.674833239994854 ], [ -74.021354402433019, 4.67479019320773 ], [ -74.021300194328376, 4.674744347764165 ], [ -74.021252218780944, 4.67468982744146 ], [ -74.021213170313288, 4.674633872324451 ], [ -74.021174231460293, 4.674563896991245 ], [ -74.02112226624682, 4.674460978206504 ] ] } },
{ "type": "Feature", "properties": { "edge_id": "-29505641#0", "fuera_tolerancia": true, "longitud_m": 60.029672366798422, "tipo": "highway.unclassified" }, "geometry": { "type": "LineString", "coordinates": [ [ -74.018429302736081, 4.764566927195013 ], [ -74.018429579129602, 4.764562766719936 ], [ -74.018445906880444, 4.764493502504831 ], [ -74.018466407560169, 4.764406334415185 ], [ -74.018492040633205, 4.764324058149644 ], [ -74.018505969843289, 4.764293052417764 ], [ -74.018518289705256, 4.76425245629667 ], [ -74.018527710216446, 4.764221805942495 ], [ -74.018540295306167, 4.764184918800399 ], [ -74.018552542831173, 4.764131749511162 ], [ -74.018575296927352, 4.764045036897327 ] ] } },
{ "type": "Feature", "properties": { "edge_id": "-1022168846", "fuera_tolerancia": true, "longitud_m": 59.33913851069493, "tipo": "highway.residential" }, "geometry": { "type": "LineString", "coordinates": [ [ -74.011074724417981, 4.664864200645111 ], [ -74.011544678253927, 4.664608064240636 ] ] } },
{ "type": "Feature", "properties": { "edge_id": "1022168846", "fuera_tolerancia": true, "longitud_m": 59.325568863365284, "tipo": "highway.residential" }, "geometry": { "type": "LineString", "coordinates": [ [ -74.011530830476318, 4.664582717693965 ], [ -74.011060966933314, 4.664838763765289 ] ] } },
{ "type": "Feature", "properties": { "edge_id": "29505641#3", "fuera_tolerancia": true, "longitud_m": 58.059016541549497, "tipo": "highway.unclassified" }, "geometry": { "type": "LineString", "coordinates": [ [ -74.017532386976015, 4.764034683070505 ], [ -74.017473918702493, 4.764000860309141 ], [ -74.017330690884108, 4.763970986832567 ], [ -74.017025742776639, 4.763917545117562 ] ] } },
{ "type": "Feature", "properties": { "edge_id": "-29505641#3", "fuera_tolerancia": true, "longitud_m": 56.934009616540301, "tipo": "highway.unclassified" }, "geometry": { "type": "LineString", "coordinates": [ [ -74.017020743308777, 4.763946030871103 ], [ -74.017325240738003, 4.763999381493048 ], [ -74.017463601011528, 4.764028343479827 ], [ -74.017518015391616, 4.764059718200959 ] ] } },
{ "type": "Feature", "properties": { "edge_id": "77372779#0", "fuera_tolerancia": true, "longitud_m": 56.76867660208854, "tipo": "highway.primary" }, "geometry": { "type": "LineString", "coordinates": [ [ -74.01072649628118, 4.664202583720251 ], [ -74.010774818290955, 4.664330553379248 ], [ -74.010795929624223, 4.664383498556563 ], [ -74.010913882304436, 4.664680262528465 ] ] } },
{ "type": "Feature", "properties": { "edge_id": "-77372779#0", "fuera_tolerancia": true, "longitud_m": 56.705278470431182, "tipo": "highway.primary" }, "geometry": { "type": "LineString", "coordinates": [ [ -74.010938958350607, 4.664670167035018 ], [ -74.010821005659778, 4.66437340306536 ], [ -74.010800074372568, 4.664320639049573 ], [ -74.010751751851842, 4.664193031205669 ] ] } },
{ "type": "Feature", "properties": { "edge_id": "978327365", "fuera_tolerancia": true, "longitud_m": 54.200830179909289, "tipo": "highway.service" }, "geometry": { "type": "LineString", "coordinates": [ [ -74.045002765633342, 4.759409646862991 ], [ -74.045020463542031, 4.759456345893104 ], [ -74.045065487302779, 4.759498560117566 ], [ -74.045110359795288, 4.759519698253116 ], [ -74.045204642527494, 4.759540543116923 ], [ -74.045279311831933, 4.759530696715721 ], [ -74.045344554706077, 4.759491258637251 ], [ -74.045395851860164, 4.759430273057611 ] ] } },
{ "type": "Feature", "properties": { "edge_id": "810567541", "fuera_tolerancia": true, "longitud_m": 51.699828742447679, "tipo": "highway.residential" }, "geometry": { "type": "LineString", "coordinates": [ [ -74.019834913464976, 4.673990988798243 ], [ -74.019824077749519, 4.674003546740904 ], [ -74.019793050740518, 4.674014086451761 ], [ -74.019724516080458, 4.674027739578535 ], [ -74.019631750255613, 4.674027157526544 ], [ -74.019599385798116, 4.674027021790841 ], [ -74.01955177495978, 4.674034553306429 ], [ -74.019520907381406, 4.674060108582271 ], [ -74.019511477003093, 4.674099352399217 ], [ -74.019518780958606, 4.674163042197632 ], [ -74.019523338354617, 4.674192084291498 ] ] } },
{ "type": "Feature", "properties": { "edge_id": "1050702082#0", "fuera_tolerancia": true, "longitud_m": 51.127266982636961, "tipo": "highway.secondary" }, "geometry": { "type": "LineString", "coordinates": [ [ -74.047925623318477, 4.684485737791622 ], [ -74.047858683307098, 4.684519386226476 ], [ -74.047797410396527, 4.684562359202598 ], [ -74.047743067844266, 4.68461384434975 ], [ -74.047697009430152, 4.684672758057419 ], [ -74.047660048132741, 4.684737925524132 ], [ -74.047633178096888, 4.684807539012603 ], [ -74.047630389056209, 4.684819950115776 ] ] } },
{ "type": "Feature", "properties": { "edge_id": "-810567540#0", "fuera_tolerancia": true, "longitud_m": 49.291169054269531, "tipo": "highway.residential" }, "geometry": { "type": "LineString", "coordinates": [ [ -74.019551832692258, 4.674187601465713 ], [ -74.019547454844798, 4.674159102346707 ], [ -74.019540683752524, 4.674101202346256 ], [ -74.01954666848745, 4.674076245430983 ], [ -74.019563997670033, 4.674061887500673 ], [ -74.019601509218347, 4.674055970025362 ], [ -74.019631529723966, 4.674056102481814 ], [ -74.019727180418187, 4.674056688570475 ], [ -74.019800404244634, 4.674042137464001 ], [ -74.019840811341254, 4.674028535439515 ], [ -74.019859412701152, 4.674006942963441 ] ] } },
{ "type": "Feature", "properties": { "edge_id": "-1022168376", "fuera_tolerancia": true, "longitud_m": 47.702107667507335, "tipo": "highway.residential" }, "geometry": { "type": "LineString", "coordinates": [ [ -74.019612767074975, 4.674258602621609 ], [ -74.019752800899781, 4.674238898672424 ], [ -74.019865516381728, 4.674220784651874 ], [ -74.020035059461918, 4.674179865239974 ] ] } },
{ "type": "Feature", "properties": { "edge_id": "1022168376", "fuera_tolerancia": true, "longitud_m": 47.388447334828214, "tipo": "highway.residential" }, "geometry": { "type": "LineString", "coordinates": [ [ -74.020028247111412, 4.674151634076973 ], [ -74.019859786114509, 4.674192374094324 ], [ -74.019748513321815, 4.674210309225285 ], [ -74.019608750084828, 4.674229923099444 ] ] } },
{ "type": "Feature", "properties": { "edge_id": "1320388512", "fuera_tolerancia": true, "longitud_m": 42.471052208179408, "tipo": "highway.service" }, "geometry": { "type": "LineString", "coordinates": [ [ -74.02155068887815, 4.674967304933281 ], [ -74.0215156192113, 4.675032563739066 ], [ -74.021531272441962, 4.67505655591127 ], [ -74.021559200808355, 4.675070163017772 ], [ -74.021807357658844, 4.675093756242487 ] ] } },
{ "type": "Feature", "properties": { "edge_id": "978326202", "fuera_tolerancia": true, "longitud_m": 41.643640881692527, "tipo": "highway.service" }, "geometry": { "type": "LineString", "coordinates": [ [ -74.046551616592097, 4.753105942854632 ], [ -74.046533748767402, 4.75305164545745 ], [ -74.04650748696325, 4.753003758713911 ], [ -74.046468679831534, 4.75296508096794 ], [ -74.046420659049645, 4.75293878273341 ], [ -74.046367208723808, 4.752926859242271 ], [ -74.046312384814996, 4.752930311104233 ], [ -74.046276103003635, 4.752956673598358 ] ] } },
{ "type": "Feature", "properties": { "edge_id": "1022168377", "fuera_tolerancia": true, "longitud_m": 41.505283214374998, "tipo": "highway.service" }, "geometry": { "type": "LineString", "coordinates": [ [ -74.021393591849531, 4.674354711961369 ], [ -74.021309809061847, 4.674247316502094 ], [ -74.021258006021611, 4.674287405716071 ], [ -74.021121278317977, 4.674393317242944 ] ] } },
{ "type": "Feature", "properties": { "edge_id": "741972935#0", "fuera_tolerancia": true, "longitud_m": 41.426138079691071, "tipo": "highway.primary" }, "geometry": { "type": "LineString", "coordinates": [ [ -74.016872848804297, 4.672197118790596 ], [ -74.016883015284009, 4.672211967485255 ], [ -74.016919283933021, 4.672256883475384 ], [ -74.016969069048642, 4.67230634111407 ], [ -74.017001489910612, 4.672330628220529 ], [ -74.0170254452036, 4.672348662136587 ], [ -74.017080929675572, 4.672383926502542 ], [ -74.017154540076717, 4.672415326763682 ], [ -74.017165714234793, 4.672418689225305 ] ] } },
{ "type": "Feature", "properties": { "edge_id": "818942738", "fuera_tolerancia": true, "longitud_m": 41.425730176381322, "tipo": "highway.service" }, "geometry": { "type": "LineString", "coordinates": [ [ -74.012759273596728, 4.759374011667989 ], [ -74.012999705977151, 4.759270244458375 ], [ -74.013018147786354, 4.759236169913157 ], [ -74.013029070556598, 4.75916373227697 ] ] } },
{ "type": "Feature", "properties": { "edge_id": "-585751509#4", "fuera_tolerancia": true, "longitud_m": 41.303166025799413, "tipo": "highway.residential" }, "geometry": { "type": "LineString", "coordinates": [ [ -74.013765662049394, 4.759888778533734 ], [ -74.014088440578504, 4.759702635283807 ] ] } },
{ "type": "Feature", "properties": { "edge_id": "585751509#4", "fuera_tolerancia": true, "longitud_m": 41.303165857948876, "tipo": "highway.residential" }, "geometry": { "type": "LineString", "coordinates": [ [ -74.01407405030055, 4.759677468572366 ], [ -74.013751271782098, 4.759863611817313 ] ] } },
{ "type": "Feature", "properties": { "edge_id": "-1022261023", "fuera_tolerancia": true, "longitud_m": 41.161604506733873, "tipo": "highway.residential" }, "geometry": { "type": "LineString", "coordinates": [ [ -74.017565461968644, 4.764553391650692 ], [ -74.017595743695921, 4.764372256226935 ], [ -74.017615113435539, 4.764256141394113 ], [ -74.017602860024326, 4.764186384108902 ] ] } },
{ "type": "Feature", "properties": { "edge_id": "1022261023", "fuera_tolerancia": true, "longitud_m": 40.068103573144043, "tipo": "highway.residential" }, "geometry": { "type": "LineString", "coordinates": [ [ -74.017574451292447, 4.764191408923637 ], [ -74.017585900162445, 4.764256280561206 ], [ -74.017567258662012, 4.764367511934809 ], [ -74.017536976928, 4.764548647355833 ] ] } },
{ "type": "Feature", "properties": { "edge_id": "-741972935#0", "fuera_tolerancia": true, "longitud_m": 39.176653269910886, "tipo": "highway.primary" }, "geometry": { "type": "LineString", "coordinates": [ [ -74.017171701290408, 4.672392104177063 ], [ -74.017163771084469, 4.672389831710722 ], [ -74.017093584436182, 4.672359883514039 ], [ -74.017040802249724, 4.67232625110863 ], [ -74.017017657314639, 4.672308941960611 ], [ -74.016986767520493, 4.672285742448672 ], [ -74.016939323073572, 4.672238639894754 ], [ -74.016904674382772, 4.67219571616285 ], [ -74.016895227856423, 4.672181773016957 ] ] } },
{ "type": "Feature", "properties": { "edge_id": "812637890#1", "fuera_tolerancia": true, "longitud_m": 38.08921428727291, "tipo": "highway.residential" }, "geometry": { "type": "LineString", "coordinates": [ [ -74.022717758427007, 4.675649238684343 ], [ -74.022587419585975, 4.675568552745197 ], [ -74.022423478526321, 4.675665200229263 ] ] } },
{ "type": "Feature", "properties": { "edge_id": "-818942738", "fuera_tolerancia": true, "longitud_m": 38.075868004983015, "tipo": "highway.service" }, "geometry": { "type": "LineString", "coordinates": [ [ -74.013000585155595, 4.759159440112858 ], [ -74.012990390773808, 4.759226903846949 ], [ -74.012979181066569, 4.75924760163617 ], [ -74.01274795097703, 4.759347402083391 ] ] } },
{ "type": "Feature", "properties": { "edge_id": "-741972937#0", "fuera_tolerancia": true, "longitud_m": 37.015998175742482, "tipo": "highway.primary" }, "geometry": { "type": "LineString", "coordinates": [ [ -74.01404576802922, 4.666327489852733 ], [ -74.014022044300305, 4.66627291287376 ], [ -74.013985690992484, 4.666224378558161 ], [ -74.013952106995418, 4.66619402934922 ], [ -74.013901486504082, 4.666162208943349 ], [ -74.013854730134284, 4.666139258437545 ], [ -74.013799667263214, 4.666125341639384 ] ] } },
{ "type": "Feature", "properties": { "edge_id": "-1320388512", "fuera_tolerancia": true, "longitud_m": 35.740846226273248, "tipo": "highway.service" }, "geometry": { "type": "LineString", "coordinates": [ [ -74.021810102122188, 4.675064995700934 ], [ -74.021567173608389, 4.675041771597356 ], [ -74.021550957000258, 4.675033969904633 ], [ -74.021549157846039, 4.675031163317882 ], [ -74.021576092854332, 4.674980998966813 ] ] } },
{ "type": "Feature", "properties": { "edge_id": "1525638622", "fuera_tolerancia": true, "longitud_m": 35.675128717674419, "tipo": "highway.service" }, "geometry": { "type": "LineString", "coordinates": [ [ -74.046510232284305, 4.752646376932869 ], [ -74.046510226689435, 4.752650447375939 ], [ -74.046506324197139, 4.752668985141951 ], [ -74.046499810834746, 4.752684715207603 ], [ -74.046490143884213, 4.752698903184442 ], [ -74.046487886579015, 4.752701251877569 ], [ -74.046477502303517, 4.752712544318973 ], [ -74.046463783616687, 4.752722656239013 ], [ -74.046448085573189, 4.752729689968558 ], [ -74.046431309802259, 4.752733646754941 ], [ -74.046414627302738, 4.752735342308439 ], [ -74.04639524489005, 4.752733415947546 ], [ -74.046381185446194, 4.752729054680731 ], [ -74.046365778781777, 4.75272089246234 ], [ -74.046352177241047, 4.752711375924477 ], [ -74.046341464768346, 4.752699059295741 ], [ -74.046331205970645, 4.752684662842127 ], [ -74.04632518420749, 4.752670724523455 ], [ -74.046321062082939, 4.752652266110409 ], [ -74.046319812113666, 4.752643309389556 ], [ -74.046320365650814, 4.75263417425527 ], [ -74.046321095161332, 4.752628205270481 ], [ -74.046337063816011, 4.752621081463587 ] ] } },
{ "type": "Feature", "properties": { "edge_id": "-1022168377", "fuera_tolerancia": true, "longitud_m": 35.140578534754511, "tipo": "highway.service" }, "geometry": { "type": "LineString", "coordinates": [ [ -74.021138916376998, 4.674416226743687 ], [ -74.021275643958361, 4.674310405667633 ], [ -74.02130470431814, 4.674287832761122 ], [ -74.021370848663892, 4.67437259008713 ] ] } },
{ "type": "Feature", "properties": { "edge_id": "-1022248716", "fuera_tolerancia": true, "longitud_m": 34.586532661070812, "tipo": "highway.service" }, "geometry": { "type": "LineString", "coordinates": [ [ -74.018759111804769, 4.764510683515023 ], [ -74.018637019772825, 4.764517836003583 ], [ -74.018566842784537, 4.764538630633698 ], [ -74.018520298817208, 4.764552313152192 ], [ -74.018461913765066, 4.76458687356462 ] ] } },
{ "type": "Feature", "properties": { "edge_id": "-600452304", "fuera_tolerancia": true, "longitud_m": 34.237768074869557, "tipo": "highway.residential" }, "geometry": { "type": "LineString", "coordinates": [ [ -74.022438048594324, 4.675690185872712 ], [ -74.02258701208693, 4.675602381981857 ], [ -74.022702668889153, 4.675673821127212 ] ] } },
{ "type": "Feature", "properties": { "edge_id": "741972937#0", "fuera_tolerancia": true, "longitud_m": 34.15871159283958, "tipo": "highway.primary" }, "geometry": { "type": "LineString", "coordinates": [ [ -74.013793049512032, 4.666151654400285 ], [ -74.013845318591137, 4.666164934097366 ], [ -74.013888291401983, 4.666185889304432 ], [ -74.013935669238961, 4.666215715171936 ], [ -74.0139656517443, 4.66624280298473 ], [ -74.013998585880515, 4.666286628899412 ], [ -74.014020602041711, 4.666337404419723 ] ] } },
{ "type": "Feature", "properties": { "edge_id": "1022248716", "fuera_tolerancia": true, "longitud_m": 33.064606974397023, "tipo": "highway.service" }, "geometry": { "type": "LineString", "coordinates": [ [ -74.018476575162794, 4.764611769260615 ], [ -74.018531801793088, 4.764579103865966 ], [ -74.018574918258821, 4.764566320991253 ], [ -74.01864202814491, 4.764546607427272 ], [ -74.018760874032409, 4.764539631213347 ] ] } },
{ "type": "Feature", "properties": { "edge_id": "-585751511#1", "fuera_tolerancia": true, "longitud_m": 32.873098361123461, "tipo": "highway.residential" }, "geometry": { "type": "LineString", "coordinates": [ [ -74.012690772288479, 4.759231629976309 ], [ -74.012970866731166, 4.759134613222352 ] ] } },
{ "type": "Feature", "properties": { "edge_id": "585751511#1", "fuera_tolerancia": true, "longitud_m": 32.86364825502897, "tipo": "highway.residential" }, "geometry": { "type": "LineString", "coordinates": [ [ -74.01296143855518, 4.75910728272842 ], [ -74.012681434286662, 4.759204299609976 ] ] } },
{ "type": "Feature", "properties": { "edge_id": "1022168862", "fuera_tolerancia": true, "longitud_m": 31.902996078833162, "tipo": "highway.service" }, "geometry": { "type": "LineString", "coordinates": [ [ -74.010708709801136, 4.664865855882385 ], [ -74.010729746937955, 4.664907403788434 ], [ -74.010752624437103, 4.664922270436326 ], [ -74.010777506140073, 4.6649222150416 ], [ -74.01095312766131, 4.664852270371151 ] ] } },
{ "type": "Feature", "properties": { "edge_id": "-1022168864", "fuera_tolerancia": true, "longitud_m": 27.120449330344336, "tipo": "highway.residential" }, "geometry": { "type": "LineString", "coordinates": [ [ -74.010400338660048, 4.664519073983021 ], [ -74.010494759748454, 4.664430924218753 ], [ -74.010540345421362, 4.664388384753542 ], [ -74.010552408248003, 4.664336390858172 ] ] } },
{ "type": "Feature", "properties": { "edge_id": "-1022168862", "fuera_tolerancia": true, "longitud_m": 27.064397763405175, "tipo": "highway.service" }, "geometry": { "type": "LineString", "coordinates": [ [ -74.010942437328325, 4.664825390550948 ], [ -74.010771957311817, 4.664893262028542 ], [ -74.010761139108979, 4.664893337239245 ], [ -74.01075195209981, 4.664887354348093 ], [ -74.010734421214693, 4.664852685866697 ] ] } },
{ "type": "Feature", "properties": { "edge_id": "-1022248715", "fuera_tolerancia": true, "longitud_m": 25.33557671494157, "tipo": "highway.residential" }, "geometry": { "type": "LineString", "coordinates": [ [ -74.017845701094359, 4.764609963772218 ], [ -74.017817441856295, 4.76438261332277 ] ] } },
{ "type": "Feature", "properties": { "edge_id": "1022248715", "fuera_tolerancia": true, "longitud_m": 25.335576511118596, "tipo": "highway.residential" }, "geometry": { "type": "LineString", "coordinates": [ [ -74.017788764679111, 4.764386190502763 ], [ -74.017817023907412, 4.764613540951449 ] ] } },
{ "type": "Feature", "properties": { "edge_id": "1074554509#0", "fuera_tolerancia": true, "longitud_m": 24.859773235044507, "tipo": "highway.secondary" }, "geometry": { "type": "LineString", "coordinates": [ [ -74.052118781247501, 4.686000153007951 ], [ -74.052125366095751, 4.685964047868287 ], [ -74.052144257252266, 4.68586086458571 ], [ -74.052159152850336, 4.68577902321083 ] ] } },
{ "type": "Feature", "properties": { "edge_id": "1022168864", "fuera_tolerancia": true, "longitud_m": 24.675564363649599, "tipo": "highway.residential" }, "geometry": { "type": "LineString", "coordinates": [ [ -74.010523292783105, 4.664334088486157 ], [ -74.01051422302929, 4.664373151715441 ], [ -74.010475136554206, 4.664409730392173 ], [ -74.010380715467306, 4.664497880153934 ] ] } },
{ "type": "Feature", "properties": { "edge_id": "1074554503#0", "fuera_tolerancia": true, "longitud_m": 24.571791958343908, "tipo": "highway.secondary" }, "geometry": { "type": "LineString", "coordinates": [ [ -74.051990052788895, 4.685756813374158 ], [ -74.051977056752946, 4.685833953669793 ], [ -74.051959970003566, 4.685936144388068 ], [ -74.051953290026688, 4.685975935427491 ] ] } },
{ "type": "Feature", "properties": { "edge_id": "1022168856", "fuera_tolerancia": true, "longitud_m": 24.568672209223461, "tipo": "highway.service" }, "geometry": { "type": "LineString", "coordinates": [ [ -74.011532413455853, 4.666029165886336 ], [ -74.011465623155374, 4.66608533405674 ], [ -74.011455934753712, 4.666115531963885 ], [ -74.011461841176356, 4.666146656372126 ], [ -74.011505575891846, 4.66620288974559 ] ] } },
{ "type": "Feature", "properties": { "edge_id": "961101735#0", "fuera_tolerancia": true, "longitud_m": 24.005045531924839, "tipo": "highway.secondary" }, "geometry": { "type": "LineString", "coordinates": [ [ -74.043372879657795, 4.682727237755402 ], [ -74.043419169030074, 4.682631147869519 ], [ -74.043468346871776, 4.682532438745589 ] ] } },
{ "type": "Feature", "properties": { "edge_id": "179224656", "fuera_tolerancia": true, "longitud_m": 23.992304971027572, "tipo": "highway.service" }, "geometry": { "type": "LineString", "coordinates": [ [ -74.051031003783791, 4.723165134503089 ], [ -74.051033070312997, 4.723170383700881 ], [ -74.051071363008617, 4.723188798394095 ], [ -74.051113921100921, 4.723186685714717 ], [ -74.051150105186295, 4.723164483377591 ], [ -74.051171162320131, 4.723127697141878 ], [ -74.051185639920917, 4.72308936417414 ] ] } },
{ "type": "Feature", "properties": { "edge_id": "-1022168861", "fuera_tolerancia": true, "longitud_m": 23.654104271603099, "tipo": "highway.service" }, "geometry": { "type": "LineString", "coordinates": [ [ -74.008705221550855, 4.664528260864794 ], [ -74.008758480612059, 4.664735384528608 ] ] } },
{ "type": "Feature", "properties": { "edge_id": "179224657", "fuera_tolerancia": true, "longitud_m": 22.464691360770825, "tipo": "highway.service" }, "geometry": { "type": "LineString", "coordinates": [ [ -74.05113741253345, 4.723415206321418 ], [ -74.051133500737606, 4.723374586827888 ], [ -74.051118674143126, 4.723338022859224 ], [ -74.051088866610655, 4.723312112041053 ], [ -74.051050471943881, 4.723302380854773 ], [ -74.051011871873044, 4.723311102134923 ], [ -74.051009523552366, 4.723314174379582 ] ] } },
{ "type": "Feature", "properties": { "edge_id": "1022168861", "fuera_tolerancia": true, "longitud_m": 22.074799945412913, "tipo": "highway.service" }, "geometry": { "type": "LineString", "coordinates": [ [ -74.008783478574799, 4.664716695909298 ], [ -74.008733715969029, 4.66452341659522 ] ] } },
{ "type": "Feature", "properties": { "edge_id": "-1022168863#1", "fuera_tolerancia": true, "longitud_m": 21.691697458337302, "tipo": "highway.service" }, "geometry": { "type": "LineString", "coordinates": [ [ -74.010475730074845, 4.664822923849365 ], [ -74.01058001471587, 4.664837091149349 ], [ -74.010670258529458, 4.664835047431529 ] ] } },
{ "type": "Feature", "properties": { "edge_id": "1022168863#1", "fuera_tolerancia": true, "longitud_m": 21.191124032746202, "tipo": "highway.service" }, "geometry": { "type": "LineString", "coordinates": [ [ -74.01066957783928, 4.664806101278479 ], [ -74.010581677945524, 4.664808148300179 ], [ -74.010479556670063, 4.664794164957822 ] ] } },
{ "type": "Feature", "properties": { "edge_id": "1022168863#0", "fuera_tolerancia": true, "longitud_m": 19.624544125202398, "tipo": "highway.service" }, "geometry": { "type": "LineString", "coordinates": [ [ -74.010897963773886, 4.6647174165892 ], [ -74.010736043155219, 4.664788827816858 ] ] } },
{ "type": "Feature", "properties": { "edge_id": "-1022168863#0", "fuera_tolerancia": true, "longitud_m": 19.615393288372278, "tipo": "highway.service" }, "geometry": { "type": "LineString", "coordinates": [ [ -74.010747725642688, 4.66481534722149 ], [ -74.010909556116758, 4.664743935865229 ] ] } },
{ "type": "Feature", "properties": { "edge_id": "-1022168856", "fuera_tolerancia": true, "longitud_m": 19.533674935328769, "tipo": "highway.service" }, "geometry": { "type": "LineString", "coordinates": [ [ -74.01152831895341, 4.666185011932917 ], [ -74.011488903630166, 4.666134392776438 ], [ -74.011485681990393, 4.666117382934266 ], [ -74.011490481241935, 4.666102193463348 ], [ -74.011550953521279, 4.666051353164579 ] ] } },
{ "type": "Feature", "properties": { "edge_id": "741972937#3", "fuera_tolerancia": true, "longitud_m": 18.001890912231559, "tipo": "highway.primary" }, "geometry": { "type": "LineString", "coordinates": [ [ -74.012635413348647, 4.667769059058022 ], [ -74.012631695913839, 4.667784250061247 ], [ -74.012622501516816, 4.667848007034831 ], [ -74.01261616577726, 4.667930491962363 ] ] } },
{ "type": "Feature", "properties": { "edge_id": "-741972937#3", "fuera_tolerancia": true, "longitud_m": 17.504100636692904, "tipo": "highway.primary" }, "geometry": { "type": "LineString", "coordinates": [ [ -74.012643208317684, 4.667932520001601 ], [ -74.012649362487679, 4.667850939355429 ], [ -74.012658192990926, 4.667789533667134 ], [ -74.012661638328424, 4.667775518179875 ] ] } },
{ "type": "Feature", "properties": { "edge_id": "29505641#2", "fuera_tolerancia": true, "longitud_m": 15.730746958217136, "tipo": "highway.unclassified" }, "geometry": { "type": "LineString", "coordinates": [ [ -74.017769320338473, 4.764237275981273 ], [ -74.017729617752494, 4.764195248759366 ], [ -74.017666492019075, 4.76413952956816 ] ] } },
{ "type": "Feature", "properties": { "edge_id": "-29505641#2", "fuera_tolerancia": true, "longitud_m": 15.440661515581972, "tipo": "highway.unclassified" }, "geometry": { "type": "LineString", "coordinates": [ [ -74.017647436678757, 4.764161211224415 ], [ -74.017709571895978, 4.764216024465634 ], [ -74.017748374129013, 4.764257145865719 ] ] } },
{ "type": "Feature", "properties": { "edge_id": "628606863#1", "fuera_tolerancia": true, "longitud_m": 13.82117671383733, "tipo": "highway.service" }, "geometry": { "type": "LineString", "coordinates": [ [ -74.016213672311878, 4.670893386992041 ], [ -74.016267109321646, 4.670780485084563 ] ] } },
{ "type": "Feature", "properties": { "edge_id": "-628606863#1", "fuera_tolerancia": true, "longitud_m": 13.816901356997628, "tipo": "highway.service" }, "geometry": { "type": "LineString", "coordinates": [ [ -74.016240982645954, 4.670768056250398 ], [ -74.016187635785343, 4.670880958281731 ] ] } },
{ "type": "Feature", "properties": { "edge_id": "741972937#4", "fuera_tolerancia": true, "longitud_m": 13.176515411461324, "tipo": "highway.primary" }, "geometry": { "type": "LineString", "coordinates": [ [ -74.012610118310278, 4.668064716854504 ], [ -74.01260733739305, 4.6681838405625 ] ] } },
{ "type": "Feature", "properties": { "edge_id": "-741972937#4", "fuera_tolerancia": true, "longitud_m": 13.166515414833901, "tipo": "highway.primary" }, "geometry": { "type": "LineString", "coordinates": [ [ -74.012634381966123, 4.668184421346557 ], [ -74.01263716275237, 4.668065388091086 ] ] } },
{ "type": "Feature", "properties": { "edge_id": "77372779#4", "fuera_tolerancia": true, "longitud_m": 11.346387193486112, "tipo": "highway.primary" }, "geometry": { "type": "LineString", "coordinates": [ [ -74.011595222501029, 4.666047887808427 ], [ -74.011633488895711, 4.666082042758608 ], [ -74.011673922962274, 4.666113306239575 ] ] } },
{ "type": "Feature", "properties": { "edge_id": "-77372779#4", "fuera_tolerancia": true, "longitud_m": 11.145712560748516, "tipo": "highway.primary" }, "geometry": { "type": "LineString", "coordinates": [ [ -74.011690450545217, 4.666091891971693 ], [ -74.011650827203425, 4.66606108190212 ], [ -74.011613190978608, 4.666027561016577 ] ] } },
{ "type": "Feature", "properties": { "edge_id": "628606861#0", "fuera_tolerancia": true, "longitud_m": 10.546766831480705, "tipo": "highway.residential" }, "geometry": { "type": "LineString", "coordinates": [ [ -74.015755502460891, 4.671876610556798 ], [ -74.015663943950116, 4.671850974018471 ] ] } },
{ "type": "Feature", "properties": { "edge_id": "-628606861#0", "fuera_tolerancia": true, "longitud_m": 10.537128986143598, "tipo": "highway.residential" }, "geometry": { "type": "LineString", "coordinates": [ [ -74.015656242075295, 4.671878913443152 ], [ -74.015747710437324, 4.671904549856598 ] ] } },
{ "type": "Feature", "properties": { "edge_id": "795754243#0", "fuera_tolerancia": true, "longitud_m": 4.8066334996379858, "tipo": "highway.residential" }, "geometry": { "type": "LineString", "coordinates": [ [ -74.010646603529182, 4.664216310578384 ], [ -74.010605116680892, 4.664228825191358 ] ] } },
{ "type": "Feature", "properties": { "edge_id": "-795754243#0", "fuera_tolerancia": true, "longitud_m": 4.7970594588334885, "tipo": "highway.residential" }, "geometry": { "type": "LineString", "coordinates": [ [ -74.010613461942029, 4.664256515791787 ], [ -74.010654858641459, 4.664244001051626 ] ] } },
{ "type": "Feature", "properties": { "edge_id": "-77372779#1", "fuera_tolerancia": true, "longitud_m": 3.5959712629969816, "tipo": "highway.primary" }, "geometry": { "type": "LineString", "coordinates": [ [ -74.010982348457532, 4.66477931536739 ], [ -74.01097040069817, 4.664749086987915 ] ] } },
{ "type": "Feature", "properties": { "edge_id": "77372779#1", "fuera_tolerancia": true, "longitud_m": 3.5904023451791365, "tipo": "highway.primary" }, "geometry": { "type": "LineString", "coordinates": [ [ -74.010945234498536, 4.664759182354963 ], [ -74.010957272534014, 4.664789320408107 ] ] } }
]
}
